focal_id,issn_clean,SJR Best Quartile,journal_norm,quartile_mode_15y,quartile_avg_round_15y,quartile_mode_15y_label,quartile_avg_round_15y_label,SJR Best Quartile__norm,SJR Best Quartile_bin_Q1,SJR Best Quartile_ord_1to5,SJR Best Quartile_bin_Q12,SJR Best Quartile_bin_Q123,quartile_mode_15y__norm,quartile_mode_15y_bin_Q1,quartile_mode_15y_ord_1to5,quartile_mode_15y_bin_Q12,quartile_mode_15y_bin_Q123,quartile_avg_round_15y__norm,quartile_avg_round_15y_bin_Q1,quartile_avg_round_15y_ord_1to5,quartile_avg_round_15y_bin_Q12,quartile_avg_round_15y_bin_Q123,quartile_numeric
https://openalex.org/W112679860,00224065,Q1,,1,1,Q1,Q1,Q1,1,1,1,1,Q1,1,1,1,1,Q1,1,1,1,1,1
https://openalex.org/W123496065,08956308,Q1,,2,2,Q2,Q2,Q1,1,1,1,1,Q2,0,2,1,1,Q2,0,2,1,1,1
https://openalex.org/W140229332,00213624,Q1,,2,2,Q2,Q2,Q1,1,1,1,1,Q2,0,2,1,1,Q2,0,2,1,1,1
https://openalex.org/W145704741,00198501,Q1,,1,1,Q1,Q1,Q1,1,1,1,1,Q1,1,1,1,1,Q1,1,1,1,1,1
https://openalex.org/W1479901483,08839026,Q1,,1,1,Q1,Q1,Q1,1,1,1,1,Q1,1,1,1,1,Q1,1,1,1,1,1
https://openalex.org/W1508366956,01425455,Q1,,2,2,Q2,Q2,Q1,1,1,1,1,Q2,0,2,1,1,Q2,0,2,1,1,1
https://openalex.org/W1510615428,0022166X,Q1,,1,1,Q1,Q1,Q1,1,1,1,1,Q1,1,1,1,1,Q1,1,1,1,1,1
https://openalex.org/W1518660991,00483486,Q2,,2,2,Q2,Q2,Q2,0,2,1,1,Q2,0,2,1,1,Q2,0,2,1,1,0
https://openalex.org/W1519438511,08961530,Q2,,2,2,Q2,Q2,Q2,0,2,1,1,Q2,0,2,1,1,Q2,0,2,1,1,0
https://openalex.org/W1519690358,02621711,Q2,,2,2,Q2,Q2,Q2,0,2,1,1,Q2,0,2,1,1,Q2,0,2,1,1,0
https://openalex.org/W1525826344,14637154,Q2,,1,1,Q1,Q1,Q2,0,2,1,1,Q1,1,1,1,1,Q1,1,1,1,1,0
https://openalex.org/W1537326340,02621711,Q2,,2,2,Q2,Q2,Q2,0,2,1,1,Q2,0,2,1,1,Q2,0,2,1,1,0
https://openalex.org/W1539799364,01437720,Q3,,3,3,Q3,Q3,Q3,0,3,0,1,Q3,0,3,0,1,Q3,0,3,0,1,0
https://openalex.org/W1542245027,01425455,Q1,,2,2,Q2,Q2,Q1,1,1,1,1,Q2,0,2,1,1,Q2,0,2,1,1,1
https://openalex.org/W1546498684,01482963,Q1,,1,1,Q1,Q1,Q1,1,1,1,1,Q1,1,1,1,1,Q1,1,1,1,1,1
https://openalex.org/W1547128628,00981818,Q1,,2,2,Q2,Q2,Q1,1,1,1,1,Q2,0,2,1,1,Q2,0,2,1,1,1
https://openalex.org/W1547802382,01608061,Q1,,3,3,Q3,Q3,Q1,1,1,1,1,Q3,0,3,0,1,Q3,0,3,0,1,1
https://openalex.org/W1557249045,02621711,Q2,,2,2,Q2,Q2,Q2,0,2,1,1,Q2,0,2,1,1,Q2,0,2,1,1,0
https://openalex.org/W1564684139,01674544,Q1,,1,1,Q1,Q1,Q1,1,1,1,1,Q1,1,1,1,1,Q1,1,1,1,1,1
https://openalex.org/W1566255917,01482963,Q1,,1,1,Q1,Q1,Q1,1,1,1,1,Q1,1,1,1,1,Q1,1,1,1,1,1
https://openalex.org/W1567329226,07359683,Q3,,3,3,Q3,Q3,Q3,0,3,0,1,Q3,0,3,0,1,Q3,0,3,0,1,0
https://openalex.org/W1580216811,01437720,Q3,,3,3,Q3,Q3,Q3,0,3,0,1,Q3,0,3,0,1,Q3,0,3,0,1,0
https://openalex.org/W1582424333,00472778,Q1,,1,1,Q1,Q1,Q1,1,1,1,1,Q1,1,1,1,1,Q1,1,1,1,1,1
https://openalex.org/W1583348599,00428736,-,,5,5,Unranked,Unranked,Unranked,0,5,0,0,Unranked,0,5,0,0,Unranked,0,5,0,0,0
https://openalex.org/W1592357338,0007070X,Q2,,2,2,Q2,Q2,Q2,0,2,1,1,Q2,0,2,1,1,Q2,0,2,1,1,0
https://openalex.org/W1604454030,02650487,-,,5,3,Unranked,Q3,Unranked,0,5,0,0,Unranked,0,5,0,0,Q3,0,3,0,1,0
https://openalex.org/W186597584,07421222,Q1,,1,1,Q1,Q1,Q1,1,1,1,1,Q1,1,1,1,1,Q1,1,1,1,1,1
https://openalex.org/W1875832464,10982140,Q2,,1,1,Q1,Q1,Q2,0,2,1,1,Q1,1,1,1,1,Q1,1,1,1,1,0
https://openalex.org/W1911287656,0015198X,Q2,,1,1,Q1,Q1,Q2,0,2,1,1,Q1,1,1,1,1,Q1,1,1,1,1,0
https://openalex.org/W1926291594,0015198X,Q2,,1,1,Q1,Q1,Q2,0,2,1,1,Q1,1,1,1,1,Q1,1,1,1,1,0
https://openalex.org/W1959391044,14635771,-,,1,1,Q1,Q1,Unranked,0,5,0,0,Q1,1,1,1,1,Q1,1,1,1,1,0
https://openalex.org/W1963668052,13552511,Q4,,2,2,Q2,Q2,Q4,0,4,0,0,Q2,0,2,1,1,Q2,0,2,1,1,0
https://openalex.org/W1963845080,00251747,Q2,,2,2,Q2,Q2,Q2,0,2,1,1,Q2,0,2,1,1,Q2,0,2,1,1,0
https://openalex.org/W1964443608,00251747,Q2,,2,2,Q2,Q2,Q2,0,2,1,1,Q2,0,2,1,1,Q2,0,2,1,1,0
https://openalex.org/W1964459852,0007070X,Q2,,2,2,Q2,Q2,Q2,0,2,1,1,Q2,0,2,1,1,Q2,0,2,1,1,0
https://openalex.org/W1964522283,00935301,Q1,,1,1,Q1,Q1,Q1,1,1,1,1,Q1,1,1,1,1,Q1,1,1,1,1,1
https://openalex.org/W1964713700,10356908,Q3,,3,3,Q3,Q3,Q3,0,3,0,1,Q3,0,3,0,1,Q3,0,3,0,1,0
https://openalex.org/W1964841027,10384111,Q3,,2,3,Q2,Q3,Q3,0,3,0,1,Q2,0,2,1,1,Q3,0,3,0,1,0
https://openalex.org/W1965075003,02637863,Q1,,1,1,Q1,Q1,Q1,1,1,1,1,Q1,1,1,1,1,Q1,1,1,1,1,1
https://openalex.org/W1965578218,09596119,Q3,,2,2,Q2,Q2,Q3,0,3,0,1,Q2,0,2,1,1,Q2,0,2,1,1,0
https://openalex.org/W1965686018,03085961,-,,5,5,Unranked,Unranked,Unranked,0,5,0,0,Unranked,0,5,0,0,Unranked,0,5,0,0,0
https://openalex.org/W1965768412,00076813,Q2,,1,1,Q1,Q1,Q2,0,2,1,1,Q1,1,1,1,1,Q1,1,1,1,1,0
https://openalex.org/W1966139184,09658564,-,,5,5,Unranked,Unranked,Unranked,0,5,0,0,Unranked,0,5,0,0,Unranked,0,5,0,0,0
https://openalex.org/W1966338194,00198501,Q1,,1,1,Q1,Q1,Q1,1,1,1,1,Q1,1,1,1,1,Q1,1,1,1,1,1
https://openalex.org/W1966362797,07339364,Q1,,1,1,Q1,Q1,Q1,1,1,1,1,Q1,1,1,1,1,Q1,1,1,1,1,1
https://openalex.org/W1966570090,08832323,Q2,,2,2,Q2,Q2,Q2,0,2,1,1,Q2,0,2,1,1,Q2,0,2,1,1,0
https://openalex.org/W1966658812,14626004,Q2,,2,2,Q2,Q2,Q2,0,2,1,1,Q2,0,2,1,1,Q2,0,2,1,1,0
https://openalex.org/W1966828257,1463578X,-,,2,2,Q2,Q2,Unranked,0,5,0,0,Q2,0,2,1,1,Q2,0,2,1,1,0
https://openalex.org/W1967099666,09696016,Q2,,1,1,Q1,Q1,Q2,0,2,1,1,Q1,1,1,1,1,Q1,1,1,1,1,0
https://openalex.org/W1967461016,07339364,Q1,,1,1,Q1,Q1,Q1,1,1,1,1,Q1,1,1,1,1,Q1,1,1,1,1,1
https://openalex.org/W1967495926,02615177,Q1,,1,1,Q1,Q1,Q1,1,1,1,1,Q1,1,1,1,1,Q1,1,1,1,1,1
https://openalex.org/W1968128799,05579325,Q1,,1,1,Q1,Q1,Q1,1,1,1,1,Q1,1,1,1,1,Q1,1,1,1,1,1
https://openalex.org/W1968262618,10525629,Q2,,2,2,Q2,Q2,Q2,0,2,1,1,Q2,0,2,1,1,Q2,0,2,1,1,0
https://openalex.org/W1968817361,05908876,Q4,,4,4,Q4,Q4,Q4,0,4,0,0,Q4,0,4,0,0,Q4,0,4,0,0,0
https://openalex.org/W1969212412,01976729,Q3,,2,2,Q2,Q2,Q3,0,3,0,1,Q2,0,2,1,1,Q2,0,2,1,1,0
https://openalex.org/W1969265413,0265671X,Q1,,1,1,Q1,Q1,Q1,1,1,1,1,Q1,1,1,1,1,Q1,1,1,1,1,1
https://openalex.org/W1969349522,09658564,-,,5,5,Unranked,Unranked,Unranked,0,5,0,0,Unranked,0,5,0,0,Unranked,0,5,0,0,0
https://openalex.org/W1969481673,01446193,Q2,,1,1,Q1,Q1,Q2,0,2,1,1,Q1,1,1,1,1,Q1,1,1,1,1,0
https://openalex.org/W1969596871,09565698,Q3,,3,3,Q3,Q3,Q3,0,3,0,1,Q3,0,3,0,1,Q3,0,3,0,1,0
https://openalex.org/W1969780934,02642751,Q2,,1,1,Q1,Q1,Q2,0,2,1,1,Q1,1,1,1,1,Q1,1,1,1,1,0
https://openalex.org/W1970017864,14715201,-,,3,3,Q3,Q3,Unranked,0,5,0,0,Q3,0,3,0,1,Q3,0,3,0,1,0
https://openalex.org/W1970126236,09526862,Q2,,2,2,Q2,Q2,Q2,0,2,1,1,Q2,0,2,1,1,Q2,0,2,1,1,0
https://openalex.org/W1970417167,08948453,Q2,,2,2,Q2,Q2,Q2,0,2,1,1,Q2,0,2,1,1,Q2,0,2,1,1,0
https://openalex.org/W1970491547,09255273,Q1,,1,1,Q1,Q1,Q1,1,1,1,1,Q1,1,1,1,1,Q1,1,1,1,1,1
https://openalex.org/W1970616524,02652323,Q2,,2,2,Q2,Q2,Q2,0,2,1,1,Q2,0,2,1,1,Q2,0,2,1,1,0
https://openalex.org/W1971144426,08832323,Q2,,2,2,Q2,Q2,Q2,0,2,1,1,Q2,0,2,1,1,Q2,0,2,1,1,0
https://openalex.org/W1971283722,01900692,-,,2,3,Q2,Q3,Unranked,0,5,0,0,Q2,0,2,1,1,Q3,0,3,0,1,0
https://openalex.org/W1971571318,01482963,Q1,,1,1,Q1,Q1,Q1,1,1,1,1,Q1,1,1,1,1,Q1,1,1,1,1,1
https://openalex.org/W1971907716,0734306X,Q1,,1,1,Q1,Q1,Q1,1,1,1,1,Q1,1,1,1,1,Q1,1,1,1,1,1
https://openalex.org/W1972156925,00094056,-,,5,5,Unranked,Unranked,Unranked,0,5,0,0,Unranked,0,5,0,0,Unranked,0,5,0,0,0
https://openalex.org/W1972221426,09556222,Q2,,2,2,Q2,Q2,Q2,0,2,1,1,Q2,0,2,1,1,Q2,0,2,1,1,0
https://openalex.org/W1972225102,00014788,Q3,,2,2,Q2,Q2,Q3,0,3,0,1,Q2,0,2,1,1,Q2,0,2,1,1,0
https://openalex.org/W1972387448,1226508X,Q3,,3,3,Q3,Q3,Q3,0,3,0,1,Q3,0,3,0,1,Q3,0,3,0,1,0
https://openalex.org/W1972994331,09658564,-,,5,5,Unranked,Unranked,Unranked,0,5,0,0,Unranked,0,5,0,0,Unranked,0,5,0,0,0
https://openalex.org/W1973706554,01446193,Q2,,1,1,Q1,Q1,Q2,0,2,1,1,Q1,1,1,1,1,Q1,1,1,1,1,0
https://openalex.org/W1973782740,00222429,Q1,,1,1,Q1,Q1,Q1,1,1,1,1,Q1,1,1,1,1,Q1,1,1,1,1,1
https://openalex.org/W1973956815,10429247,-,,5,5,Unranked,Unranked,Unranked,0,5,0,0,Unranked,0,5,0,0,Unranked,0,5,0,0,0
https://openalex.org/W1974213822,13533452,Q2,,2,2,Q2,Q2,Q2,0,2,1,1,Q2,0,2,1,1,Q2,0,2,1,1,0
https://openalex.org/W1975034403,09513574,Q2,,2,2,Q2,Q2,Q2,0,2,1,1,Q2,0,2,1,1,Q2,0,2,1,1,0
https://openalex.org/W1975294000,09545395,Q1,,1,1,Q1,Q1,Q1,1,1,1,1,Q1,1,1,1,1,Q1,1,1,1,1,1
https://openalex.org/W1975323984,00076813,Q2,,1,1,Q1,Q1,Q2,0,2,1,1,Q1,1,1,1,1,Q1,1,1,1,1,0
https://openalex.org/W1975652022,0960085X,-,,5,5,Unranked,Unranked,Unranked,0,5,0,0,Unranked,0,5,0,0,Unranked,0,5,0,0,0
https://openalex.org/W1975875128,02508281,-,,5,5,Unranked,Unranked,Unranked,0,5,0,0,Unranked,0,5,0,0,Unranked,0,5,0,0,0
https://openalex.org/W1975987200,10371656,Q4,,4,4,Q4,Q4,Q4,0,4,0,0,Q4,0,4,0,0,Q4,0,4,0,0,0
https://openalex.org/W1976008656,09571787,Q2,,2,2,Q2,Q2,Q2,0,2,1,1,Q2,0,2,1,1,Q2,0,2,1,1,0
https://openalex.org/W1976233442,10667938,Q4,,4,4,Q4,Q4,Q4,0,4,0,0,Q4,0,4,0,0,Q4,0,4,0,0,0
https://openalex.org/W1976406320,03085147,Q1,,1,1,Q1,Q1,Q1,1,1,1,1,Q1,1,1,1,1,Q1,1,1,1,1,1
https://openalex.org/W1976566279,09600035,Q2,,1,1,Q1,Q1,Q2,0,2,1,1,Q1,1,1,1,1,Q1,1,1,1,1,0
https://openalex.org/W1977092654,13552511,Q4,,2,2,Q2,Q2,Q4,0,4,0,0,Q2,0,2,1,1,Q2,0,2,1,1,0
https://openalex.org/W1978361971,02768739,Q1,,1,1,Q1,Q1,Q1,1,1,1,1,Q1,1,1,1,1,Q1,1,1,1,1,1
https://openalex.org/W1978818664,09638687,Q2,,1,1,Q1,Q1,Q2,0,2,1,1,Q1,1,1,1,1,Q1,1,1,1,1,0
https://openalex.org/W1978862321,01436228,Q2,,1,1,Q1,Q1,Q2,0,2,1,1,Q1,1,1,1,1,Q1,1,1,1,1,0
https://openalex.org/W1978917549,09504222,Q2,,2,2,Q2,Q2,Q2,0,2,1,1,Q2,0,2,1,1,Q2,0,2,1,1,0
https://openalex.org/W1979189996,00076813,Q2,,1,1,Q1,Q1,Q2,0,2,1,1,Q1,1,1,1,1,Q1,1,1,1,1,0
https://openalex.org/W1979749010,09658564,-,,5,5,Unranked,Unranked,Unranked,0,5,0,0,Unranked,0,5,0,0,Unranked,0,5,0,0,0
https://openalex.org/W1979789475,09513574,Q2,,2,2,Q2,Q2,Q2,0,2,1,1,Q2,0,2,1,1,Q2,0,2,1,1,0
https://openalex.org/W1979826157,01446193,Q2,,1,1,Q1,Q1,Q2,0,2,1,1,Q1,1,1,1,1,Q1,1,1,1,1,0
https://openalex.org/W1979886040,09596526,Q3,,1,1,Q1,Q1,Q3,0,3,0,1,Q1,1,1,1,1,Q1,1,1,1,1,0
https://openalex.org/W1980247795,07339364,Q1,,1,1,Q1,Q1,Q1,1,1,1,1,Q1,1,1,1,1,Q1,1,1,1,1,1
https://openalex.org/W1980287987,07485751,Q3,,3,3,Q3,Q3,Q3,0,3,0,1,Q3,0,3,0,1,Q3,0,3,0,1,0
https://openalex.org/W1980626775,00251747,Q2,,2,2,Q2,Q2,Q2,0,2,1,1,Q2,0,2,1,1,Q2,0,2,1,1,0
https://openalex.org/W1980717731,09556222,Q2,,2,2,Q2,Q2,Q2,0,2,1,1,Q2,0,2,1,1,Q2,0,2,1,1,0
https://openalex.org/W1981020613,15232409,-,,1,1,Q1,Q1,Unranked,0,5,0,0,Q1,1,1,1,1,Q1,1,1,1,1,0
https://openalex.org/W1981221041,02642751,Q2,,1,1,Q1,Q1,Q2,0,2,1,1,Q1,1,1,1,1,Q1,1,1,1,1,0
https://openalex.org/W1981849920,02675730,Q2,,2,2,Q2,Q2,Q2,0,2,1,1,Q2,0,2,1,1,Q2,0,2,1,1,0
https://openalex.org/W1981858391,00207780,Q2,,2,2,Q2,Q2,Q2,0,2,1,1,Q2,0,2,1,1,Q2,0,2,1,1,0
https://openalex.org/W1982037127,0160791X,Q2,,2,2,Q2,Q2,Q2,0,2,1,1,Q2,0,2,1,1,Q2,0,2,1,1,0
https://openalex.org/W1982113842,10523928,Q3,,1,2,Q1,Q2,Q3,0,3,0,1,Q1,1,1,1,1,Q2,0,2,1,1,0
https://openalex.org/W1982554537,10301763,-,,5,5,Unranked,Unranked,Unranked,0,5,0,0,Unranked,0,5,0,0,Unranked,0,5,0,0,0
https://openalex.org/W1982792314,00221856,Q1,,2,2,Q2,Q2,Q1,1,1,1,1,Q2,0,2,1,1,Q2,0,2,1,1,1
https://openalex.org/W1982802181,10185895,-,,2,2,Q2,Q2,Unranked,0,5,0,0,Q2,0,2,1,1,Q2,0,2,1,1,0
https://openalex.org/W1982877118,09585192,Q1,,1,1,Q1,Q1,Q1,1,1,1,1,Q1,1,1,1,1,Q1,1,1,1,1,1
https://openalex.org/W1983380146,02662426,Q1,,1,1,Q1,Q1,Q1,1,1,1,1,Q1,1,1,1,1,Q1,1,1,1,1,1
https://openalex.org/W1983585567,03638111,Q2,,2,2,Q2,Q2,Q2,0,2,1,1,Q2,0,2,1,1,Q2,0,2,1,1,0
https://openalex.org/W1983617709,00220787,Q2,,3,3,Q3,Q3,Q2,0,2,1,1,Q3,0,3,0,1,Q3,0,3,0,1,0
https://openalex.org/W1983654051,01471767,Q1,,1,1,Q1,Q1,Q1,1,1,1,1,Q1,1,1,1,1,Q1,1,1,1,1,1
https://openalex.org/W1983738955,09534814,Q2,,2,2,Q2,Q2,Q2,0,2,1,1,Q2,0,2,1,1,Q2,0,2,1,1,0
https://openalex.org/W1983958582,10835601,Q2,,2,2,Q2,Q2,Q2,0,2,1,1,Q2,0,2,1,1,Q2,0,2,1,1,0
https://openalex.org/W1984122890,14642859,Q4,,3,3,Q3,Q3,Q4,0,4,0,0,Q3,0,3,0,1,Q3,0,3,0,1,0
https://openalex.org/W1984490321,00207780,Q2,,2,2,Q2,Q2,Q2,0,2,1,1,Q2,0,2,1,1,Q2,0,2,1,1,0
https://openalex.org/W1984504292,00189391,Q2,,1,1,Q1,Q1,Q2,0,2,1,1,Q1,1,1,1,1,Q1,1,1,1,1,0
https://openalex.org/W1984590739,00076813,Q2,,1,1,Q1,Q1,Q2,0,2,1,1,Q1,1,1,1,1,Q1,1,1,1,1,0
https://openalex.org/W1985048288,0007070X,Q2,,2,2,Q2,Q2,Q2,0,2,1,1,Q2,0,2,1,1,Q2,0,2,1,1,0
https://openalex.org/W1985187448,09255273,Q1,,1,1,Q1,Q1,Q1,1,1,1,1,Q1,1,1,1,1,Q1,1,1,1,1,1
https://openalex.org/W1985304483,00401625,Q2,,1,1,Q1,Q1,Q2,0,2,1,1,Q1,1,1,1,1,Q1,1,1,1,1,0
https://openalex.org/W1985629980,08832323,Q2,,2,2,Q2,Q2,Q2,0,2,1,1,Q2,0,2,1,1,Q2,0,2,1,1,0
https://openalex.org/W1985848571,15232409,-,,1,1,Q1,Q1,Unranked,0,5,0,0,Q1,1,1,1,1,Q1,1,1,1,1,0
https://openalex.org/W1985908800,10523928,Q3,,1,2,Q1,Q2,Q3,0,3,0,1,Q1,1,1,1,1,Q2,0,2,1,1,0
https://openalex.org/W1985909471,00207780,Q2,,2,2,Q2,Q2,Q2,0,2,1,1,Q2,0,2,1,1,Q2,0,2,1,1,0
https://openalex.org/W1986102741,07495978,Q1,,1,1,Q1,Q1,Q1,1,1,1,1,Q1,1,1,1,1,Q1,1,1,1,1,1
https://openalex.org/W1986120988,10429247,-,,5,5,Unranked,Unranked,Unranked,0,5,0,0,Unranked,0,5,0,0,Unranked,0,5,0,0,0
https://openalex.org/W1986173463,02642751,Q2,,1,1,Q1,Q1,Q2,0,2,1,1,Q1,1,1,1,1,Q1,1,1,1,1,0
https://openalex.org/W1986387890,0887302X,Q3,,2,2,Q2,Q2,Q3,0,3,0,1,Q2,0,2,1,1,Q2,0,2,1,1,0
https://openalex.org/W1986459789,08832323,Q2,,2,2,Q2,Q2,Q2,0,2,1,1,Q2,0,2,1,1,Q2,0,2,1,1,0
https://openalex.org/W1986981725,09699988,Q2,,1,1,Q1,Q1,Q2,0,2,1,1,Q1,1,1,1,1,Q1,1,1,1,1,0
https://openalex.org/W1987066100,01605682,Q1,,1,1,Q1,Q1,Q1,1,1,1,1,Q1,1,1,1,1,Q1,1,1,1,1,1
https://openalex.org/W1987911663,10301763,-,,5,5,Unranked,Unranked,Unranked,0,5,0,0,Unranked,0,5,0,0,Unranked,0,5,0,0,0
https://openalex.org/W1987918860,03085147,Q1,,1,1,Q1,Q1,Q1,1,1,1,1,Q1,1,1,1,1,Q1,1,1,1,1,1
https://openalex.org/W1988196361,01664972,Q2,,1,1,Q1,Q1,Q2,0,2,1,1,Q1,1,1,1,1,Q1,1,1,1,1,0
https://openalex.org/W1988421817,0265671X,Q1,,1,1,Q1,Q1,Q1,1,1,1,1,Q1,1,1,1,1,Q1,1,1,1,1,1
https://openalex.org/W1988824047,10579214,Q2,,3,3,Q3,Q3,Q2,0,2,1,1,Q3,0,3,0,1,Q3,0,3,0,1,0
https://openalex.org/W1989456639,09255273,Q1,,1,1,Q1,Q1,Q1,1,1,1,1,Q1,1,1,1,1,Q1,1,1,1,1,1
https://openalex.org/W1991130919,03085961,-,,5,5,Unranked,Unranked,Unranked,0,5,0,0,Unranked,0,5,0,0,Unranked,0,5,0,0,0
https://openalex.org/W1991305487,02675730,Q2,,2,2,Q2,Q2,Q2,0,2,1,1,Q2,0,2,1,1,Q2,0,2,1,1,0
https://openalex.org/W1991439075,05579325,Q1,,1,1,Q1,Q1,Q1,1,1,1,1,Q1,1,1,1,1,Q1,1,1,1,1,1
https://openalex.org/W1991475006,02642069,Q2,,2,2,Q2,Q2,Q2,0,2,1,1,Q2,0,2,1,1,Q2,0,2,1,1,0
https://openalex.org/W1991571800,09699988,Q2,,1,1,Q1,Q1,Q2,0,2,1,1,Q1,1,1,1,1,Q1,1,1,1,1,0
https://openalex.org/W1991583639,09255273,Q1,,1,1,Q1,Q1,Q1,1,1,1,1,Q1,1,1,1,1,Q1,1,1,1,1,1
https://openalex.org/W1991787874,13527592,Q3,,3,3,Q3,Q3,Q3,0,3,0,1,Q3,0,3,0,1,Q3,0,3,0,1,0
https://openalex.org/W1991971356,09255273,Q1,,1,1,Q1,Q1,Q1,1,1,1,1,Q1,1,1,1,1,Q1,1,1,1,1,1
https://openalex.org/W1992711263,14715201,-,,3,3,Q3,Q3,Unranked,0,5,0,0,Q3,0,3,0,1,Q3,0,3,0,1,0
https://openalex.org/W1992719188,10610421,Q3,,2,2,Q2,Q2,Q3,0,3,0,1,Q2,0,2,1,1,Q2,0,2,1,1,0
https://openalex.org/W1992818446,08887993,Q2,,1,1,Q1,Q1,Q2,0,2,1,1,Q1,1,1,1,1,Q1,1,1,1,1,0
https://openalex.org/W1993316688,10743529,Q1,,2,2,Q2,Q2,Q1,1,1,1,1,Q2,0,2,1,1,Q2,0,2,1,1,1
https://openalex.org/W1993745602,01605682,Q1,,1,1,Q1,Q1,Q1,1,1,1,1,Q1,1,1,1,1,Q1,1,1,1,1,1
https://openalex.org/W1994000270,03085961,-,,5,5,Unranked,Unranked,Unranked,0,5,0,0,Unranked,0,5,0,0,Unranked,0,5,0,0,0
https://openalex.org/W1994033055,00400912,Q2,,2,2,Q2,Q2,Q2,0,2,1,1,Q2,0,2,1,1,Q2,0,2,1,1,0
https://openalex.org/W1994174994,0143831X,Q2,,1,1,Q1,Q1,Q2,0,2,1,1,Q1,1,1,1,1,Q1,1,1,1,1,0
https://openalex.org/W1994201446,00205346,Q3,,3,3,Q3,Q3,Q3,0,3,0,1,Q3,0,3,0,1,Q3,0,3,0,1,0
https://openalex.org/W1994528974,09696474,Q3,,2,2,Q2,Q2,Q3,0,3,0,1,Q2,0,2,1,1,Q2,0,2,1,1,0
https://openalex.org/W1994805899,09255273,Q1,,1,1,Q1,Q1,Q1,1,1,1,1,Q1,1,1,1,1,Q1,1,1,1,1,1
https://openalex.org/W1995313155,01437720,Q3,,3,3,Q3,Q3,Q3,0,3,0,1,Q3,0,3,0,1,Q3,0,3,0,1,0
https://openalex.org/W1996021822,01635840,Q1,,1,1,Q1,Q1,Q1,1,1,1,1,Q1,1,1,1,1,Q1,1,1,1,1,1
https://openalex.org/W1996148434,01425455,Q1,,2,2,Q2,Q2,Q1,1,1,1,1,Q2,0,2,1,1,Q2,0,2,1,1,1
https://openalex.org/W1996189363,03787206,Q1,,1,1,Q1,Q1,Q1,1,1,1,1,Q1,1,1,1,1,Q1,1,1,1,1,1
https://openalex.org/W1996472974,13527592,Q3,,3,3,Q3,Q3,Q3,0,3,0,1,Q3,0,3,0,1,Q3,0,3,0,1,0
https://openalex.org/W1996546452,00401625,Q2,,1,1,Q1,Q1,Q2,0,2,1,1,Q1,1,1,1,1,Q1,1,1,1,1,0
https://openalex.org/W1996958930,11217081,Q3,,2,2,Q2,Q2,Q3,0,3,0,1,Q2,0,2,1,1,Q2,0,2,1,1,0
https://openalex.org/W1997020049,02632373,Q2,,2,2,Q2,Q2,Q2,0,2,1,1,Q2,0,2,1,1,Q2,0,2,1,1,0
https://openalex.org/W1997068125,02786648,Q4,,4,4,Q4,Q4,Q4,0,4,0,0,Q4,0,4,0,0,Q4,0,4,0,0,0
https://openalex.org/W1997173798,10835601,Q2,,2,2,Q2,Q2,Q2,0,2,1,1,Q2,0,2,1,1,Q2,0,2,1,1,0
https://openalex.org/W1997365507,08943257,Q1,,1,1,Q1,Q1,Q1,1,1,1,1,Q1,1,1,1,1,Q1,1,1,1,1,1
https://openalex.org/W1997529716,08832323,Q2,,2,2,Q2,Q2,Q2,0,2,1,1,Q2,0,2,1,1,Q2,0,2,1,1,0
https://openalex.org/W1998268563,09596526,Q3,,1,1,Q1,Q1,Q3,0,3,0,1,Q1,1,1,1,1,Q1,1,1,1,1,0
https://openalex.org/W1998319635,13620436,Q3,,2,2,Q2,Q2,Q3,0,3,0,1,Q2,0,2,1,1,Q2,0,2,1,1,0
https://openalex.org/W1998544780,00904848,Q1,,1,1,Q1,Q1,Q1,1,1,1,1,Q1,1,1,1,1,Q1,1,1,1,1,1
https://openalex.org/W1998960900,00904848,Q1,,1,1,Q1,Q1,Q1,1,1,1,1,Q1,1,1,1,1,Q1,1,1,1,1,1
https://openalex.org/W1999059049,03616274,Q2,,2,2,Q2,Q2,Q2,0,2,1,1,Q2,0,2,1,1,Q2,0,2,1,1,0
https://openalex.org/W1999092572,01497189,Q2,,1,1,Q1,Q1,Q2,0,2,1,1,Q1,1,1,1,1,Q1,1,1,1,1,0
https://openalex.org/W1999104902,09255273,Q1,,1,1,Q1,Q1,Q1,1,1,1,1,Q1,1,1,1,1,Q1,1,1,1,1,1
https://openalex.org/W1999428144,09596119,Q3,,2,2,Q2,Q2,Q3,0,3,0,1,Q2,0,2,1,1,Q2,0,2,1,1,0
https://openalex.org/W2000112833,10356908,Q3,,3,3,Q3,Q3,Q3,0,3,0,1,Q3,0,3,0,1,Q3,0,3,0,1,0
https://openalex.org/W2000406585,02683962,Q3,,2,2,Q2,Q2,Q3,0,3,0,1,Q2,0,2,1,1,Q2,0,2,1,1,0
https://openalex.org/W2000682629,03638111,Q2,,2,2,Q2,Q2,Q2,0,2,1,1,Q2,0,2,1,1,Q2,0,2,1,1,0
https://openalex.org/W2000716595,13552554,Q2,,1,1,Q1,Q1,Q2,0,2,1,1,Q1,1,1,1,1,Q1,1,1,1,1,0
https://openalex.org/W2001094322,10963758,Q4,,4,4,Q4,Q4,Q4,0,4,0,0,Q4,0,4,0,0,Q4,0,4,0,0,0
https://openalex.org/W2001660077,10564926,Q1,,1,1,Q1,Q1,Q1,1,1,1,1,Q1,1,1,1,1,Q1,1,1,1,1,1
https://openalex.org/W2002011071,00076813,Q2,,1,1,Q1,Q1,Q2,0,2,1,1,Q1,1,1,1,1,Q1,1,1,1,1,0
https://openalex.org/W2002350536,02642069,Q2,,2,2,Q2,Q2,Q2,0,2,1,1,Q2,0,2,1,1,Q2,0,2,1,1,0
https://openalex.org/W2002396731,07363761,Q2,,1,1,Q1,Q1,Q2,0,2,1,1,Q1,1,1,1,1,Q1,1,1,1,1,0
https://openalex.org/W2002488409,02632373,Q2,,2,2,Q2,Q2,Q2,0,2,1,1,Q2,0,2,1,1,Q2,0,2,1,1,0
https://openalex.org/W2003291965,07339364,Q1,,1,1,Q1,Q1,Q1,1,1,1,1,Q1,1,1,1,1,Q1,1,1,1,1,1
https://openalex.org/W2004043788,0965075X,Q2,,1,1,Q1,Q1,Q2,0,2,1,1,Q1,1,1,1,1,Q1,1,1,1,1,0
https://openalex.org/W2004616133,13603736,-,,5,4,Unranked,Q4,Unranked,0,5,0,0,Unranked,0,5,0,0,Q4,0,4,0,0,0
https://openalex.org/W2004635495,0143831X,Q2,,1,1,Q1,Q1,Q2,0,2,1,1,Q1,1,1,1,1,Q1,1,1,1,1,0
https://openalex.org/W2004899435,08832323,Q2,,2,2,Q2,Q2,Q2,0,2,1,1,Q2,0,2,1,1,Q2,0,2,1,1,0
https://openalex.org/W2005198731,02786648,Q4,,4,4,Q4,Q4,Q4,0,4,0,0,Q4,0,4,0,0,Q4,0,4,0,0,0
https://openalex.org/W2005728720,00922102,Q2,,1,1,Q1,Q1,Q2,0,2,1,1,Q1,1,1,1,1,Q1,1,1,1,1,0
https://openalex.org/W2006133795,10525629,Q2,,2,2,Q2,Q2,Q2,0,2,1,1,Q2,0,2,1,1,Q2,0,2,1,1,0
https://openalex.org/W2006207466,01446193,Q2,,1,1,Q1,Q1,Q2,0,2,1,1,Q1,1,1,1,1,Q1,1,1,1,1,0
https://openalex.org/W2006271697,13505084,Q1,,1,1,Q1,Q1,Q1,1,1,1,1,Q1,1,1,1,1,Q1,1,1,1,1,1
https://openalex.org/W2006274918,00251909,Q1,,1,1,Q1,Q1,Q1,1,1,1,1,Q1,1,1,1,1,Q1,1,1,1,1,1
https://openalex.org/W2006339179,02675730,Q2,,2,2,Q2,Q2,Q2,0,2,1,1,Q2,0,2,1,1,Q2,0,2,1,1,0
https://openalex.org/W2006566651,09255273,Q1,,1,1,Q1,Q1,Q1,1,1,1,1,Q1,1,1,1,1,Q1,1,1,1,1,1
https://openalex.org/W2006700550,14635771,-,,1,1,Q1,Q1,Unranked,0,5,0,0,Q1,1,1,1,1,Q1,1,1,1,1,0
https://openalex.org/W2007690016,10949968,Q2,,1,1,Q1,Q1,Q2,0,2,1,1,Q1,1,1,1,1,Q1,1,1,1,1,0
https://openalex.org/W2007694549,00081256,Q1,,1,1,Q1,Q1,Q1,1,1,1,1,Q1,1,1,1,1,Q1,1,1,1,1,1
https://openalex.org/W2007760601,1463578X,-,,2,2,Q2,Q2,Unranked,0,5,0,0,Q2,0,2,1,1,Q2,0,2,1,1,0
https://openalex.org/W2008066120,13683500,Q4,,1,2,Q1,Q2,Q4,0,4,0,0,Q1,1,1,1,1,Q2,0,2,1,1,0
https://openalex.org/W2008268537,0955534X,Q2,,2,2,Q2,Q2,Q2,0,2,1,1,Q2,0,2,1,1,Q2,0,2,1,1,0
https://openalex.org/W2008307277,02621711,Q2,,2,2,Q2,Q2,Q2,0,2,1,1,Q2,0,2,1,1,Q2,0,2,1,1,0
https://openalex.org/W2008477000,09318658,Q2,,1,2,Q1,Q2,Q2,0,2,1,1,Q1,1,1,1,1,Q2,0,2,1,1,0
https://openalex.org/W2008709479,01446193,Q2,,1,1,Q1,Q1,Q2,0,2,1,1,Q1,1,1,1,1,Q1,1,1,1,1,0
https://openalex.org/W2008772283,13533452,Q2,,2,2,Q2,Q2,Q2,0,2,1,1,Q2,0,2,1,1,Q2,0,2,1,1,0
https://openalex.org/W2009084971,02637472,Q3,,2,2,Q2,Q2,Q3,0,3,0,1,Q2,0,2,1,1,Q2,0,2,1,1,0
https://openalex.org/W2009110022,02586770,Q1,,1,1,Q1,Q1,Q1,1,1,1,1,Q1,1,1,1,1,Q1,1,1,1,1,1
https://openalex.org/W2009334942,09255273,Q1,,1,1,Q1,Q1,Q1,1,1,1,1,Q1,1,1,1,1,Q1,1,1,1,1,1
https://openalex.org/W2009522420,01446193,Q2,,1,1,Q1,Q1,Q2,0,2,1,1,Q1,1,1,1,1,Q1,1,1,1,1,0
https://openalex.org/W2009638430,01605682,Q1,,1,1,Q1,Q1,Q1,1,1,1,1,Q1,1,1,1,1,Q1,1,1,1,1,1
https://openalex.org/W2009818719,0742597X,Q2,,1,1,Q1,Q1,Q2,0,2,1,1,Q1,1,1,1,1,Q1,1,1,1,1,0
https://openalex.org/W2010780854,01692070,Q1,,1,1,Q1,Q1,Q1,1,1,1,1,Q1,1,1,1,1,Q1,1,1,1,1,1
https://openalex.org/W2011137441,10690727,Q2,,1,1,Q1,Q1,Q2,0,2,1,1,Q1,1,1,1,1,Q1,1,1,1,1,0
https://openalex.org/W2011196313,07485751,Q3,,3,3,Q3,Q3,Q3,0,3,0,1,Q3,0,3,0,1,Q3,0,3,0,1,0
https://openalex.org/W2011352755,13511610,Q4,,3,3,Q3,Q3,Q4,0,4,0,0,Q3,0,3,0,1,Q3,0,3,0,1,0
https://openalex.org/W2011452777,10486682,Q3,,2,2,Q2,Q2,Q3,0,3,0,1,Q2,0,2,1,1,Q2,0,2,1,1,0
https://openalex.org/W2011847571,00207543,Q1,,1,1,Q1,Q1,Q1,1,1,1,1,Q1,1,1,1,1,Q1,1,1,1,1,1
https://openalex.org/W2011861796,10523928,Q3,,1,2,Q1,Q2,Q3,0,3,0,1,Q1,1,1,1,1,Q2,0,2,1,1,0
https://openalex.org/W2012068871,00902616,Q1,,2,2,Q2,Q2,Q1,1,1,1,1,Q2,0,2,1,1,Q2,0,2,1,1,1
https://openalex.org/W2012284945,00483486,Q2,,2,2,Q2,Q2,Q2,0,2,1,1,Q2,0,2,1,1,Q2,0,2,1,1,0
https://openalex.org/W2012328924,14635771,-,,1,1,Q1,Q1,Unranked,0,5,0,0,Q1,1,1,1,1,Q1,1,1,1,1,0
https://openalex.org/W2013121824,02637863,Q1,,1,1,Q1,Q1,Q1,1,1,1,1,Q1,1,1,1,1,Q1,1,1,1,1,1
https://openalex.org/W2013255623,09596526,Q3,,1,1,Q1,Q1,Q3,0,3,0,1,Q1,1,1,1,1,Q1,1,1,1,1,0
https://openalex.org/W2013471796,01677187,Q1,,1,1,Q1,Q1,Q1,1,1,1,1,Q1,1,1,1,1,Q1,1,1,1,1,1
https://openalex.org/W2013861611,09255273,Q1,,1,1,Q1,Q1,Q1,1,1,1,1,Q1,1,1,1,1,Q1,1,1,1,1,1
https://openalex.org/W2013991894,01435671,Q2,,2,2,Q2,Q2,Q2,0,2,1,1,Q2,0,2,1,1,Q2,0,2,1,1,0
https://openalex.org/W2014141483,00076791,Q2,,1,1,Q1,Q1,Q2,0,2,1,1,Q1,1,1,1,1,Q1,1,1,1,1,0
https://openalex.org/W2014363484,00400912,Q2,,2,2,Q2,Q2,Q2,0,2,1,1,Q2,0,2,1,1,Q2,0,2,1,1,0
https://openalex.org/W2014742830,01446193,Q2,,1,1,Q1,Q1,Q2,0,2,1,1,Q1,1,1,1,1,Q1,1,1,1,1,0
https://openalex.org/W2014760724,01605682,Q1,,1,1,Q1,Q1,Q1,1,1,1,1,Q1,1,1,1,1,Q1,1,1,1,1,1
https://openalex.org/W2014904729,1087724X,Q2,,2,3,Q2,Q3,Q2,0,2,1,1,Q2,0,2,1,1,Q3,0,3,0,1,0
https://openalex.org/W2016579903,01436228,Q2,,1,1,Q1,Q1,Q2,0,2,1,1,Q1,1,1,1,1,Q1,1,1,1,1,0
https://openalex.org/W2017621308,0951354X,Q3,,2,3,Q2,Q3,Q3,0,3,0,1,Q2,0,2,1,1,Q3,0,3,0,1,0
https://openalex.org/W2018499348,09255273,Q1,,1,1,Q1,Q1,Q1,1,1,1,1,Q1,1,1,1,1,Q1,1,1,1,1,1
https://openalex.org/W2018630621,09526862,Q2,,2,2,Q2,Q2,Q2,0,2,1,1,Q2,0,2,1,1,Q2,0,2,1,1,0
https://openalex.org/W2018872128,09596526,Q3,,1,1,Q1,Q1,Q3,0,3,0,1,Q1,1,1,1,1,Q1,1,1,1,1,0
https://openalex.org/W2018889753,00333352,Q1,,1,1,Q1,Q1,Q1,1,1,1,1,Q1,1,1,1,1,Q1,1,1,1,1,1
https://openalex.org/W2018941873,09255273,Q1,,1,1,Q1,Q1,Q1,1,1,1,1,Q1,1,1,1,1,Q1,1,1,1,1,1
https://openalex.org/W2019440891,09255273,Q1,,1,1,Q1,Q1,Q1,1,1,1,1,Q1,1,1,1,1,Q1,1,1,1,1,1
https://openalex.org/W2019508568,09255273,Q1,,1,1,Q1,Q1,Q1,1,1,1,1,Q1,1,1,1,1,Q1,1,1,1,1,1
https://openalex.org/W2019804157,15589080,Q1,,1,1,Q1,Q1,Q1,1,1,1,1,Q1,1,1,1,1,Q1,1,1,1,1,1
https://openalex.org/W2019804941,01435671,Q2,,2,2,Q2,Q2,Q2,0,2,1,1,Q2,0,2,1,1,Q2,0,2,1,1,0
https://openalex.org/W2020171942,01437739,Q2,,2,2,Q2,Q2,Q2,0,2,1,1,Q2,0,2,1,1,Q2,0,2,1,1,0
https://openalex.org/W2020176439,09696474,Q3,,2,2,Q2,Q2,Q3,0,3,0,1,Q2,0,2,1,1,Q2,0,2,1,1,0
https://openalex.org/W2020629217,10453172,Q1,,1,1,Q1,Q1,Q1,1,1,1,1,Q1,1,1,1,1,Q1,1,1,1,1,1
https://openalex.org/W2020927915,09255273,Q1,,1,1,Q1,Q1,Q1,1,1,1,1,Q1,1,1,1,1,Q1,1,1,1,1,1
https://openalex.org/W2020942844,00221821,Q1,,1,1,Q1,Q1,Q1,1,1,1,1,Q1,1,1,1,1,Q1,1,1,1,1,1
https://openalex.org/W2021082385,09255273,Q1,,1,1,Q1,Q1,Q1,1,1,1,1,Q1,1,1,1,1,Q1,1,1,1,1,1
https://openalex.org/W2021679938,09658564,-,,5,5,Unranked,Unranked,Unranked,0,5,0,0,Unranked,0,5,0,0,Unranked,0,5,0,0,0
https://openalex.org/W2021845044,13598546,Q1,,1,1,Q1,Q1,Q1,1,1,1,1,Q1,1,1,1,1,Q1,1,1,1,1,1
https://openalex.org/W2022507829,09696997,Q2,,1,2,Q1,Q2,Q2,0,2,1,1,Q1,1,1,1,1,Q2,0,2,1,1,0
https://openalex.org/W2023062201,09255273,Q1,,1,1,Q1,Q1,Q1,1,1,1,1,Q1,1,1,1,1,Q1,1,1,1,1,1
https://openalex.org/W2023156771,01976729,Q3,,2,2,Q2,Q2,Q3,0,3,0,1,Q2,0,2,1,1,Q2,0,2,1,1,0
https://openalex.org/W2023169372,07339364,Q1,,1,1,Q1,Q1,Q1,1,1,1,1,Q1,1,1,1,1,Q1,1,1,1,1,1
https://openalex.org/W2023436104,08839026,Q1,,1,1,Q1,Q1,Q1,1,1,1,1,Q1,1,1,1,1,Q1,1,1,1,1,1
https://openalex.org/W2023534743,00207543,Q1,,1,1,Q1,Q1,Q1,1,1,1,1,Q1,1,1,1,1,Q1,1,1,1,1,1
https://openalex.org/W2023605279,07339364,Q1,,1,1,Q1,Q1,Q1,1,1,1,1,Q1,1,1,1,1,Q1,1,1,1,1,1
https://openalex.org/W2024086256,13533452,Q2,,2,2,Q2,Q2,Q2,0,2,1,1,Q2,0,2,1,1,Q2,0,2,1,1,0
https://openalex.org/W2024174206,02684012,-,,5,5,Unranked,Unranked,Unranked,0,5,0,0,Unranked,0,5,0,0,Unranked,0,5,0,0,0
https://openalex.org/W2024258490,0265671X,Q1,,1,1,Q1,Q1,Q1,1,1,1,1,Q1,1,1,1,1,Q1,1,1,1,1,1
https://openalex.org/W2024287104,08109028,-,,5,5,Unranked,Unranked,Unranked,0,5,0,0,Unranked,0,5,0,0,Unranked,0,5,0,0,0
https://openalex.org/W2024620685,09255273,Q1,,1,1,Q1,Q1,Q1,1,1,1,1,Q1,1,1,1,1,Q1,1,1,1,1,1
https://openalex.org/W2025206402,10525629,Q2,,2,2,Q2,Q2,Q2,0,2,1,1,Q2,0,2,1,1,Q2,0,2,1,1,0
https://openalex.org/W2025263956,09255273,Q1,,1,1,Q1,Q1,Q1,1,1,1,1,Q1,1,1,1,1,Q1,1,1,1,1,1
https://openalex.org/W2025665894,02702592,Q2,,2,2,Q2,Q2,Q2,0,2,1,1,Q2,0,2,1,1,Q2,0,2,1,1,0
https://openalex.org/W2025671165,10371656,Q4,,4,4,Q4,Q4,Q4,0,4,0,0,Q4,0,4,0,0,Q4,0,4,0,0,0
https://openalex.org/W2025810685,01446193,Q2,,1,1,Q1,Q1,Q2,0,2,1,1,Q1,1,1,1,1,Q1,1,1,1,1,0
https://openalex.org/W2025986677,08939454,Q1,,1,1,Q1,Q1,Q1,1,1,1,1,Q1,1,1,1,1,Q1,1,1,1,1,1
https://openalex.org/W2026136061,15230406,Q1,,2,2,Q2,Q2,Q1,1,1,1,1,Q2,0,2,1,1,Q2,0,2,1,1,1
https://openalex.org/W2026547481,00220027,Q1,,1,1,Q1,Q1,Q1,1,1,1,1,Q1,1,1,1,1,Q1,1,1,1,1,1
https://openalex.org/W2026552065,00220787,Q2,,3,3,Q3,Q3,Q2,0,2,1,1,Q3,0,3,0,1,Q3,0,3,0,1,0
https://openalex.org/W2026994545,09658564,-,,5,5,Unranked,Unranked,Unranked,0,5,0,0,Unranked,0,5,0,0,Unranked,0,5,0,0,0
https://openalex.org/W2027163855,02768739,Q1,,1,1,Q1,Q1,Q1,1,1,1,1,Q1,1,1,1,1,Q1,1,1,1,1,1
https://openalex.org/W2027500521,01605682,Q1,,1,1,Q1,Q1,Q1,1,1,1,1,Q1,1,1,1,1,Q1,1,1,1,1,1
https://openalex.org/W2028492019,09699988,Q2,,1,1,Q1,Q1,Q2,0,2,1,1,Q1,1,1,1,1,Q1,1,1,1,1,0
https://openalex.org/W2028676797,00207780,Q2,,2,2,Q2,Q2,Q2,0,2,1,1,Q2,0,2,1,1,Q2,0,2,1,1,0
https://openalex.org/W2029053035,03090566,-,,1,3,Q1,Q3,Unranked,0,5,0,0,Q1,1,1,1,1,Q3,0,3,0,1,0
https://openalex.org/W2029282787,02684012,-,,5,5,Unranked,Unranked,Unranked,0,5,0,0,Unranked,0,5,0,0,Unranked,0,5,0,0,0
https://openalex.org/W2030325981,01607383,Q1,,1,1,Q1,Q1,Q1,1,1,1,1,Q1,1,1,1,1,Q1,1,1,1,1,1
https://openalex.org/W2030393205,02637472,Q3,,2,2,Q2,Q2,Q3,0,3,0,1,Q2,0,2,1,1,Q2,0,2,1,1,0
https://openalex.org/W2030653478,08857288,Q3,,2,2,Q2,Q2,Q3,0,3,0,1,Q2,0,2,1,1,Q2,0,2,1,1,0
https://openalex.org/W2030691545,08876045,Q2,,1,1,Q1,Q1,Q2,0,2,1,1,Q1,1,1,1,1,Q1,1,1,1,1,0
https://openalex.org/W2031257564,00902616,Q1,,2,2,Q2,Q2,Q1,1,1,1,1,Q2,0,2,1,1,Q2,0,2,1,1,1
https://openalex.org/W2031547860,09255273,Q1,,1,1,Q1,Q1,Q1,1,1,1,1,Q1,1,1,1,1,Q1,1,1,1,1,1
https://openalex.org/W2032690826,0160449X,Q4,,2,2,Q2,Q2,Q4,0,4,0,0,Q2,0,2,1,1,Q2,0,2,1,1,0
https://openalex.org/W2032719694,00333352,Q1,,1,1,Q1,Q1,Q1,1,1,1,1,Q1,1,1,1,1,Q1,1,1,1,1,1
https://openalex.org/W2032908662,09596526,Q3,,1,1,Q1,Q1,Q3,0,3,0,1,Q1,1,1,1,1,Q1,1,1,1,1,0
https://openalex.org/W2032966963,07485751,Q3,,3,3,Q3,Q3,Q3,0,3,0,1,Q3,0,3,0,1,Q3,0,3,0,1,0
https://openalex.org/W2033214784,00954918,Q1,,1,1,Q1,Q1,Q1,1,1,1,1,Q1,1,1,1,1,Q1,1,1,1,1,1
https://openalex.org/W2033284124,02642751,Q2,,1,1,Q1,Q1,Q2,0,2,1,1,Q1,1,1,1,1,Q1,1,1,1,1,0
https://openalex.org/W2033769406,02674424,-,,5,5,Unranked,Unranked,Unranked,0,5,0,0,Unranked,0,5,0,0,Unranked,0,5,0,0,0
https://openalex.org/W2034203008,01692070,Q1,,1,1,Q1,Q1,Q1,1,1,1,1,Q1,1,1,1,1,Q1,1,1,1,1,1
https://openalex.org/W2034974265,15589080,Q1,,1,1,Q1,Q1,Q1,1,1,1,1,Q1,1,1,1,1,Q1,1,1,1,1,1
https://openalex.org/W2035227169,0265671X,Q1,,1,1,Q1,Q1,Q1,1,1,1,1,Q1,1,1,1,1,Q1,1,1,1,1,1
https://openalex.org/W2035925151,01446193,Q2,,1,1,Q1,Q1,Q2,0,2,1,1,Q1,1,1,1,1,Q1,1,1,1,1,0
https://openalex.org/W2036561587,09638180,Q3,,2,2,Q2,Q2,Q3,0,3,0,1,Q2,0,2,1,1,Q2,0,2,1,1,0
https://openalex.org/W2036645707,09596526,Q3,,1,1,Q1,Q1,Q3,0,3,0,1,Q1,1,1,1,1,Q1,1,1,1,1,0
https://openalex.org/W2036811160,01664972,Q2,,1,1,Q1,Q1,Q2,0,2,1,1,Q1,1,1,1,1,Q1,1,1,1,1,0
https://openalex.org/W2036857647,08832323,Q2,,2,2,Q2,Q2,Q2,0,2,1,1,Q2,0,2,1,1,Q2,0,2,1,1,0
https://openalex.org/W2036898438,13603124,Q2,,2,2,Q2,Q2,Q2,0,2,1,1,Q2,0,2,1,1,Q2,0,2,1,1,0
https://openalex.org/W2037209474,10353046,Q4,,4,4,Q4,Q4,Q4,0,4,0,0,Q4,0,4,0,0,Q4,0,4,0,0,0
https://openalex.org/W2037608203,02784319,Q2,,1,1,Q1,Q1,Q2,0,2,1,1,Q1,1,1,1,1,Q1,1,1,1,1,0
https://openalex.org/W2037733907,09255273,Q1,,1,1,Q1,Q1,Q1,1,1,1,1,Q1,1,1,1,1,Q1,1,1,1,1,1
https://openalex.org/W2038378001,09565221,Q2,,2,2,Q2,Q2,Q2,0,2,1,1,Q2,0,2,1,1,Q2,0,2,1,1,0
https://openalex.org/W2038422543,01677187,Q1,,1,1,Q1,Q1,Q1,1,1,1,1,Q1,1,1,1,1,Q1,1,1,1,1,1
https://openalex.org/W2038587224,02635577,Q3,,1,1,Q1,Q1,Q3,0,3,0,1,Q1,1,1,1,1,Q1,1,1,1,1,0
https://openalex.org/W2038865537,0265671X,Q1,,1,1,Q1,Q1,Q1,1,1,1,1,Q1,1,1,1,1,Q1,1,1,1,1,1
https://openalex.org/W2038994294,09596119,Q3,,2,2,Q2,Q2,Q3,0,3,0,1,Q2,0,2,1,1,Q2,0,2,1,1,0
https://openalex.org/W2039100959,13567667,Q2,,1,1,Q1,Q1,Q2,0,2,1,1,Q1,1,1,1,1,Q1,1,1,1,1,0
https://openalex.org/W2039553570,02675730,Q2,,2,2,Q2,Q2,Q2,0,2,1,1,Q2,0,2,1,1,Q2,0,2,1,1,0
https://openalex.org/W2039804357,01443577,Q2,,1,1,Q1,Q1,Q2,0,2,1,1,Q1,1,1,1,1,Q1,1,1,1,1,0
https://openalex.org/W2040911984,01664972,Q2,,1,1,Q1,Q1,Q2,0,2,1,1,Q1,1,1,1,1,Q1,1,1,1,1,0
https://openalex.org/W2041079180,10525629,Q2,,2,2,Q2,Q2,Q2,0,2,1,1,Q2,0,2,1,1,Q2,0,2,1,1,0
https://openalex.org/W2041085891,00198501,Q1,,1,1,Q1,Q1,Q1,1,1,1,1,Q1,1,1,1,1,Q1,1,1,1,1,1
https://openalex.org/W2041209090,02634503,Q3,,2,2,Q2,Q2,Q3,0,3,0,1,Q2,0,2,1,1,Q2,0,2,1,1,0
https://openalex.org/W2041332719,13620436,Q3,,2,2,Q2,Q2,Q3,0,3,0,1,Q2,0,2,1,1,Q2,0,2,1,1,0
https://openalex.org/W2041421100,01497189,Q2,,1,1,Q1,Q1,Q2,0,2,1,1,Q1,1,1,1,1,Q1,1,1,1,1,0
https://openalex.org/W2041437397,03085961,-,,5,5,Unranked,Unranked,Unranked,0,5,0,0,Unranked,0,5,0,0,Unranked,0,5,0,0,0
https://openalex.org/W2041496889,10591478,Q2,,1,1,Q1,Q1,Q2,0,2,1,1,Q1,1,1,1,1,Q1,1,1,1,1,0
https://openalex.org/W2041630794,10448004,Q3,,2,2,Q2,Q2,Q3,0,3,0,1,Q2,0,2,1,1,Q2,0,2,1,1,0
https://openalex.org/W2041689331,10353046,Q4,,4,4,Q4,Q4,Q4,0,4,0,0,Q4,0,4,0,0,Q4,0,4,0,0,0
https://openalex.org/W2041746355,0742597X,Q2,,1,1,Q1,Q1,Q2,0,2,1,1,Q1,1,1,1,1,Q1,1,1,1,1,0
https://openalex.org/W2042203539,13552511,Q4,,2,2,Q2,Q2,Q4,0,4,0,0,Q2,0,2,1,1,Q2,0,2,1,1,0
https://openalex.org/W2042287389,0734371X,Q3,,2,2,Q2,Q2,Q3,0,3,0,1,Q2,0,2,1,1,Q2,0,2,1,1,0
https://openalex.org/W2042317687,00222879,Q1,,1,1,Q1,Q1,Q1,1,1,1,1,Q1,1,1,1,1,Q1,1,1,1,1,1
https://openalex.org/W2042562911,14637154,Q2,,1,1,Q1,Q1,Q2,0,2,1,1,Q1,1,1,1,1,Q1,1,1,1,1,0
https://openalex.org/W2042707628,02634503,Q3,,2,2,Q2,Q2,Q3,0,3,0,1,Q2,0,2,1,1,Q2,0,2,1,1,0
https://openalex.org/W2043464501,09507051,Q2,,2,2,Q2,Q2,Q2,0,2,1,1,Q2,0,2,1,1,Q2,0,2,1,1,0
https://openalex.org/W2044207688,02634503,Q3,,2,2,Q2,Q2,Q3,0,3,0,1,Q2,0,2,1,1,Q2,0,2,1,1,0
https://openalex.org/W2044364898,08832323,Q2,,2,2,Q2,Q2,Q2,0,2,1,1,Q2,0,2,1,1,Q2,0,2,1,1,0
https://openalex.org/W2045141856,09526862,Q2,,2,2,Q2,Q2,Q2,0,2,1,1,Q2,0,2,1,1,Q2,0,2,1,1,0
https://openalex.org/W2045261197,13533452,Q2,,2,2,Q2,Q2,Q2,0,2,1,1,Q2,0,2,1,1,Q2,0,2,1,1,0
https://openalex.org/W2045425449,09590552,Q1,,1,1,Q1,Q1,Q1,1,1,1,1,Q1,1,1,1,1,Q1,1,1,1,1,1
https://openalex.org/W2045561547,08837066,Q1,,2,2,Q2,Q2,Q1,1,1,1,1,Q2,0,2,1,1,Q2,0,2,1,1,1
https://openalex.org/W2045588223,01446193,Q2,,1,1,Q1,Q1,Q2,0,2,1,1,Q1,1,1,1,1,Q1,1,1,1,1,0
https://openalex.org/W2045613759,10967508,Q2,,2,2,Q2,Q2,Q2,0,2,1,1,Q2,0,2,1,1,Q2,0,2,1,1,0
https://openalex.org/W2045677893,0160791X,Q2,,2,2,Q2,Q2,Q2,0,2,1,1,Q2,0,2,1,1,Q2,0,2,1,1,0
https://openalex.org/W2045699725,03638111,Q2,,2,2,Q2,Q2,Q2,0,2,1,1,Q2,0,2,1,1,Q2,0,2,1,1,0
https://openalex.org/W2045801590,08109028,-,,5,5,Unranked,Unranked,Unranked,0,5,0,0,Unranked,0,5,0,0,Unranked,0,5,0,0,0
https://openalex.org/W2046057625,01607383,Q1,,1,1,Q1,Q1,Q1,1,1,1,1,Q1,1,1,1,1,Q1,1,1,1,1,1
https://openalex.org/W2046300706,00251747,Q2,,2,2,Q2,Q2,Q2,0,2,1,1,Q2,0,2,1,1,Q2,0,2,1,1,0
https://openalex.org/W2046939791,09255273,Q1,,1,1,Q1,Q1,Q1,1,1,1,1,Q1,1,1,1,1,Q1,1,1,1,1,1
https://openalex.org/W2046971103,07339364,Q1,,1,1,Q1,Q1,Q1,1,1,1,1,Q1,1,1,1,1,Q1,1,1,1,1,1
https://openalex.org/W2047080254,0007070X,Q2,,2,2,Q2,Q2,Q2,0,2,1,1,Q2,0,2,1,1,Q2,0,2,1,1,0
https://openalex.org/W2047108274,13665545,Q2,,1,1,Q1,Q1,Q2,0,2,1,1,Q1,1,1,1,1,Q1,1,1,1,1,0
https://openalex.org/W2047289499,08832323,Q2,,2,2,Q2,Q2,Q2,0,2,1,1,Q2,0,2,1,1,Q2,0,2,1,1,0
https://openalex.org/W2047589479,01605682,Q1,,1,1,Q1,Q1,Q1,1,1,1,1,Q1,1,1,1,1,Q1,1,1,1,1,1
https://openalex.org/W2047750208,09658564,-,,5,5,Unranked,Unranked,Unranked,0,5,0,0,Unranked,0,5,0,0,Unranked,0,5,0,0,0
https://openalex.org/W2048351464,09255273,Q1,,1,1,Q1,Q1,Q1,1,1,1,1,Q1,1,1,1,1,Q1,1,1,1,1,1
https://openalex.org/W2048446649,02684012,-,,5,5,Unranked,Unranked,Unranked,0,5,0,0,Unranked,0,5,0,0,Unranked,0,5,0,0,0
https://openalex.org/W2048633411,10468781,Q3,,2,2,Q2,Q2,Q3,0,3,0,1,Q2,0,2,1,1,Q2,0,2,1,1,0
https://openalex.org/W2048738772,01679236,Q2,,1,1,Q1,Q1,Q2,0,2,1,1,Q1,1,1,1,1,Q1,1,1,1,1,0
https://openalex.org/W2049052856,01607383,Q1,,1,1,Q1,Q1,Q1,1,1,1,1,Q1,1,1,1,1,Q1,1,1,1,1,1
https://openalex.org/W2049258545,03787206,Q1,,1,1,Q1,Q1,Q1,1,1,1,1,Q1,1,1,1,1,Q1,1,1,1,1,1
https://openalex.org/W2049574944,02632373,Q2,,2,2,Q2,Q2,Q2,0,2,1,1,Q2,0,2,1,1,Q2,0,2,1,1,0
https://openalex.org/W2049588579,02635577,Q3,,1,1,Q1,Q1,Q3,0,3,0,1,Q1,1,1,1,1,Q1,1,1,1,1,0
https://openalex.org/W2049683610,09590552,Q1,,1,1,Q1,Q1,Q1,1,1,1,1,Q1,1,1,1,1,Q1,1,1,1,1,1
https://openalex.org/W2050138446,09699988,Q2,,1,1,Q1,Q1,Q2,0,2,1,1,Q1,1,1,1,1,Q1,1,1,1,1,0
https://openalex.org/W2050848347,08832323,Q2,,2,2,Q2,Q2,Q2,0,2,1,1,Q2,0,2,1,1,Q2,0,2,1,1,0
https://openalex.org/W2050858537,00221821,Q1,,1,1,Q1,Q1,Q1,1,1,1,1,Q1,1,1,1,1,Q1,1,1,1,1,1
https://openalex.org/W2051037141,02726963,Q1,,1,1,Q1,Q1,Q1,1,1,1,1,Q1,1,1,1,1,Q1,1,1,1,1,1
https://openalex.org/W2051081520,13217348,Q4,,4,4,Q4,Q4,Q4,0,4,0,0,Q4,0,4,0,0,Q4,0,4,0,0,0
https://openalex.org/W2051146348,09255273,Q1,,1,1,Q1,Q1,Q1,1,1,1,1,Q1,1,1,1,1,Q1,1,1,1,1,1
https://openalex.org/W2051470515,01677187,Q1,,1,1,Q1,Q1,Q1,1,1,1,1,Q1,1,1,1,1,Q1,1,1,1,1,1
https://openalex.org/W2051490691,02637472,Q3,,2,2,Q2,Q2,Q3,0,3,0,1,Q2,0,2,1,1,Q2,0,2,1,1,0
https://openalex.org/W2051790626,02784319,Q2,,1,1,Q1,Q1,Q2,0,2,1,1,Q1,1,1,1,1,Q1,1,1,1,1,0
https://openalex.org/W2051867569,14601060,Q3,,2,2,Q2,Q2,Q3,0,3,0,1,Q2,0,2,1,1,Q2,0,2,1,1,0
https://openalex.org/W2052065931,10949968,Q2,,1,1,Q1,Q1,Q2,0,2,1,1,Q1,1,1,1,1,Q1,1,1,1,1,0
https://openalex.org/W2052920978,03616274,Q2,,2,2,Q2,Q2,Q2,0,2,1,1,Q2,0,2,1,1,Q2,0,2,1,1,0
https://openalex.org/W2053124551,09600035,Q2,,1,1,Q1,Q1,Q2,0,2,1,1,Q1,1,1,1,1,Q1,1,1,1,1,0
https://openalex.org/W2054032391,09596801,Q1,,1,1,Q1,Q1,Q1,1,1,1,1,Q1,1,1,1,1,Q1,1,1,1,1,1
https://openalex.org/W2054121534,01425455,Q1,,2,2,Q2,Q2,Q1,1,1,1,1,Q2,0,2,1,1,Q2,0,2,1,1,1
https://openalex.org/W2054698318,01497189,Q2,,1,1,Q1,Q1,Q2,0,2,1,1,Q1,1,1,1,1,Q1,1,1,1,1,0
https://openalex.org/W2054721539,09565698,Q3,,3,3,Q3,Q3,Q3,0,3,0,1,Q3,0,3,0,1,Q3,0,3,0,1,0
https://openalex.org/W2054757917,01692070,Q1,,1,1,Q1,Q1,Q1,1,1,1,1,Q1,1,1,1,1,Q1,1,1,1,1,1
https://openalex.org/W2054899984,02686902,Q3,,2,2,Q2,Q2,Q3,0,3,0,1,Q2,0,2,1,1,Q2,0,2,1,1,0
https://openalex.org/W2055284258,01497189,Q2,,1,1,Q1,Q1,Q2,0,2,1,1,Q1,1,1,1,1,Q1,1,1,1,1,0
https://openalex.org/W2055297051,08109028,-,,5,5,Unranked,Unranked,Unranked,0,5,0,0,Unranked,0,5,0,0,Unranked,0,5,0,0,0
https://openalex.org/W2055796899,09255273,Q1,,1,1,Q1,Q1,Q1,1,1,1,1,Q1,1,1,1,1,Q1,1,1,1,1,1
https://openalex.org/W2056572675,09658564,-,,5,5,Unranked,Unranked,Unranked,0,5,0,0,Unranked,0,5,0,0,Unranked,0,5,0,0,0
https://openalex.org/W2057231701,01692070,Q1,,1,1,Q1,Q1,Q1,1,1,1,1,Q1,1,1,1,1,Q1,1,1,1,1,1
https://openalex.org/W2057248458,10185895,-,,2,2,Q2,Q2,Unranked,0,5,0,0,Q2,0,2,1,1,Q2,0,2,1,1,0
https://openalex.org/W2057563835,01437720,Q3,,3,3,Q3,Q3,Q3,0,3,0,1,Q3,0,3,0,1,Q3,0,3,0,1,0
https://openalex.org/W2057638386,00018791,Q1,,1,1,Q1,Q1,Q1,1,1,1,1,Q1,1,1,1,1,Q1,1,1,1,1,1
https://openalex.org/W2058043446,10646175,Q2,,3,3,Q3,Q3,Q2,0,2,1,1,Q3,0,3,0,1,Q3,0,3,0,1,0
https://openalex.org/W2058153810,00108367,Q3,,3,2,Q3,Q2,Q3,0,3,0,1,Q3,0,3,0,1,Q2,0,2,1,1,0
https://openalex.org/W2058485435,03638111,Q2,,2,2,Q2,Q2,Q2,0,2,1,1,Q2,0,2,1,1,Q2,0,2,1,1,0
https://openalex.org/W2059084421,09526862,Q2,,2,2,Q2,Q2,Q2,0,2,1,1,Q2,0,2,1,1,Q2,0,2,1,1,0
https://openalex.org/W2059504136,09696016,Q2,,1,1,Q1,Q1,Q2,0,2,1,1,Q1,1,1,1,1,Q1,1,1,1,1,0
https://openalex.org/W2059971857,09540962,Q1,,1,1,Q1,Q1,Q1,1,1,1,1,Q1,1,1,1,1,Q1,1,1,1,1,1
https://openalex.org/W2060812677,02776693,Q2,,2,2,Q2,Q2,Q2,0,2,1,1,Q2,0,2,1,1,Q2,0,2,1,1,0
https://openalex.org/W2060855982,00222429,Q1,,1,1,Q1,Q1,Q1,1,1,1,1,Q1,1,1,1,1,Q1,1,1,1,1,1
https://openalex.org/W2061198793,10242589,Q2,,2,2,Q2,Q2,Q2,0,2,1,1,Q2,0,2,1,1,Q2,0,2,1,1,0
https://openalex.org/W2061437468,09658564,-,,5,5,Unranked,Unranked,Unranked,0,5,0,0,Unranked,0,5,0,0,Unranked,0,5,0,0,0
https://openalex.org/W2061502069,00081256,Q1,,1,1,Q1,Q1,Q1,1,1,1,1,Q1,1,1,1,1,Q1,1,1,1,1,1
https://openalex.org/W2061594292,00163287,Q1,,1,1,Q1,Q1,Q1,1,1,1,1,Q1,1,1,1,1,Q1,1,1,1,1,1
https://openalex.org/W2061614483,02683962,Q3,,2,2,Q2,Q2,Q3,0,3,0,1,Q2,0,2,1,1,Q2,0,2,1,1,0
https://openalex.org/W2062010719,09590552,Q1,,1,1,Q1,Q1,Q1,1,1,1,1,Q1,1,1,1,1,Q1,1,1,1,1,1
https://openalex.org/W2062230171,14642859,Q4,,3,3,Q3,Q3,Q4,0,4,0,0,Q3,0,3,0,1,Q3,0,3,0,1,0
https://openalex.org/W2062351967,00219886,Q1,,1,1,Q1,Q1,Q1,1,1,1,1,Q1,1,1,1,1,Q1,1,1,1,1,1
https://openalex.org/W2063433543,00094056,-,,5,5,Unranked,Unranked,Unranked,0,5,0,0,Unranked,0,5,0,0,Unranked,0,5,0,0,0
https://openalex.org/W2063525710,0734306X,Q1,,1,1,Q1,Q1,Q1,1,1,1,1,Q1,1,1,1,1,Q1,1,1,1,1,1
https://openalex.org/W2063534576,02637863,Q1,,1,1,Q1,Q1,Q1,1,1,1,1,Q1,1,1,1,1,Q1,1,1,1,1,1
https://openalex.org/W2063986048,00954918,Q1,,1,1,Q1,Q1,Q1,1,1,1,1,Q1,1,1,1,1,Q1,1,1,1,1,1
https://openalex.org/W2064117607,09526862,Q2,,2,2,Q2,Q2,Q2,0,2,1,1,Q2,0,2,1,1,Q2,0,2,1,1,0
https://openalex.org/W2064328136,0007070X,Q2,,2,2,Q2,Q2,Q2,0,2,1,1,Q2,0,2,1,1,Q2,0,2,1,1,0
https://openalex.org/W2064342062,02686902,Q3,,2,2,Q2,Q2,Q3,0,3,0,1,Q2,0,2,1,1,Q2,0,2,1,1,0
https://openalex.org/W2064879411,08876045,Q2,,1,1,Q1,Q1,Q2,0,2,1,1,Q1,1,1,1,1,Q1,1,1,1,1,0
https://openalex.org/W2064918693,08975930,Q2,,2,2,Q2,Q2,Q2,0,2,1,1,Q2,0,2,1,1,Q2,0,2,1,1,0
https://openalex.org/W2065937486,10384111,Q3,,2,3,Q2,Q3,Q3,0,3,0,1,Q2,0,2,1,1,Q3,0,3,0,1,0
https://openalex.org/W2066122221,09596801,Q1,,1,1,Q1,Q1,Q1,1,1,1,1,Q1,1,1,1,1,Q1,1,1,1,1,1
https://openalex.org/W2066481855,07339364,Q1,,1,1,Q1,Q1,Q1,1,1,1,1,Q1,1,1,1,1,Q1,1,1,1,1,1
https://openalex.org/W2066737780,02632373,Q2,,2,2,Q2,Q2,Q2,0,2,1,1,Q2,0,2,1,1,Q2,0,2,1,1,0
https://openalex.org/W2067481159,07363761,Q2,,1,1,Q1,Q1,Q2,0,2,1,1,Q1,1,1,1,1,Q1,1,1,1,1,0
https://openalex.org/W2067641525,09534814,Q2,,2,2,Q2,Q2,Q2,0,2,1,1,Q2,0,2,1,1,Q2,0,2,1,1,0
https://openalex.org/W2067867585,0742597X,Q2,,1,1,Q1,Q1,Q2,0,2,1,1,Q1,1,1,1,1,Q1,1,1,1,1,0
https://openalex.org/W2067992254,00207780,Q2,,2,2,Q2,Q2,Q2,0,2,1,1,Q2,0,2,1,1,Q2,0,2,1,1,0
https://openalex.org/W2069501456,00094056,-,,5,5,Unranked,Unranked,Unranked,0,5,0,0,Unranked,0,5,0,0,Unranked,0,5,0,0,0
https://openalex.org/W2069766907,08943796,Q1,,1,1,Q1,Q1,Q1,1,1,1,1,Q1,1,1,1,1,Q1,1,1,1,1,1
https://openalex.org/W2069772401,13683500,Q4,,1,2,Q1,Q2,Q4,0,4,0,0,Q1,1,1,1,1,Q2,0,2,1,1,0
https://openalex.org/W2069963932,1363254X,Q4,,3,3,Q3,Q3,Q4,0,4,0,0,Q3,0,3,0,1,Q3,0,3,0,1,0
https://openalex.org/W2070432988,08858624,Q1,,1,1,Q1,Q1,Q1,1,1,1,1,Q1,1,1,1,1,Q1,1,1,1,1,1
https://openalex.org/W2070519721,00222429,Q1,,1,1,Q1,Q1,Q1,1,1,1,1,Q1,1,1,1,1,Q1,1,1,1,1,1
https://openalex.org/W2070590336,07359683,Q3,,3,3,Q3,Q3,Q3,0,3,0,1,Q3,0,3,0,1,Q3,0,3,0,1,0
https://openalex.org/W2070619106,00117315,Q1,,1,1,Q1,Q1,Q1,1,1,1,1,Q1,1,1,1,1,Q1,1,1,1,1,1
https://openalex.org/W2071716859,00198676,Q1,,1,1,Q1,Q1,Q1,1,1,1,1,Q1,1,1,1,1,Q1,1,1,1,1,1
https://openalex.org/W2071879180,0265671X,Q1,,1,1,Q1,Q1,Q1,1,1,1,1,Q1,1,1,1,1,Q1,1,1,1,1,1
https://openalex.org/W2072593836,14642859,Q4,,3,3,Q3,Q3,Q4,0,4,0,0,Q3,0,3,0,1,Q3,0,3,0,1,0
https://openalex.org/W2073090545,08832323,Q2,,2,2,Q2,Q2,Q2,0,2,1,1,Q2,0,2,1,1,Q2,0,2,1,1,0
https://openalex.org/W2073278752,0888045X,Q2,,2,2,Q2,Q2,Q2,0,2,1,1,Q2,0,2,1,1,Q2,0,2,1,1,0
https://openalex.org/W2074061621,01607383,Q1,,1,1,Q1,Q1,Q1,1,1,1,1,Q1,1,1,1,1,Q1,1,1,1,1,1
https://openalex.org/W2074439985,07363761,Q2,,1,1,Q1,Q1,Q2,0,2,1,1,Q1,1,1,1,1,Q1,1,1,1,1,0
https://openalex.org/W2074995030,0007070X,Q2,,2,2,Q2,Q2,Q2,0,2,1,1,Q2,0,2,1,1,Q2,0,2,1,1,0
https://openalex.org/W2075061510,00220787,Q2,,3,3,Q3,Q3,Q2,0,2,1,1,Q3,0,3,0,1,Q3,0,3,0,1,0
https://openalex.org/W2075269705,00251747,Q2,,2,2,Q2,Q2,Q2,0,2,1,1,Q2,0,2,1,1,Q2,0,2,1,1,0
https://openalex.org/W2075451194,10185895,-,,2,2,Q2,Q2,Unranked,0,5,0,0,Q2,0,2,1,1,Q2,0,2,1,1,0
https://openalex.org/W2075790732,00472875,Q1,,1,1,Q1,Q1,Q1,1,1,1,1,Q1,1,1,1,1,Q1,1,1,1,1,1
https://openalex.org/W2076180093,08961530,Q2,,2,2,Q2,Q2,Q2,0,2,1,1,Q2,0,2,1,1,Q2,0,2,1,1,0
https://openalex.org/W2076328886,09513574,Q2,,2,2,Q2,Q2,Q2,0,2,1,1,Q2,0,2,1,1,Q2,0,2,1,1,0
https://openalex.org/W2076380486,02686902,Q3,,2,2,Q2,Q2,Q3,0,3,0,1,Q2,0,2,1,1,Q2,0,2,1,1,0
https://openalex.org/W2076425716,09658564,-,,5,5,Unranked,Unranked,Unranked,0,5,0,0,Unranked,0,5,0,0,Unranked,0,5,0,0,0
https://openalex.org/W2076663420,09571787,Q2,,2,2,Q2,Q2,Q2,0,2,1,1,Q2,0,2,1,1,Q2,0,2,1,1,0
https://openalex.org/W2076812312,09526862,Q2,,2,2,Q2,Q2,Q2,0,2,1,1,Q2,0,2,1,1,Q2,0,2,1,1,0
https://openalex.org/W2077086476,05579325,Q1,,1,1,Q1,Q1,Q1,1,1,1,1,Q1,1,1,1,1,Q1,1,1,1,1,1
https://openalex.org/W2077222486,09255273,Q1,,1,1,Q1,Q1,Q1,1,1,1,1,Q1,1,1,1,1,Q1,1,1,1,1,1
https://openalex.org/W2077532532,09596119,Q3,,2,2,Q2,Q2,Q3,0,3,0,1,Q2,0,2,1,1,Q2,0,2,1,1,0
https://openalex.org/W2077744850,09596119,Q3,,2,2,Q2,Q2,Q3,0,3,0,1,Q2,0,2,1,1,Q2,0,2,1,1,0
https://openalex.org/W2077773933,02726963,Q1,,1,1,Q1,Q1,Q1,1,1,1,1,Q1,1,1,1,1,Q1,1,1,1,1,1
https://openalex.org/W2077900460,09699988,Q2,,1,1,Q1,Q1,Q2,0,2,1,1,Q1,1,1,1,1,Q1,1,1,1,1,0
https://openalex.org/W2077926095,01443577,Q2,,1,1,Q1,Q1,Q2,0,2,1,1,Q1,1,1,1,1,Q1,1,1,1,1,0
https://openalex.org/W2078134724,01446193,Q2,,1,1,Q1,Q1,Q2,0,2,1,1,Q1,1,1,1,1,Q1,1,1,1,1,0
https://openalex.org/W2078912066,09696997,Q2,,1,2,Q1,Q2,Q2,0,2,1,1,Q1,1,1,1,1,Q2,0,2,1,1,0
https://openalex.org/W2079198448,0742597X,Q2,,1,1,Q1,Q1,Q2,0,2,1,1,Q1,1,1,1,1,Q1,1,1,1,1,0
https://openalex.org/W2079239671,02768739,Q1,,1,1,Q1,Q1,Q1,1,1,1,1,Q1,1,1,1,1,Q1,1,1,1,1,1
https://openalex.org/W2079267664,10438599,-,,5,4,Unranked,Q4,Unranked,0,5,0,0,Unranked,0,5,0,0,Q4,0,4,0,0,0
https://openalex.org/W2079662766,02615177,Q1,,1,1,Q1,Q1,Q1,1,1,1,1,Q1,1,1,1,1,Q1,1,1,1,1,1
https://openalex.org/W2079925860,08887993,Q2,,1,1,Q1,Q1,Q2,0,2,1,1,Q1,1,1,1,1,Q1,1,1,1,1,0
https://openalex.org/W2080324379,09596119,Q3,,2,2,Q2,Q2,Q3,0,3,0,1,Q2,0,2,1,1,Q2,0,2,1,1,0
https://openalex.org/W2080962673,0960085X,-,,5,5,Unranked,Unranked,Unranked,0,5,0,0,Unranked,0,5,0,0,Unranked,0,5,0,0,0
https://openalex.org/W2081513192,02684012,-,,5,5,Unranked,Unranked,Unranked,0,5,0,0,Unranked,0,5,0,0,Unranked,0,5,0,0,0
https://openalex.org/W2082113212,01443577,Q2,,1,1,Q1,Q1,Q2,0,2,1,1,Q1,1,1,1,1,Q1,1,1,1,1,0
https://openalex.org/W2082329714,02662426,Q1,,1,1,Q1,Q1,Q1,1,1,1,1,Q1,1,1,1,1,Q1,1,1,1,1,1
https://openalex.org/W2082797813,07339364,Q1,,1,1,Q1,Q1,Q1,1,1,1,1,Q1,1,1,1,1,Q1,1,1,1,1,1
https://openalex.org/W2083538634,00076813,Q2,,1,1,Q1,Q1,Q2,0,2,1,1,Q1,1,1,1,1,Q1,1,1,1,1,0
https://openalex.org/W2083706261,09500170,Q1,,1,1,Q1,Q1,Q1,1,1,1,1,Q1,1,1,1,1,Q1,1,1,1,1,1
https://openalex.org/W2083721457,02768739,Q1,,1,1,Q1,Q1,Q1,1,1,1,1,Q1,1,1,1,1,Q1,1,1,1,1,1
https://openalex.org/W2084040109,10860266,Q3,,2,2,Q2,Q2,Q3,0,3,0,1,Q2,0,2,1,1,Q2,0,2,1,1,0
https://openalex.org/W2084180758,13563289,Q3,,2,2,Q2,Q2,Q3,0,3,0,1,Q2,0,2,1,1,Q2,0,2,1,1,0
https://openalex.org/W2084214769,09255273,Q1,,1,1,Q1,Q1,Q1,1,1,1,1,Q1,1,1,1,1,Q1,1,1,1,1,1
https://openalex.org/W2084799506,00081256,Q1,,1,1,Q1,Q1,Q1,1,1,1,1,Q1,1,1,1,1,Q1,1,1,1,1,1
https://openalex.org/W2085170077,09255273,Q1,,1,1,Q1,Q1,Q1,1,1,1,1,Q1,1,1,1,1,Q1,1,1,1,1,1
https://openalex.org/W2085993033,09255273,Q1,,1,1,Q1,Q1,Q1,1,1,1,1,Q1,1,1,1,1,Q1,1,1,1,1,1
https://openalex.org/W2086040939,0007070X,Q2,,2,2,Q2,Q2,Q2,0,2,1,1,Q2,0,2,1,1,Q2,0,2,1,1,0
https://openalex.org/W2086168829,02637863,Q1,,1,1,Q1,Q1,Q1,1,1,1,1,Q1,1,1,1,1,Q1,1,1,1,1,1
https://openalex.org/W2086615256,01446193,Q2,,1,1,Q1,Q1,Q2,0,2,1,1,Q1,1,1,1,1,Q1,1,1,1,1,0
https://openalex.org/W2087371023,09534814,Q2,,2,2,Q2,Q2,Q2,0,2,1,1,Q2,0,2,1,1,Q2,0,2,1,1,0
https://openalex.org/W2087517358,01605682,Q1,,1,1,Q1,Q1,Q1,1,1,1,1,Q1,1,1,1,1,Q1,1,1,1,1,1
https://openalex.org/W2087946952,01436228,Q2,,1,1,Q1,Q1,Q2,0,2,1,1,Q1,1,1,1,1,Q1,1,1,1,1,0
https://openalex.org/W2088229111,13552511,Q4,,2,2,Q2,Q2,Q4,0,4,0,0,Q2,0,2,1,1,Q2,0,2,1,1,0
https://openalex.org/W2088325485,01605682,Q1,,1,1,Q1,Q1,Q1,1,1,1,1,Q1,1,1,1,1,Q1,1,1,1,1,1
https://openalex.org/W2088520350,00163287,Q1,,1,1,Q1,Q1,Q1,1,1,1,1,Q1,1,1,1,1,Q1,1,1,1,1,1
https://openalex.org/W2088543259,09696474,Q3,,2,2,Q2,Q2,Q3,0,3,0,1,Q2,0,2,1,1,Q2,0,2,1,1,0
https://openalex.org/W2088769041,01436228,Q2,,1,1,Q1,Q1,Q2,0,2,1,1,Q1,1,1,1,1,Q1,1,1,1,1,0
https://openalex.org/W2088838672,03638111,Q2,,2,2,Q2,Q2,Q2,0,2,1,1,Q2,0,2,1,1,Q2,0,2,1,1,0
https://openalex.org/W2089671252,09585192,Q1,,1,1,Q1,Q1,Q1,1,1,1,1,Q1,1,1,1,1,Q1,1,1,1,1,1
https://openalex.org/W2089776903,10579214,Q2,,3,3,Q3,Q3,Q2,0,2,1,1,Q3,0,3,0,1,Q3,0,3,0,1,0
https://openalex.org/W2089795135,10444068,Q2,,2,2,Q2,Q2,Q2,0,2,1,1,Q2,0,2,1,1,Q2,0,2,1,1,0
https://openalex.org/W2090512347,02784319,Q2,,1,1,Q1,Q1,Q2,0,2,1,1,Q1,1,1,1,1,Q1,1,1,1,1,0
https://openalex.org/W2090798566,00954918,Q1,,1,1,Q1,Q1,Q1,1,1,1,1,Q1,1,1,1,1,Q1,1,1,1,1,1
https://openalex.org/W2091167802,13603124,Q2,,2,2,Q2,Q2,Q2,0,2,1,1,Q2,0,2,1,1,Q2,0,2,1,1,0
https://openalex.org/W2091433217,09600035,Q2,,1,1,Q1,Q1,Q2,0,2,1,1,Q1,1,1,1,1,Q1,1,1,1,1,0
https://openalex.org/W2091706297,09255273,Q1,,1,1,Q1,Q1,Q1,1,1,1,1,Q1,1,1,1,1,Q1,1,1,1,1,1
https://openalex.org/W2092585381,0265671X,Q1,,1,1,Q1,Q1,Q1,1,1,1,1,Q1,1,1,1,1,Q1,1,1,1,1,1
https://openalex.org/W2092649178,10909516,Q1,,1,1,Q1,Q1,Q1,1,1,1,1,Q1,1,1,1,1,Q1,1,1,1,1,1
https://openalex.org/W2092722630,08839026,Q1,,1,1,Q1,Q1,Q1,1,1,1,1,Q1,1,1,1,1,Q1,1,1,1,1,1
https://openalex.org/W2093202778,09658564,-,,5,5,Unranked,Unranked,Unranked,0,5,0,0,Unranked,0,5,0,0,Unranked,0,5,0,0,0
https://openalex.org/W2094115547,10610421,Q3,,2,2,Q2,Q2,Q3,0,3,0,1,Q2,0,2,1,1,Q2,0,2,1,1,0
https://openalex.org/W2094350275,03785920,Q2,,2,2,Q2,Q2,Q2,0,2,1,1,Q2,0,2,1,1,Q2,0,2,1,1,0
https://openalex.org/W2094451365,09596526,Q3,,1,1,Q1,Q1,Q3,0,3,0,1,Q1,1,1,1,1,Q1,1,1,1,1,0
https://openalex.org/W2094969357,07339364,Q1,,1,1,Q1,Q1,Q1,1,1,1,1,Q1,1,1,1,1,Q1,1,1,1,1,1
https://openalex.org/W2095445051,00922102,Q2,,1,1,Q1,Q1,Q2,0,2,1,1,Q1,1,1,1,1,Q1,1,1,1,1,0
https://openalex.org/W2095883358,1052150X,Q1,,1,1,Q1,Q1,Q1,1,1,1,1,Q1,1,1,1,1,Q1,1,1,1,1,1
https://openalex.org/W2098163707,00922102,Q2,,1,1,Q1,Q1,Q2,0,2,1,1,Q1,1,1,1,1,Q1,1,1,1,1,0
https://openalex.org/W2098503872,03611434,Q1,,1,1,Q1,Q1,Q1,1,1,1,1,Q1,1,1,1,1,Q1,1,1,1,1,1
https://openalex.org/W2099345728,00251909,Q1,,1,1,Q1,Q1,Q1,1,1,1,1,Q1,1,1,1,1,Q1,1,1,1,1,1
https://openalex.org/W2099768147,09628770,Q1,,2,2,Q2,Q2,Q1,1,1,1,1,Q2,0,2,1,1,Q2,0,2,1,1,1
https://openalex.org/W2102266076,10690727,Q2,,1,1,Q1,Q1,Q2,0,2,1,1,Q1,1,1,1,1,Q1,1,1,1,1,0
https://openalex.org/W2103906246,00189391,Q2,,1,1,Q1,Q1,Q2,0,2,1,1,Q1,1,1,1,1,Q1,1,1,1,1,0
https://openalex.org/W2104035247,13552511,Q4,,2,2,Q2,Q2,Q4,0,4,0,0,Q2,0,2,1,1,Q2,0,2,1,1,0
https://openalex.org/W2104153957,02767783,Q1,,1,1,Q1,Q1,Q1,1,1,1,1,Q1,1,1,1,1,Q1,1,1,1,1,1
https://openalex.org/W2104841231,01435671,Q2,,2,2,Q2,Q2,Q2,0,2,1,1,Q2,0,2,1,1,Q2,0,2,1,1,0
https://openalex.org/W2105863863,09585192,Q1,,1,1,Q1,Q1,Q1,1,1,1,1,Q1,1,1,1,1,Q1,1,1,1,1,1
https://openalex.org/W2106743115,09699988,Q2,,1,1,Q1,Q1,Q2,0,2,1,1,Q1,1,1,1,1,Q1,1,1,1,1,0
https://openalex.org/W2107068691,01972243,Q1,,1,1,Q1,Q1,Q1,1,1,1,1,Q1,1,1,1,1,Q1,1,1,1,1,1
https://openalex.org/W2108443201,00904848,Q1,,1,1,Q1,Q1,Q1,1,1,1,1,Q1,1,1,1,1,Q1,1,1,1,1,1
https://openalex.org/W2109086801,02686902,Q3,,2,2,Q2,Q2,Q3,0,3,0,1,Q2,0,2,1,1,Q2,0,2,1,1,0
https://openalex.org/W2109918867,10548408,Q1,,1,1,Q1,Q1,Q1,1,1,1,1,Q1,1,1,1,1,Q1,1,1,1,1,1
https://openalex.org/W2110061657,13545701,Q1,,1,1,Q1,Q1,Q1,1,1,1,1,Q1,1,1,1,1,Q1,1,1,1,1,1
https://openalex.org/W2110094665,10185895,-,,2,2,Q2,Q2,Unranked,0,5,0,0,Q2,0,2,1,1,Q2,0,2,1,1,0
https://openalex.org/W2110524975,00472875,Q1,,1,1,Q1,Q1,Q1,1,1,1,1,Q1,1,1,1,1,Q1,1,1,1,1,1
https://openalex.org/W2110633247,09556222,Q2,,2,2,Q2,Q2,Q2,0,2,1,1,Q2,0,2,1,1,Q2,0,2,1,1,0
https://openalex.org/W2110796252,00071080,Q1,,1,1,Q1,Q1,Q1,1,1,1,1,Q1,1,1,1,1,Q1,1,1,1,1,1
https://openalex.org/W2110964314,10927026,Q3,,3,3,Q3,Q3,Q3,0,3,0,1,Q3,0,3,0,1,Q3,0,3,0,1,0
https://openalex.org/W2111112571,02615177,Q1,,1,1,Q1,Q1,Q1,1,1,1,1,Q1,1,1,1,1,Q1,1,1,1,1,1
https://openalex.org/W2111204852,02642751,Q2,,1,1,Q1,Q1,Q2,0,2,1,1,Q1,1,1,1,1,Q1,1,1,1,1,0
https://openalex.org/W2111839258,00207543,Q1,,1,1,Q1,Q1,Q1,1,1,1,1,Q1,1,1,1,1,Q1,1,1,1,1,1
https://openalex.org/W2111853232,13527266,Q2,,2,2,Q2,Q2,Q2,0,2,1,1,Q2,0,2,1,1,Q2,0,2,1,1,0
https://openalex.org/W2113048334,02702592,Q2,,2,2,Q2,Q2,Q2,0,2,1,1,Q2,0,2,1,1,Q2,0,2,1,1,0
https://openalex.org/W2113353157,08858624,Q1,,1,1,Q1,Q1,Q1,1,1,1,1,Q1,1,1,1,1,Q1,1,1,1,1,1
https://openalex.org/W2113511559,00251909,Q1,,1,1,Q1,Q1,Q1,1,1,1,1,Q1,1,1,1,1,Q1,1,1,1,1,1
https://openalex.org/W2114005979,00472875,Q1,,1,1,Q1,Q1,Q1,1,1,1,1,Q1,1,1,1,1,Q1,1,1,1,1,1
https://openalex.org/W2114592769,09500170,Q1,,1,1,Q1,Q1,Q1,1,1,1,1,Q1,1,1,1,1,Q1,1,1,1,1,1
https://openalex.org/W2116017901,01435671,Q2,,2,2,Q2,Q2,Q2,0,2,1,1,Q2,0,2,1,1,Q2,0,2,1,1,0
https://openalex.org/W2116732355,09638180,Q3,,2,2,Q2,Q2,Q3,0,3,0,1,Q2,0,2,1,1,Q2,0,2,1,1,0
https://openalex.org/W2117105657,10808620,Q2,,1,1,Q1,Q1,Q2,0,2,1,1,Q1,1,1,1,1,Q1,1,1,1,1,0
https://openalex.org/W2117628255,03785920,Q2,,2,2,Q2,Q2,Q2,0,2,1,1,Q2,0,2,1,1,Q2,0,2,1,1,0
https://openalex.org/W2117657273,09500170,Q1,,1,1,Q1,Q1,Q1,1,1,1,1,Q1,1,1,1,1,Q1,1,1,1,1,1
https://openalex.org/W2117991061,09513574,Q2,,2,2,Q2,Q2,Q2,0,2,1,1,Q2,0,2,1,1,Q2,0,2,1,1,0
https://openalex.org/W2118260386,08887993,Q2,,1,1,Q1,Q1,Q2,0,2,1,1,Q1,1,1,1,1,Q1,1,1,1,1,0
https://openalex.org/W2118758670,09255273,Q1,,1,1,Q1,Q1,Q1,1,1,1,1,Q1,1,1,1,1,Q1,1,1,1,1,1
https://openalex.org/W2119023044,08894019,Q1,,2,2,Q2,Q2,Q1,1,1,1,1,Q2,0,2,1,1,Q2,0,2,1,1,1
https://openalex.org/W2119356673,02734753,Q2,,2,2,Q2,Q2,Q2,0,2,1,1,Q2,0,2,1,1,Q2,0,2,1,1,0
https://openalex.org/W2120646167,01446193,Q2,,1,1,Q1,Q1,Q2,0,2,1,1,Q1,1,1,1,1,Q1,1,1,1,1,0
https://openalex.org/W2120646225,00222879,Q1,,1,1,Q1,Q1,Q1,1,1,1,1,Q1,1,1,1,1,Q1,1,1,1,1,1
https://openalex.org/W2120707074,09699988,Q2,,1,1,Q1,Q1,Q2,0,2,1,1,Q1,1,1,1,1,Q1,1,1,1,1,0
https://openalex.org/W2121017325,01446193,Q2,,1,1,Q1,Q1,Q2,0,2,1,1,Q1,1,1,1,1,Q1,1,1,1,1,0
https://openalex.org/W2121832325,13665626,Q4,,2,2,Q2,Q2,Q4,0,4,0,0,Q2,0,2,1,1,Q2,0,2,1,1,0
https://openalex.org/W2121952881,01972243,Q1,,1,1,Q1,Q1,Q1,1,1,1,1,Q1,1,1,1,1,Q1,1,1,1,1,1
https://openalex.org/W2122436889,13603736,-,,5,4,Unranked,Q4,Unranked,0,5,0,0,Unranked,0,5,0,0,Q4,0,4,0,0,0
https://openalex.org/W2123378202,00081256,Q1,,1,1,Q1,Q1,Q1,1,1,1,1,Q1,1,1,1,1,Q1,1,1,1,1,1
https://openalex.org/W2123486174,10353046,Q4,,4,4,Q4,Q4,Q4,0,4,0,0,Q4,0,4,0,0,Q4,0,4,0,0,0
https://openalex.org/W2123496781,00935301,Q1,,1,1,Q1,Q1,Q1,1,1,1,1,Q1,1,1,1,1,Q1,1,1,1,1,1
https://openalex.org/W2123536276,09507051,Q2,,2,2,Q2,Q2,Q2,0,2,1,1,Q2,0,2,1,1,Q2,0,2,1,1,0
https://openalex.org/W2123687015,01605682,Q1,,1,1,Q1,Q1,Q1,1,1,1,1,Q1,1,1,1,1,Q1,1,1,1,1,1
https://openalex.org/W2124565347,08832323,Q2,,2,2,Q2,Q2,Q2,0,2,1,1,Q2,0,2,1,1,Q2,0,2,1,1,0
https://openalex.org/W2124710753,09500170,Q1,,1,1,Q1,Q1,Q1,1,1,1,1,Q1,1,1,1,1,Q1,1,1,1,1,1
https://openalex.org/W2125286303,10967508,Q2,,2,2,Q2,Q2,Q2,0,2,1,1,Q2,0,2,1,1,Q2,0,2,1,1,0
https://openalex.org/W2125595099,00163287,Q1,,1,1,Q1,Q1,Q1,1,1,1,1,Q1,1,1,1,1,Q1,1,1,1,1,1
https://openalex.org/W2125793159,00081256,Q1,,1,1,Q1,Q1,Q1,1,1,1,1,Q1,1,1,1,1,Q1,1,1,1,1,1
https://openalex.org/W2126129326,01437720,Q3,,3,3,Q3,Q3,Q3,0,3,0,1,Q3,0,3,0,1,Q3,0,3,0,1,0
https://openalex.org/W2126294838,00219886,Q1,,1,1,Q1,Q1,Q1,1,1,1,1,Q1,1,1,1,1,Q1,1,1,1,1,1
https://openalex.org/W2126368033,09696016,Q2,,1,1,Q1,Q1,Q2,0,2,1,1,Q1,1,1,1,1,Q1,1,1,1,1,0
https://openalex.org/W2126871058,03785920,Q2,,2,2,Q2,Q2,Q2,0,2,1,1,Q2,0,2,1,1,Q2,0,2,1,1,0
https://openalex.org/W2127140350,01446193,Q2,,1,1,Q1,Q1,Q2,0,2,1,1,Q1,1,1,1,1,Q1,1,1,1,1,0
https://openalex.org/W2127382756,09638180,Q3,,2,2,Q2,Q2,Q3,0,3,0,1,Q2,0,2,1,1,Q2,0,2,1,1,0
https://openalex.org/W2127448915,10448004,Q3,,2,2,Q2,Q2,Q3,0,3,0,1,Q2,0,2,1,1,Q2,0,2,1,1,0
https://openalex.org/W2127505520,00251747,Q2,,2,2,Q2,Q2,Q2,0,2,1,1,Q2,0,2,1,1,Q2,0,2,1,1,0
https://openalex.org/W2129091528,10384111,Q3,,2,3,Q2,Q3,Q3,0,3,0,1,Q2,0,2,1,1,Q3,0,3,0,1,0
https://openalex.org/W2129277132,08887993,Q2,,1,1,Q1,Q1,Q2,0,2,1,1,Q1,1,1,1,1,Q1,1,1,1,1,0
https://openalex.org/W2129946170,08858624,Q1,,1,1,Q1,Q1,Q1,1,1,1,1,Q1,1,1,1,1,Q1,1,1,1,1,1
https://openalex.org/W2130140970,00223980,Q2,,2,2,Q2,Q2,Q2,0,2,1,1,Q2,0,2,1,1,Q2,0,2,1,1,0
https://openalex.org/W2130166634,02586770,Q1,,1,1,Q1,Q1,Q1,1,1,1,1,Q1,1,1,1,1,Q1,1,1,1,1,1
https://openalex.org/W2131423611,00336807,Q1,,1,1,Q1,Q1,Q1,1,1,1,1,Q1,1,1,1,1,Q1,1,1,1,1,1
https://openalex.org/W2131507808,00246301,Q2,,1,1,Q1,Q1,Q2,0,2,1,1,Q1,1,1,1,1,Q1,1,1,1,1,0
https://openalex.org/W2132522811,08832323,Q2,,2,2,Q2,Q2,Q2,0,2,1,1,Q2,0,2,1,1,Q2,0,2,1,1,0
https://openalex.org/W2132794629,02615177,Q1,,1,1,Q1,Q1,Q1,1,1,1,1,Q1,1,1,1,1,Q1,1,1,1,1,1
https://openalex.org/W2135621394,07339364,Q1,,1,1,Q1,Q1,Q1,1,1,1,1,Q1,1,1,1,1,Q1,1,1,1,1,1
https://openalex.org/W2135654940,00251909,Q1,,1,1,Q1,Q1,Q1,1,1,1,1,Q1,1,1,1,1,Q1,1,1,1,1,1
https://openalex.org/W2135764736,13603124,Q2,,2,2,Q2,Q2,Q2,0,2,1,1,Q2,0,2,1,1,Q2,0,2,1,1,0
https://openalex.org/W2135934809,09526862,Q2,,2,2,Q2,Q2,Q2,0,2,1,1,Q2,0,2,1,1,Q2,0,2,1,1,0
https://openalex.org/W2135944970,02637863,Q1,,1,1,Q1,Q1,Q1,1,1,1,1,Q1,1,1,1,1,Q1,1,1,1,1,1
https://openalex.org/W2136408644,01436228,Q2,,1,1,Q1,Q1,Q2,0,2,1,1,Q1,1,1,1,1,Q1,1,1,1,1,0
https://openalex.org/W2136410162,0304405X,Q1,,1,1,Q1,Q1,Q1,1,1,1,1,Q1,1,1,1,1,Q1,1,1,1,1,1
https://openalex.org/W2137013139,00472875,Q1,,1,1,Q1,Q1,Q1,1,1,1,1,Q1,1,1,1,1,Q1,1,1,1,1,1
https://openalex.org/W2137494851,09585192,Q1,,1,1,Q1,Q1,Q1,1,1,1,1,Q1,1,1,1,1,Q1,1,1,1,1,1
https://openalex.org/W2138440419,00472875,Q1,,1,1,Q1,Q1,Q1,1,1,1,1,Q1,1,1,1,1,Q1,1,1,1,1,1
https://openalex.org/W2138585783,10835601,Q2,,2,2,Q2,Q2,Q2,0,2,1,1,Q2,0,2,1,1,Q2,0,2,1,1,0
https://openalex.org/W2138623150,00221856,Q1,,2,2,Q2,Q2,Q1,1,1,1,1,Q2,0,2,1,1,Q2,0,2,1,1,1
https://openalex.org/W2139063093,02615177,Q1,,1,1,Q1,Q1,Q1,1,1,1,1,Q1,1,1,1,1,Q1,1,1,1,1,1
https://openalex.org/W2141434853,10967508,Q2,,2,2,Q2,Q2,Q2,0,2,1,1,Q2,0,2,1,1,Q2,0,2,1,1,0
https://openalex.org/W2142489374,02642751,Q2,,1,1,Q1,Q1,Q2,0,2,1,1,Q1,1,1,1,1,Q1,1,1,1,1,0
https://openalex.org/W2142743870,10949968,Q2,,1,1,Q1,Q1,Q2,0,2,1,1,Q1,1,1,1,1,Q1,1,1,1,1,0
https://openalex.org/W2142936609,03787206,Q1,,1,1,Q1,Q1,Q1,1,1,1,1,Q1,1,1,1,1,Q1,1,1,1,1,1
https://openalex.org/W2143210297,07339364,Q1,,1,1,Q1,Q1,Q1,1,1,1,1,Q1,1,1,1,1,Q1,1,1,1,1,1
https://openalex.org/W2143574620,02586770,Q1,,1,1,Q1,Q1,Q1,1,1,1,1,Q1,1,1,1,1,Q1,1,1,1,1,1
https://openalex.org/W2144575309,13673270,Q3,,1,1,Q1,Q1,Q3,0,3,0,1,Q1,1,1,1,1,Q1,1,1,1,1,0
https://openalex.org/W2145650259,08944865,Q2,,1,1,Q1,Q1,Q2,0,2,1,1,Q1,1,1,1,1,Q1,1,1,1,1,0
https://openalex.org/W2146136332,0265671X,Q1,,1,1,Q1,Q1,Q1,1,1,1,1,Q1,1,1,1,1,Q1,1,1,1,1,1
https://openalex.org/W2146210196,00472875,Q1,,1,1,Q1,Q1,Q1,1,1,1,1,Q1,1,1,1,1,Q1,1,1,1,1,1
https://openalex.org/W2146647586,09255273,Q1,,1,1,Q1,Q1,Q1,1,1,1,1,Q1,1,1,1,1,Q1,1,1,1,1,1
https://openalex.org/W2147230011,15232409,-,,1,1,Q1,Q1,Unranked,0,5,0,0,Q1,1,1,1,1,Q1,1,1,1,1,0
https://openalex.org/W2147308614,02734753,Q2,,2,2,Q2,Q2,Q2,0,2,1,1,Q2,0,2,1,1,Q2,0,2,1,1,0
https://openalex.org/W2148020211,00219886,Q1,,1,1,Q1,Q1,Q1,1,1,1,1,Q1,1,1,1,1,Q1,1,1,1,1,1
https://openalex.org/W2148386731,02615177,Q1,,1,1,Q1,Q1,Q1,1,1,1,1,Q1,1,1,1,1,Q1,1,1,1,1,1
https://openalex.org/W2148443913,09500170,Q1,,1,1,Q1,Q1,Q1,1,1,1,1,Q1,1,1,1,1,Q1,1,1,1,1,1
https://openalex.org/W2148500112,00472875,Q1,,1,1,Q1,Q1,Q1,1,1,1,1,Q1,1,1,1,1,Q1,1,1,1,1,1
https://openalex.org/W2148834205,0143831X,Q2,,1,1,Q1,Q1,Q2,0,2,1,1,Q1,1,1,1,1,Q1,1,1,1,1,0
https://openalex.org/W2149066284,09669582,Q1,,1,1,Q1,Q1,Q1,1,1,1,1,Q1,1,1,1,1,Q1,1,1,1,1,1
https://openalex.org/W2149213331,03787206,Q1,,1,1,Q1,Q1,Q1,1,1,1,1,Q1,1,1,1,1,Q1,1,1,1,1,1
https://openalex.org/W2149585471,00207780,Q2,,2,2,Q2,Q2,Q2,0,2,1,1,Q2,0,2,1,1,Q2,0,2,1,1,0
https://openalex.org/W2149728836,10468781,Q3,,2,2,Q2,Q2,Q3,0,3,0,1,Q2,0,2,1,1,Q2,0,2,1,1,0
https://openalex.org/W2149903743,00189391,Q2,,1,1,Q1,Q1,Q2,0,2,1,1,Q1,1,1,1,1,Q1,1,1,1,1,0
https://openalex.org/W2150334003,01446193,Q2,,1,1,Q1,Q1,Q2,0,2,1,1,Q1,1,1,1,1,Q1,1,1,1,1,0
https://openalex.org/W2150400571,03785920,Q2,,2,2,Q2,Q2,Q2,0,2,1,1,Q2,0,2,1,1,Q2,0,2,1,1,0
https://openalex.org/W2150728718,00920703,Q1,,1,1,Q1,Q1,Q1,1,1,1,1,Q1,1,1,1,1,Q1,1,1,1,1,1
https://openalex.org/W2152078663,00922102,Q2,,1,1,Q1,Q1,Q2,0,2,1,1,Q1,1,1,1,1,Q1,1,1,1,1,0
https://openalex.org/W2153178313,02586770,Q1,,1,1,Q1,Q1,Q1,1,1,1,1,Q1,1,1,1,1,Q1,1,1,1,1,1
https://openalex.org/W2153793381,01679236,Q2,,1,1,Q1,Q1,Q2,0,2,1,1,Q1,1,1,1,1,Q1,1,1,1,1,0
https://openalex.org/W2154866199,01664972,Q2,,1,1,Q1,Q1,Q2,0,2,1,1,Q1,1,1,1,1,Q1,1,1,1,1,0
https://openalex.org/W2155358418,00189391,Q2,,1,1,Q1,Q1,Q2,0,2,1,1,Q1,1,1,1,1,Q1,1,1,1,1,0
https://openalex.org/W2156020475,08858624,Q1,,1,1,Q1,Q1,Q1,1,1,1,1,Q1,1,1,1,1,Q1,1,1,1,1,1
https://openalex.org/W2156916434,0007070X,Q2,,2,2,Q2,Q2,Q2,0,2,1,1,Q2,0,2,1,1,Q2,0,2,1,1,0
https://openalex.org/W2157237237,00220787,Q2,,3,3,Q3,Q3,Q2,0,2,1,1,Q3,0,3,0,1,Q3,0,3,0,1,0
https://openalex.org/W2157588244,15589080,Q1,,1,1,Q1,Q1,Q1,1,1,1,1,Q1,1,1,1,1,Q1,1,1,1,1,1
https://openalex.org/W2157655405,01976729,Q3,,2,2,Q2,Q2,Q3,0,3,0,1,Q2,0,2,1,1,Q2,0,2,1,1,0
https://openalex.org/W2157725997,00472875,Q1,,1,1,Q1,Q1,Q1,1,1,1,1,Q1,1,1,1,1,Q1,1,1,1,1,1
https://openalex.org/W2158001740,02586770,Q1,,1,1,Q1,Q1,Q1,1,1,1,1,Q1,1,1,1,1,Q1,1,1,1,1,1
https://openalex.org/W2158155720,00251909,Q1,,1,1,Q1,Q1,Q1,1,1,1,1,Q1,1,1,1,1,Q1,1,1,1,1,1
https://openalex.org/W2158266080,07339364,Q1,,1,1,Q1,Q1,Q1,1,1,1,1,Q1,1,1,1,1,Q1,1,1,1,1,1
https://openalex.org/W2158818296,00336807,Q1,,1,1,Q1,Q1,Q1,1,1,1,1,Q1,1,1,1,1,Q1,1,1,1,1,1
https://openalex.org/W2160035181,1087724X,Q2,,2,3,Q2,Q3,Q2,0,2,1,1,Q2,0,2,1,1,Q3,0,3,0,1,0
https://openalex.org/W2160154797,00251909,Q1,,1,1,Q1,Q1,Q1,1,1,1,1,Q1,1,1,1,1,Q1,1,1,1,1,1
https://openalex.org/W2160277425,0015198X,Q2,,1,1,Q1,Q1,Q2,0,2,1,1,Q1,1,1,1,1,Q1,1,1,1,1,0
https://openalex.org/W2163705453,13527266,Q2,,2,2,Q2,Q2,Q2,0,2,1,1,Q2,0,2,1,1,Q2,0,2,1,1,0
https://openalex.org/W2163990027,00224065,Q1,,1,1,Q1,Q1,Q1,1,1,1,1,Q1,1,1,1,1,Q1,1,1,1,1,1
https://openalex.org/W2164094849,02662426,Q1,,1,1,Q1,Q1,Q1,1,1,1,1,Q1,1,1,1,1,Q1,1,1,1,1,1
https://openalex.org/W2164095416,09500170,Q1,,1,1,Q1,Q1,Q1,1,1,1,1,Q1,1,1,1,1,Q1,1,1,1,1,1
https://openalex.org/W2165125158,07484526,Q2,,3,3,Q3,Q3,Q2,0,2,1,1,Q3,0,3,0,1,Q3,0,3,0,1,0
https://openalex.org/W2166047877,01446193,Q2,,1,1,Q1,Q1,Q2,0,2,1,1,Q1,1,1,1,1,Q1,1,1,1,1,0
https://openalex.org/W2166241407,01446193,Q2,,1,1,Q1,Q1,Q2,0,2,1,1,Q1,1,1,1,1,Q1,1,1,1,1,0
https://openalex.org/W2166778591,13567667,Q2,,1,1,Q1,Q1,Q2,0,2,1,1,Q1,1,1,1,1,Q1,1,1,1,1,0
https://openalex.org/W2166938669,02634503,Q3,,2,2,Q2,Q2,Q3,0,3,0,1,Q2,0,2,1,1,Q2,0,2,1,1,0
https://openalex.org/W2167155474,03085961,-,,5,5,Unranked,Unranked,Unranked,0,5,0,0,Unranked,0,5,0,0,Unranked,0,5,0,0,0
https://openalex.org/W2167192024,15232409,-,,1,1,Q1,Q1,Unranked,0,5,0,0,Q1,1,1,1,1,Q1,1,1,1,1,0
https://openalex.org/W2167224012,09255273,Q1,,1,1,Q1,Q1,Q1,1,1,1,1,Q1,1,1,1,1,Q1,1,1,1,1,1
https://openalex.org/W2168492178,09590552,Q1,,1,1,Q1,Q1,Q1,1,1,1,1,Q1,1,1,1,1,Q1,1,1,1,1,1
https://openalex.org/W2169829798,01446193,Q2,,1,1,Q1,Q1,Q2,0,2,1,1,Q1,1,1,1,1,Q1,1,1,1,1,0
https://openalex.org/W2170308123,01972243,Q1,,1,1,Q1,Q1,Q1,1,1,1,1,Q1,1,1,1,1,Q1,1,1,1,1,1
https://openalex.org/W2170510028,00117315,Q1,,1,1,Q1,Q1,Q1,1,1,1,1,Q1,1,1,1,1,Q1,1,1,1,1,1
https://openalex.org/W2170824879,00207543,Q1,,1,1,Q1,Q1,Q1,1,1,1,1,Q1,1,1,1,1,Q1,1,1,1,1,1
https://openalex.org/W2170939742,08894019,Q1,,2,2,Q2,Q2,Q1,1,1,1,1,Q2,0,2,1,1,Q2,0,2,1,1,1
https://openalex.org/W2171762840,00472875,Q1,,1,1,Q1,Q1,Q1,1,1,1,1,Q1,1,1,1,1,Q1,1,1,1,1,1
https://openalex.org/W2171838808,10690727,Q2,,1,1,Q1,Q1,Q2,0,2,1,1,Q1,1,1,1,1,Q1,1,1,1,1,0
https://openalex.org/W2317382328,10531858,Q1,,1,1,Q1,Q1,Q1,1,1,1,1,Q1,1,1,1,1,Q1,1,1,1,1,1
https://openalex.org/W2317791422,03616274,Q2,,2,2,Q2,Q2,Q2,0,2,1,1,Q2,0,2,1,1,Q2,0,2,1,1,0
https://openalex.org/W2320153317,0160449X,Q4,,2,2,Q2,Q2,Q4,0,4,0,0,Q2,0,2,1,1,Q2,0,2,1,1,0
https://openalex.org/W2324178358,03616274,Q2,,2,2,Q2,Q2,Q2,0,2,1,1,Q2,0,2,1,1,Q2,0,2,1,1,0
https://openalex.org/W2335170121,00076805,Q2,,2,2,Q2,Q2,Q2,0,2,1,1,Q2,0,2,1,1,Q2,0,2,1,1,0
https://openalex.org/W2396454679,10969012,Q2,,2,2,Q2,Q2,Q2,0,2,1,1,Q2,0,2,1,1,Q2,0,2,1,1,0
https://openalex.org/W246121426,08956308,Q1,,2,2,Q2,Q2,Q1,1,1,1,1,Q2,0,2,1,1,Q2,0,2,1,1,1
https://openalex.org/W2563562936,00213624,Q1,,2,2,Q2,Q2,Q1,1,1,1,1,Q2,0,2,1,1,Q2,0,2,1,1,1
https://openalex.org/W2572706653,00401625,Q2,,1,1,Q1,Q1,Q2,0,2,1,1,Q1,1,1,1,1,Q1,1,1,1,1,0
https://openalex.org/W2603599440,02650487,-,,5,3,Unranked,Q3,Unranked,0,5,0,0,Unranked,0,5,0,0,Q3,0,3,0,1,0
https://openalex.org/W2789615897,00224065,Q1,,1,1,Q1,Q1,Q1,1,1,1,1,Q1,1,1,1,1,Q1,1,1,1,1,1
https://openalex.org/W2789811844,00224065,Q1,,1,1,Q1,Q1,Q1,1,1,1,1,Q1,1,1,1,1,Q1,1,1,1,1,1
https://openalex.org/W2910859141,08974438,Q3,,2,2,Q2,Q2,Q3,0,3,0,1,Q2,0,2,1,1,Q2,0,2,1,1,0
https://openalex.org/W2993426288,00472778,Q1,,1,1,Q1,Q1,Q1,1,1,1,1,Q1,1,1,1,1,Q1,1,1,1,1,1
https://openalex.org/W2993508940,00218499,Q1,,1,1,Q1,Q1,Q1,1,1,1,1,Q1,1,1,1,1,Q1,1,1,1,1,1
https://openalex.org/W3020863142,0734306X,Q1,,1,1,Q1,Q1,Q1,1,1,1,1,Q1,1,1,1,1,Q1,1,1,1,1,1
https://openalex.org/W3022880538,14657341,Q1,,1,1,Q1,Q1,Q1,1,1,1,1,Q1,1,1,1,1,Q1,1,1,1,1,1
https://openalex.org/W3040088748,01687034,Q3,,2,2,Q2,Q2,Q3,0,3,0,1,Q2,0,2,1,1,Q2,0,2,1,1,0
https://openalex.org/W3121359812,00280283,Q1,,1,2,Q1,Q2,Q1,1,1,1,1,Q1,1,1,1,1,Q2,0,2,1,1,1
https://openalex.org/W3121433632,02586770,Q1,,1,1,Q1,Q1,Q1,1,1,1,1,Q1,1,1,1,1,Q1,1,1,1,1,1
https://openalex.org/W3121462099,00207780,Q2,,2,2,Q2,Q2,Q2,0,2,1,1,Q2,0,2,1,1,Q2,0,2,1,1,0
https://openalex.org/W3121673802,0734306X,Q1,,1,1,Q1,Q1,Q1,1,1,1,1,Q1,1,1,1,1,Q1,1,1,1,1,1
https://openalex.org/W3122053389,00222429,Q1,,1,1,Q1,Q1,Q1,1,1,1,1,Q1,1,1,1,1,Q1,1,1,1,1,1
https://openalex.org/W3122468789,00280283,Q1,,1,2,Q1,Q2,Q1,1,1,1,1,Q1,1,1,1,1,Q2,0,2,1,1,1
https://openalex.org/W3122593723,00981818,Q1,,2,2,Q2,Q2,Q1,1,1,1,1,Q2,0,2,1,1,Q2,0,2,1,1,1
https://openalex.org/W3123266322,00218456,Q1,,1,1,Q1,Q1,Q1,1,1,1,1,Q1,1,1,1,1,Q1,1,1,1,1,1
https://openalex.org/W3123360561,08887993,Q2,,1,1,Q1,Q1,Q2,0,2,1,1,Q1,1,1,1,1,Q1,1,1,1,1,0
https://openalex.org/W3124110342,08887993,Q2,,1,1,Q1,Q1,Q2,0,2,1,1,Q1,1,1,1,1,Q1,1,1,1,1,0
https://openalex.org/W3125256595,00218456,Q1,,1,1,Q1,Q1,Q1,1,1,1,1,Q1,1,1,1,1,Q1,1,1,1,1,1
https://openalex.org/W3125323042,00219398,Q1,,1,1,Q1,Q1,Q1,1,1,1,1,Q1,1,1,1,1,Q1,1,1,1,1,1
https://openalex.org/W319998267,08956308,Q1,,2,2,Q2,Q2,Q1,1,1,1,1,Q2,0,2,1,1,Q2,0,2,1,1,1
https://openalex.org/W4210589000,00224065,Q1,,1,1,Q1,Q1,Q1,1,1,1,1,Q1,1,1,1,1,Q1,1,1,1,1,1
https://openalex.org/W4231291945,02632373,Q2,,2,2,Q2,Q2,Q2,0,2,1,1,Q2,0,2,1,1,Q2,0,2,1,1,0
https://openalex.org/W4236025848,09696016,Q2,,1,1,Q1,Q1,Q2,0,2,1,1,Q1,1,1,1,1,Q1,1,1,1,1,0
https://openalex.org/W423894467,02650487,-,,5,3,Unranked,Q3,Unranked,0,5,0,0,Unranked,0,5,0,0,Q3,0,3,0,1,0
https://openalex.org/W4245013494,00187267,Q1,,1,1,Q1,Q1,Q1,1,1,1,1,Q1,1,1,1,1,Q1,1,1,1,1,1
https://openalex.org/W4246999810,03611434,Q1,,1,1,Q1,Q1,Q1,1,1,1,1,Q1,1,1,1,1,Q1,1,1,1,1,1
https://openalex.org/W4249087310,01607383,Q1,,1,1,Q1,Q1,Q1,1,1,1,1,Q1,1,1,1,1,Q1,1,1,1,1,1
https://openalex.org/W4253619877,07376782,Q1,,1,1,Q1,Q1,Q1,1,1,1,1,Q1,1,1,1,1,Q1,1,1,1,1,1
https://openalex.org/W4255980918,08939454,Q1,,1,1,Q1,Q1,Q1,1,1,1,1,Q1,1,1,1,1,Q1,1,1,1,1,1
https://openalex.org/W816912936,00280283,Q1,,1,2,Q1,Q2,Q1,1,1,1,1,Q1,1,1,1,1,Q2,0,2,1,1,1
https://openalex.org/W991666217,01672533,Q2,,2,2,Q2,Q2,Q2,0,2,1,1,Q2,0,2,1,1,Q2,0,2,1,1,0
