focal_id,issn_clean,SJR Best Quartile
https://openalex.org/W112679860,0022-4065,Q1
https://openalex.org/W123496065,0895-6308,Q1
https://openalex.org/W140229332,0021-3624,Q1
https://openalex.org/W145704741,0019-8501,Q1
https://openalex.org/W1479901483,0883-9026,Q1
https://openalex.org/W1508366956,0142-5455,Q1
https://openalex.org/W1510615428,0022-166X,Q1
https://openalex.org/W1518660991,0048-3486,Q2
https://openalex.org/W1519438511,0896-1530,Q2
https://openalex.org/W1519690358,0262-1711,Q2
https://openalex.org/W1525826344,1463-7154,Q2
https://openalex.org/W1537326340,0262-1711,Q2
https://openalex.org/W1539799364,0143-7720,Q3
https://openalex.org/W1542245027,0142-5455,Q1
https://openalex.org/W1546498684,0148-2963,Q1
https://openalex.org/W1547128628,0098-1818,Q1
https://openalex.org/W1547802382,0160-8061,Q1
https://openalex.org/W1557249045,0262-1711,Q2
https://openalex.org/W1564684139,0167-4544,Q1
https://openalex.org/W1566255917,0148-2963,Q1
https://openalex.org/W1567329226,0735-9683,Q3
https://openalex.org/W1580216811,0143-7720,Q3
https://openalex.org/W1582424333,0047-2778,Q1
https://openalex.org/W1583348599,0042-8736,-
https://openalex.org/W1592357338,0007-070X,Q2
https://openalex.org/W1604454030,0265-0487,-
https://openalex.org/W186597584,0742-1222,Q1
https://openalex.org/W1875832464,1098-2140,Q2
https://openalex.org/W1911287656,0015-198X,Q2
https://openalex.org/W1926291594,0015-198X,Q2
https://openalex.org/W1959391044,1463-5771,-
https://openalex.org/W1963668052,1355-2511,Q4
https://openalex.org/W1963845080,0025-1747,Q2
https://openalex.org/W1964443608,0025-1747,Q2
https://openalex.org/W1964459852,0007-070X,Q2
https://openalex.org/W1964522283,0093-5301,Q1
https://openalex.org/W1964713700,1035-6908,Q3
https://openalex.org/W1964841027,1038-4111,Q3
https://openalex.org/W1965075003,0263-7863,Q1
https://openalex.org/W1965578218,0959-6119,Q3
https://openalex.org/W1965686018,0308-5961,-
https://openalex.org/W1965768412,0007-6813,Q2
https://openalex.org/W1966139184,0965-8564,-
https://openalex.org/W1966338194,0019-8501,Q1
https://openalex.org/W1966362797,0733-9364,Q1
https://openalex.org/W1966570090,0883-2323,Q2
https://openalex.org/W1966658812,1462-6004,Q2
https://openalex.org/W1966828257,1463-578X,-
https://openalex.org/W1967099666,0969-6016,Q2
https://openalex.org/W1967461016,0733-9364,Q1
https://openalex.org/W1967495926,0261-5177,Q1
https://openalex.org/W1968128799,0557-9325,Q1
https://openalex.org/W1968262618,1052-5629,Q2
https://openalex.org/W1968817361,0590-8876,Q4
https://openalex.org/W1969212412,0197-6729,Q3
https://openalex.org/W1969265413,0265-671X,Q1
https://openalex.org/W1969349522,0965-8564,-
https://openalex.org/W1969481673,0144-6193,Q2
https://openalex.org/W1969596871,0956-5698,Q3
https://openalex.org/W1969780934,0264-2751,Q2
https://openalex.org/W1970017864,1471-5201,-
https://openalex.org/W1970126236,0952-6862,Q2
https://openalex.org/W1970417167,0894-8453,Q2
https://openalex.org/W1970491547,0925-5273,Q1
https://openalex.org/W1970616524,0265-2323,Q2
https://openalex.org/W1971144426,0883-2323,Q2
https://openalex.org/W1971283722,0190-0692,-
https://openalex.org/W1971571318,0148-2963,Q1
https://openalex.org/W1971907716,0734-306X,Q1
https://openalex.org/W1972156925,0009-4056,-
https://openalex.org/W1972221426,0955-6222,Q2
https://openalex.org/W1972225102,0001-4788,Q3
https://openalex.org/W1972387448,1226-508X,Q3
https://openalex.org/W1972994331,0965-8564,-
https://openalex.org/W1973706554,0144-6193,Q2
https://openalex.org/W1973782740,0022-2429,Q1
https://openalex.org/W1973956815,1042-9247,-
https://openalex.org/W1974213822,1353-3452,Q2
https://openalex.org/W1975034403,0951-3574,Q2
https://openalex.org/W1975294000,0954-5395,Q1
https://openalex.org/W1975323984,0007-6813,Q2
https://openalex.org/W1975652022,0960-085X,-
https://openalex.org/W1975875128,0250-8281,-
https://openalex.org/W1975987200,1037-1656,Q4
https://openalex.org/W1976008656,0957-1787,Q2
https://openalex.org/W1976233442,1066-7938,Q4
https://openalex.org/W1976406320,0308-5147,Q1
https://openalex.org/W1976566279,0960-0035,Q2
https://openalex.org/W1977092654,1355-2511,Q4
https://openalex.org/W1978361971,0276-8739,Q1
https://openalex.org/W1978818664,0963-8687,Q2
https://openalex.org/W1978862321,0143-6228,Q2
https://openalex.org/W1978917549,0950-4222,Q2
https://openalex.org/W1979189996,0007-6813,Q2
https://openalex.org/W1979749010,0965-8564,-
https://openalex.org/W1979789475,0951-3574,Q2
https://openalex.org/W1979826157,0144-6193,Q2
https://openalex.org/W1979886040,0959-6526,Q3
https://openalex.org/W1980247795,0733-9364,Q1
https://openalex.org/W1980287987,0748-5751,Q3
https://openalex.org/W1980626775,0025-1747,Q2
https://openalex.org/W1980717731,0955-6222,Q2
https://openalex.org/W1981020613,1523-2409,-
https://openalex.org/W1981221041,0264-2751,Q2
https://openalex.org/W1981849920,0267-5730,Q2
https://openalex.org/W1981858391,0020-7780,Q2
https://openalex.org/W1982037127,0160-791X,Q2
https://openalex.org/W1982113842,1052-3928,Q3
https://openalex.org/W1982554537,1030-1763,-
https://openalex.org/W1982792314,0022-1856,Q1
https://openalex.org/W1982802181,1018-5895,-
https://openalex.org/W1982877118,0958-5192,Q1
https://openalex.org/W1983380146,0266-2426,Q1
https://openalex.org/W1983585567,0363-8111,Q2
https://openalex.org/W1983617709,0022-0787,Q2
https://openalex.org/W1983654051,0147-1767,Q1
https://openalex.org/W1983738955,0953-4814,Q2
https://openalex.org/W1983958582,1083-5601,Q2
https://openalex.org/W1984122890,1464-2859,Q4
https://openalex.org/W1984490321,0020-7780,Q2
https://openalex.org/W1984504292,0018-9391,Q2
https://openalex.org/W1984590739,0007-6813,Q2
https://openalex.org/W1985048288,0007-070X,Q2
https://openalex.org/W1985187448,0925-5273,Q1
https://openalex.org/W1985304483,0040-1625,Q2
https://openalex.org/W1985629980,0883-2323,Q2
https://openalex.org/W1985848571,1523-2409,-
https://openalex.org/W1985908800,1052-3928,Q3
https://openalex.org/W1985909471,0020-7780,Q2
https://openalex.org/W1986102741,0749-5978,Q1
https://openalex.org/W1986120988,1042-9247,-
https://openalex.org/W1986173463,0264-2751,Q2
https://openalex.org/W1986387890,0887-302X,Q3
https://openalex.org/W1986459789,0883-2323,Q2
https://openalex.org/W1986981725,0969-9988,Q2
https://openalex.org/W1987066100,0160-5682,Q1
https://openalex.org/W1987911663,1030-1763,-
https://openalex.org/W1987918860,0308-5147,Q1
https://openalex.org/W1988196361,0166-4972,Q2
https://openalex.org/W1988421817,0265-671X,Q1
https://openalex.org/W1988824047,1057-9214,Q2
https://openalex.org/W1989456639,0925-5273,Q1
https://openalex.org/W1991130919,0308-5961,-
https://openalex.org/W1991305487,0267-5730,Q2
https://openalex.org/W1991439075,0557-9325,Q1
https://openalex.org/W1991475006,0264-2069,Q2
https://openalex.org/W1991571800,0969-9988,Q2
https://openalex.org/W1991583639,0925-5273,Q1
https://openalex.org/W1991787874,1352-7592,Q3
https://openalex.org/W1991971356,0925-5273,Q1
https://openalex.org/W1992711263,1471-5201,-
https://openalex.org/W1992719188,1061-0421,Q3
https://openalex.org/W1992818446,0888-7993,Q2
https://openalex.org/W1993316688,1074-3529,Q1
https://openalex.org/W1993745602,0160-5682,Q1
https://openalex.org/W1994000270,0308-5961,-
https://openalex.org/W1994033055,0040-0912,Q2
https://openalex.org/W1994174994,0143-831X,Q2
https://openalex.org/W1994201446,0020-5346,Q3
https://openalex.org/W1994528974,0969-6474,Q3
https://openalex.org/W1994805899,0925-5273,Q1
https://openalex.org/W1995313155,0143-7720,Q3
https://openalex.org/W1996021822,0163-5840,Q1
https://openalex.org/W1996148434,0142-5455,Q1
https://openalex.org/W1996189363,0378-7206,Q1
https://openalex.org/W1996472974,1352-7592,Q3
https://openalex.org/W1996546452,0040-1625,Q2
https://openalex.org/W1996958930,1121-7081,Q3
https://openalex.org/W1997020049,0263-2373,Q2
https://openalex.org/W1997068125,0278-6648,Q4
https://openalex.org/W1997173798,1083-5601,Q2
https://openalex.org/W1997365507,0894-3257,Q1
https://openalex.org/W1997529716,0883-2323,Q2
https://openalex.org/W1998268563,0959-6526,Q3
https://openalex.org/W1998319635,1362-0436,Q3
https://openalex.org/W1998544780,0090-4848,Q1
https://openalex.org/W1998960900,0090-4848,Q1
https://openalex.org/W1999059049,0361-6274,Q2
https://openalex.org/W1999092572,0149-7189,Q2
https://openalex.org/W1999104902,0925-5273,Q1
https://openalex.org/W1999428144,0959-6119,Q3
https://openalex.org/W2000112833,1035-6908,Q3
https://openalex.org/W2000406585,0268-3962,Q3
https://openalex.org/W2000682629,0363-8111,Q2
https://openalex.org/W2000716595,1355-2554,Q2
https://openalex.org/W2001094322,1096-3758,Q4
https://openalex.org/W2001660077,1056-4926,Q1
https://openalex.org/W2002011071,0007-6813,Q2
https://openalex.org/W2002350536,0264-2069,Q2
https://openalex.org/W2002396731,0736-3761,Q2
https://openalex.org/W2002488409,0263-2373,Q2
https://openalex.org/W2003291965,0733-9364,Q1
https://openalex.org/W2004043788,0965-075X,Q2
https://openalex.org/W2004616133,1360-3736,-
https://openalex.org/W2004635495,0143-831X,Q2
https://openalex.org/W2004899435,0883-2323,Q2
https://openalex.org/W2005198731,0278-6648,Q4
https://openalex.org/W2005728720,0092-2102,Q2
https://openalex.org/W2006133795,1052-5629,Q2
https://openalex.org/W2006207466,0144-6193,Q2
https://openalex.org/W2006271697,1350-5084,Q1
https://openalex.org/W2006274918,0025-1909,Q1
https://openalex.org/W2006339179,0267-5730,Q2
https://openalex.org/W2006566651,0925-5273,Q1
https://openalex.org/W2006700550,1463-5771,-
https://openalex.org/W2007690016,1094-9968,Q2
https://openalex.org/W2007694549,0008-1256,Q1
https://openalex.org/W2007760601,1463-578X,-
https://openalex.org/W2008066120,1368-3500,Q4
https://openalex.org/W2008268537,0955-534X,Q2
https://openalex.org/W2008307277,0262-1711,Q2
https://openalex.org/W2008477000,0931-8658,Q2
https://openalex.org/W2008709479,0144-6193,Q2
https://openalex.org/W2008772283,1353-3452,Q2
https://openalex.org/W2009084971,0263-7472,Q3
https://openalex.org/W2009110022,0258-6770,Q1
https://openalex.org/W2009334942,0925-5273,Q1
https://openalex.org/W2009522420,0144-6193,Q2
https://openalex.org/W2009638430,0160-5682,Q1
https://openalex.org/W2009818719,0742-597X,Q2
https://openalex.org/W2010780854,0169-2070,Q1
https://openalex.org/W2011137441,1069-0727,Q2
https://openalex.org/W2011196313,0748-5751,Q3
https://openalex.org/W2011352755,1351-1610,Q4
https://openalex.org/W2011452777,1048-6682,Q3
https://openalex.org/W2011847571,0020-7543,Q1
https://openalex.org/W2011861796,1052-3928,Q3
https://openalex.org/W2012068871,0090-2616,Q1
https://openalex.org/W2012284945,0048-3486,Q2
https://openalex.org/W2012328924,1463-5771,-
https://openalex.org/W2013121824,0263-7863,Q1
https://openalex.org/W2013255623,0959-6526,Q3
https://openalex.org/W2013471796,0167-7187,Q1
https://openalex.org/W2013861611,0925-5273,Q1
https://openalex.org/W2013991894,0143-5671,Q2
https://openalex.org/W2014141483,0007-6791,Q2
https://openalex.org/W2014363484,0040-0912,Q2
https://openalex.org/W2014742830,0144-6193,Q2
https://openalex.org/W2014760724,0160-5682,Q1
https://openalex.org/W2014904729,1087-724X,Q2
https://openalex.org/W2016579903,0143-6228,Q2
https://openalex.org/W2017621308,0951-354X,Q3
https://openalex.org/W2018499348,0925-5273,Q1
https://openalex.org/W2018630621,0952-6862,Q2
https://openalex.org/W2018872128,0959-6526,Q3
https://openalex.org/W2018889753,0033-3352,Q1
https://openalex.org/W2018941873,0925-5273,Q1
https://openalex.org/W2019440891,0925-5273,Q1
https://openalex.org/W2019508568,0925-5273,Q1
https://openalex.org/W2019804157,1558-9080,Q1
https://openalex.org/W2019804941,0143-5671,Q2
https://openalex.org/W2020171942,0143-7739,Q2
https://openalex.org/W2020176439,0969-6474,Q3
https://openalex.org/W2020629217,1045-3172,Q1
https://openalex.org/W2020927915,0925-5273,Q1
https://openalex.org/W2020942844,0022-1821,Q1
https://openalex.org/W2021082385,0925-5273,Q1
https://openalex.org/W2021679938,0965-8564,-
https://openalex.org/W2021845044,1359-8546,Q1
https://openalex.org/W2022507829,0969-6997,Q2
https://openalex.org/W2023062201,0925-5273,Q1
https://openalex.org/W2023156771,0197-6729,Q3
https://openalex.org/W2023169372,0733-9364,Q1
https://openalex.org/W2023436104,0883-9026,Q1
https://openalex.org/W2023534743,0020-7543,Q1
https://openalex.org/W2023605279,0733-9364,Q1
https://openalex.org/W2024086256,1353-3452,Q2
https://openalex.org/W2024174206,0268-4012,-
https://openalex.org/W2024258490,0265-671X,Q1
https://openalex.org/W2024287104,0810-9028,-
https://openalex.org/W2024620685,0925-5273,Q1
https://openalex.org/W2025206402,1052-5629,Q2
https://openalex.org/W2025263956,0925-5273,Q1
https://openalex.org/W2025665894,0270-2592,Q2
https://openalex.org/W2025671165,1037-1656,Q4
https://openalex.org/W2025810685,0144-6193,Q2
https://openalex.org/W2025986677,0893-9454,Q1
https://openalex.org/W2026136061,1523-0406,Q1
https://openalex.org/W2026547481,0022-0027,Q1
https://openalex.org/W2026552065,0022-0787,Q2
https://openalex.org/W2026994545,0965-8564,-
https://openalex.org/W2027163855,0276-8739,Q1
https://openalex.org/W2027500521,0160-5682,Q1
https://openalex.org/W2028492019,0969-9988,Q2
https://openalex.org/W2028676797,0020-7780,Q2
https://openalex.org/W2029053035,0309-0566,-
https://openalex.org/W2029282787,0268-4012,-
https://openalex.org/W2030325981,0160-7383,Q1
https://openalex.org/W2030393205,0263-7472,Q3
https://openalex.org/W2030653478,0885-7288,Q3
https://openalex.org/W2030691545,0887-6045,Q2
https://openalex.org/W2031257564,0090-2616,Q1
https://openalex.org/W2031547860,0925-5273,Q1
https://openalex.org/W2032690826,0160-449X,Q4
https://openalex.org/W2032719694,0033-3352,Q1
https://openalex.org/W2032908662,0959-6526,Q3
https://openalex.org/W2032966963,0748-5751,Q3
https://openalex.org/W2033214784,0095-4918,Q1
https://openalex.org/W2033284124,0264-2751,Q2
https://openalex.org/W2033769406,0267-4424,-
https://openalex.org/W2034203008,0169-2070,Q1
https://openalex.org/W2034974265,1558-9080,Q1
https://openalex.org/W2035227169,0265-671X,Q1
https://openalex.org/W2035925151,0144-6193,Q2
https://openalex.org/W2036561587,0963-8180,Q3
https://openalex.org/W2036645707,0959-6526,Q3
https://openalex.org/W2036811160,0166-4972,Q2
https://openalex.org/W2036857647,0883-2323,Q2
https://openalex.org/W2036898438,1360-3124,Q2
https://openalex.org/W2037209474,1035-3046,Q4
https://openalex.org/W2037608203,0278-4319,Q2
https://openalex.org/W2037733907,0925-5273,Q1
https://openalex.org/W2038378001,0956-5221,Q2
https://openalex.org/W2038422543,0167-7187,Q1
https://openalex.org/W2038587224,0263-5577,Q3
https://openalex.org/W2038865537,0265-671X,Q1
https://openalex.org/W2038994294,0959-6119,Q3
https://openalex.org/W2039100959,1356-7667,Q2
https://openalex.org/W2039553570,0267-5730,Q2
https://openalex.org/W2039804357,0144-3577,Q2
https://openalex.org/W2040911984,0166-4972,Q2
https://openalex.org/W2041079180,1052-5629,Q2
https://openalex.org/W2041085891,0019-8501,Q1
https://openalex.org/W2041209090,0263-4503,Q3
https://openalex.org/W2041332719,1362-0436,Q3
https://openalex.org/W2041421100,0149-7189,Q2
https://openalex.org/W2041437397,0308-5961,-
https://openalex.org/W2041496889,1059-1478,Q2
https://openalex.org/W2041630794,1044-8004,Q3
https://openalex.org/W2041689331,1035-3046,Q4
https://openalex.org/W2041746355,0742-597X,Q2
https://openalex.org/W2042203539,1355-2511,Q4
https://openalex.org/W2042287389,0734-371X,Q3
https://openalex.org/W2042317687,0022-2879,Q1
https://openalex.org/W2042562911,1463-7154,Q2
https://openalex.org/W2042707628,0263-4503,Q3
https://openalex.org/W2043464501,0950-7051,Q2
https://openalex.org/W2044207688,0263-4503,Q3
https://openalex.org/W2044364898,0883-2323,Q2
https://openalex.org/W2045141856,0952-6862,Q2
https://openalex.org/W2045261197,1353-3452,Q2
https://openalex.org/W2045425449,0959-0552,Q1
https://openalex.org/W2045561547,0883-7066,Q1
https://openalex.org/W2045588223,0144-6193,Q2
https://openalex.org/W2045613759,1096-7508,Q2
https://openalex.org/W2045677893,0160-791X,Q2
https://openalex.org/W2045699725,0363-8111,Q2
https://openalex.org/W2045801590,0810-9028,-
https://openalex.org/W2046057625,0160-7383,Q1
https://openalex.org/W2046300706,0025-1747,Q2
https://openalex.org/W2046939791,0925-5273,Q1
https://openalex.org/W2046971103,0733-9364,Q1
https://openalex.org/W2047080254,0007-070X,Q2
https://openalex.org/W2047108274,1366-5545,Q2
https://openalex.org/W2047289499,0883-2323,Q2
https://openalex.org/W2047589479,0160-5682,Q1
https://openalex.org/W2047750208,0965-8564,-
https://openalex.org/W2048351464,0925-5273,Q1
https://openalex.org/W2048446649,0268-4012,-
https://openalex.org/W2048633411,1046-8781,Q3
https://openalex.org/W2048738772,0167-9236,Q2
https://openalex.org/W2049052856,0160-7383,Q1
https://openalex.org/W2049258545,0378-7206,Q1
https://openalex.org/W2049574944,0263-2373,Q2
https://openalex.org/W2049588579,0263-5577,Q3
https://openalex.org/W2049683610,0959-0552,Q1
https://openalex.org/W2050138446,0969-9988,Q2
https://openalex.org/W2050848347,0883-2323,Q2
https://openalex.org/W2050858537,0022-1821,Q1
https://openalex.org/W2051037141,0272-6963,Q1
https://openalex.org/W2051081520,1321-7348,Q4
https://openalex.org/W2051146348,0925-5273,Q1
https://openalex.org/W2051470515,0167-7187,Q1
https://openalex.org/W2051490691,0263-7472,Q3
https://openalex.org/W2051790626,0278-4319,Q2
https://openalex.org/W2051867569,1460-1060,Q3
https://openalex.org/W2052065931,1094-9968,Q2
https://openalex.org/W2052920978,0361-6274,Q2
https://openalex.org/W2053124551,0960-0035,Q2
https://openalex.org/W2054032391,0959-6801,Q1
https://openalex.org/W2054121534,0142-5455,Q1
https://openalex.org/W2054698318,0149-7189,Q2
https://openalex.org/W2054721539,0956-5698,Q3
https://openalex.org/W2054757917,0169-2070,Q1
https://openalex.org/W2054899984,0268-6902,Q3
https://openalex.org/W2055284258,0149-7189,Q2
https://openalex.org/W2055297051,0810-9028,-
https://openalex.org/W2055796899,0925-5273,Q1
https://openalex.org/W2056572675,0965-8564,-
https://openalex.org/W2057231701,0169-2070,Q1
https://openalex.org/W2057248458,1018-5895,-
https://openalex.org/W2057563835,0143-7720,Q3
https://openalex.org/W2057638386,0001-8791,Q1
https://openalex.org/W2058043446,1064-6175,Q2
https://openalex.org/W2058153810,0010-8367,Q3
https://openalex.org/W2058485435,0363-8111,Q2
https://openalex.org/W2059084421,0952-6862,Q2
https://openalex.org/W2059504136,0969-6016,Q2
https://openalex.org/W2059971857,0954-0962,Q1
https://openalex.org/W2060812677,0277-6693,Q2
https://openalex.org/W2060855982,0022-2429,Q1
https://openalex.org/W2061198793,1024-2589,Q2
https://openalex.org/W2061437468,0965-8564,-
https://openalex.org/W2061502069,0008-1256,Q1
https://openalex.org/W2061594292,0016-3287,Q1
https://openalex.org/W2061614483,0268-3962,Q3
https://openalex.org/W2062010719,0959-0552,Q1
https://openalex.org/W2062230171,1464-2859,Q4
https://openalex.org/W2062351967,0021-9886,Q1
https://openalex.org/W2063433543,0009-4056,-
https://openalex.org/W2063525710,0734-306X,Q1
https://openalex.org/W2063534576,0263-7863,Q1
https://openalex.org/W2063986048,0095-4918,Q1
https://openalex.org/W2064117607,0952-6862,Q2
https://openalex.org/W2064328136,0007-070X,Q2
https://openalex.org/W2064342062,0268-6902,Q3
https://openalex.org/W2064879411,0887-6045,Q2
https://openalex.org/W2064918693,0897-5930,Q2
https://openalex.org/W2065937486,1038-4111,Q3
https://openalex.org/W2066122221,0959-6801,Q1
https://openalex.org/W2066481855,0733-9364,Q1
https://openalex.org/W2066737780,0263-2373,Q2
https://openalex.org/W2067481159,0736-3761,Q2
https://openalex.org/W2067641525,0953-4814,Q2
https://openalex.org/W2067867585,0742-597X,Q2
https://openalex.org/W2067992254,0020-7780,Q2
https://openalex.org/W2069501456,0009-4056,-
https://openalex.org/W2069766907,0894-3796,Q1
https://openalex.org/W2069772401,1368-3500,Q4
https://openalex.org/W2069963932,1363-254X,Q4
https://openalex.org/W2070432988,0885-8624,Q1
https://openalex.org/W2070519721,0022-2429,Q1
https://openalex.org/W2070590336,0735-9683,Q3
https://openalex.org/W2070619106,0011-7315,Q1
https://openalex.org/W2071716859,0019-8676,Q1
https://openalex.org/W2071879180,0265-671X,Q1
https://openalex.org/W2072593836,1464-2859,Q4
https://openalex.org/W2073090545,0883-2323,Q2
https://openalex.org/W2073278752,0888-045X,Q2
https://openalex.org/W2074061621,0160-7383,Q1
https://openalex.org/W2074439985,0736-3761,Q2
https://openalex.org/W2074995030,0007-070X,Q2
https://openalex.org/W2075061510,0022-0787,Q2
https://openalex.org/W2075269705,0025-1747,Q2
https://openalex.org/W2075451194,1018-5895,-
https://openalex.org/W2075790732,0047-2875,Q1
https://openalex.org/W2076180093,0896-1530,Q2
https://openalex.org/W2076328886,0951-3574,Q2
https://openalex.org/W2076380486,0268-6902,Q3
https://openalex.org/W2076425716,0965-8564,-
https://openalex.org/W2076663420,0957-1787,Q2
https://openalex.org/W2076812312,0952-6862,Q2
https://openalex.org/W2077086476,0557-9325,Q1
https://openalex.org/W2077222486,0925-5273,Q1
https://openalex.org/W2077532532,0959-6119,Q3
https://openalex.org/W2077744850,0959-6119,Q3
https://openalex.org/W2077773933,0272-6963,Q1
https://openalex.org/W2077900460,0969-9988,Q2
https://openalex.org/W2077926095,0144-3577,Q2
https://openalex.org/W2078134724,0144-6193,Q2
https://openalex.org/W2078912066,0969-6997,Q2
https://openalex.org/W2079198448,0742-597X,Q2
https://openalex.org/W2079239671,0276-8739,Q1
https://openalex.org/W2079267664,1043-8599,-
https://openalex.org/W2079662766,0261-5177,Q1
https://openalex.org/W2079925860,0888-7993,Q2
https://openalex.org/W2080324379,0959-6119,Q3
https://openalex.org/W2080962673,0960-085X,-
https://openalex.org/W2081513192,0268-4012,-
https://openalex.org/W2082113212,0144-3577,Q2
https://openalex.org/W2082329714,0266-2426,Q1
https://openalex.org/W2082797813,0733-9364,Q1
https://openalex.org/W2083538634,0007-6813,Q2
https://openalex.org/W2083706261,0950-0170,Q1
https://openalex.org/W2083721457,0276-8739,Q1
https://openalex.org/W2084040109,1086-0266,Q3
https://openalex.org/W2084180758,1356-3289,Q3
https://openalex.org/W2084214769,0925-5273,Q1
https://openalex.org/W2084799506,0008-1256,Q1
https://openalex.org/W2085170077,0925-5273,Q1
https://openalex.org/W2085993033,0925-5273,Q1
https://openalex.org/W2086040939,0007-070X,Q2
https://openalex.org/W2086168829,0263-7863,Q1
https://openalex.org/W2086615256,0144-6193,Q2
https://openalex.org/W2087371023,0953-4814,Q2
https://openalex.org/W2087517358,0160-5682,Q1
https://openalex.org/W2087946952,0143-6228,Q2
https://openalex.org/W2088229111,1355-2511,Q4
https://openalex.org/W2088325485,0160-5682,Q1
https://openalex.org/W2088520350,0016-3287,Q1
https://openalex.org/W2088543259,0969-6474,Q3
https://openalex.org/W2088769041,0143-6228,Q2
https://openalex.org/W2088838672,0363-8111,Q2
https://openalex.org/W2089671252,0958-5192,Q1
https://openalex.org/W2089776903,1057-9214,Q2
https://openalex.org/W2089795135,1044-4068,Q2
https://openalex.org/W2090512347,0278-4319,Q2
https://openalex.org/W2090798566,0095-4918,Q1
https://openalex.org/W2091167802,1360-3124,Q2
https://openalex.org/W2091433217,0960-0035,Q2
https://openalex.org/W2091706297,0925-5273,Q1
https://openalex.org/W2092585381,0265-671X,Q1
https://openalex.org/W2092649178,1090-9516,Q1
https://openalex.org/W2092722630,0883-9026,Q1
https://openalex.org/W2093202778,0965-8564,-
https://openalex.org/W2094115547,1061-0421,Q3
https://openalex.org/W2094350275,0378-5920,Q2
https://openalex.org/W2094451365,0959-6526,Q3
https://openalex.org/W2094969357,0733-9364,Q1
https://openalex.org/W2095445051,0092-2102,Q2
https://openalex.org/W2095883358,1052-150X,Q1
https://openalex.org/W2098163707,0092-2102,Q2
https://openalex.org/W2098503872,0361-1434,Q1
https://openalex.org/W2099345728,0025-1909,Q1
https://openalex.org/W2099768147,0962-8770,Q1
https://openalex.org/W2102266076,1069-0727,Q2
https://openalex.org/W2103906246,0018-9391,Q2
https://openalex.org/W2104035247,1355-2511,Q4
https://openalex.org/W2104153957,0276-7783,Q1
https://openalex.org/W2104841231,0143-5671,Q2
https://openalex.org/W2105863863,0958-5192,Q1
https://openalex.org/W2106743115,0969-9988,Q2
https://openalex.org/W2107068691,0197-2243,Q1
https://openalex.org/W2108443201,0090-4848,Q1
https://openalex.org/W2109086801,0268-6902,Q3
https://openalex.org/W2109918867,1054-8408,Q1
https://openalex.org/W2110061657,1354-5701,Q1
https://openalex.org/W2110094665,1018-5895,-
https://openalex.org/W2110524975,0047-2875,Q1
https://openalex.org/W2110633247,0955-6222,Q2
https://openalex.org/W2110796252,0007-1080,Q1
https://openalex.org/W2110964314,1092-7026,Q3
https://openalex.org/W2111112571,0261-5177,Q1
https://openalex.org/W2111204852,0264-2751,Q2
https://openalex.org/W2111839258,0020-7543,Q1
https://openalex.org/W2111853232,1352-7266,Q2
https://openalex.org/W2113048334,0270-2592,Q2
https://openalex.org/W2113353157,0885-8624,Q1
https://openalex.org/W2113511559,0025-1909,Q1
https://openalex.org/W2114005979,0047-2875,Q1
https://openalex.org/W2114592769,0950-0170,Q1
https://openalex.org/W2116017901,0143-5671,Q2
https://openalex.org/W2116732355,0963-8180,Q3
https://openalex.org/W2117105657,1080-8620,Q2
https://openalex.org/W2117628255,0378-5920,Q2
https://openalex.org/W2117657273,0950-0170,Q1
https://openalex.org/W2117991061,0951-3574,Q2
https://openalex.org/W2118260386,0888-7993,Q2
https://openalex.org/W2118758670,0925-5273,Q1
https://openalex.org/W2119023044,0889-4019,Q1
https://openalex.org/W2119356673,0273-4753,Q2
https://openalex.org/W2120646167,0144-6193,Q2
https://openalex.org/W2120646225,0022-2879,Q1
https://openalex.org/W2120707074,0969-9988,Q2
https://openalex.org/W2121017325,0144-6193,Q2
https://openalex.org/W2121832325,1366-5626,Q4
https://openalex.org/W2121952881,0197-2243,Q1
https://openalex.org/W2122436889,1360-3736,-
https://openalex.org/W2123378202,0008-1256,Q1
https://openalex.org/W2123486174,1035-3046,Q4
https://openalex.org/W2123496781,0093-5301,Q1
https://openalex.org/W2123536276,0950-7051,Q2
https://openalex.org/W2123687015,0160-5682,Q1
https://openalex.org/W2124565347,0883-2323,Q2
https://openalex.org/W2124710753,0950-0170,Q1
https://openalex.org/W2125286303,1096-7508,Q2
https://openalex.org/W2125595099,0016-3287,Q1
https://openalex.org/W2125793159,0008-1256,Q1
https://openalex.org/W2126129326,0143-7720,Q3
https://openalex.org/W2126294838,0021-9886,Q1
https://openalex.org/W2126368033,0969-6016,Q2
https://openalex.org/W2126871058,0378-5920,Q2
https://openalex.org/W2127140350,0144-6193,Q2
https://openalex.org/W2127382756,0963-8180,Q3
https://openalex.org/W2127448915,1044-8004,Q3
https://openalex.org/W2127505520,0025-1747,Q2
https://openalex.org/W2129091528,1038-4111,Q3
https://openalex.org/W2129277132,0888-7993,Q2
https://openalex.org/W2129946170,0885-8624,Q1
https://openalex.org/W2130140970,0022-3980,Q2
https://openalex.org/W2130166634,0258-6770,Q1
https://openalex.org/W2131423611,0033-6807,Q1
https://openalex.org/W2131507808,0024-6301,Q2
https://openalex.org/W2132522811,0883-2323,Q2
https://openalex.org/W2132794629,0261-5177,Q1
https://openalex.org/W2135621394,0733-9364,Q1
https://openalex.org/W2135654940,0025-1909,Q1
https://openalex.org/W2135764736,1360-3124,Q2
https://openalex.org/W2135934809,0952-6862,Q2
https://openalex.org/W2135944970,0263-7863,Q1
https://openalex.org/W2136408644,0143-6228,Q2
https://openalex.org/W2136410162,0304-405X,Q1
https://openalex.org/W2137013139,0047-2875,Q1
https://openalex.org/W2137494851,0958-5192,Q1
https://openalex.org/W2138440419,0047-2875,Q1
https://openalex.org/W2138585783,1083-5601,Q2
https://openalex.org/W2138623150,0022-1856,Q1
https://openalex.org/W2139063093,0261-5177,Q1
https://openalex.org/W2141434853,1096-7508,Q2
https://openalex.org/W2142489374,0264-2751,Q2
https://openalex.org/W2142743870,1094-9968,Q2
https://openalex.org/W2142936609,0378-7206,Q1
https://openalex.org/W2143210297,0733-9364,Q1
https://openalex.org/W2143574620,0258-6770,Q1
https://openalex.org/W2144575309,1367-3270,Q3
https://openalex.org/W2145650259,0894-4865,Q2
https://openalex.org/W2146136332,0265-671X,Q1
https://openalex.org/W2146210196,0047-2875,Q1
https://openalex.org/W2146647586,0925-5273,Q1
https://openalex.org/W2147230011,1523-2409,-
https://openalex.org/W2147308614,0273-4753,Q2
https://openalex.org/W2148020211,0021-9886,Q1
https://openalex.org/W2148386731,0261-5177,Q1
https://openalex.org/W2148443913,0950-0170,Q1
https://openalex.org/W2148500112,0047-2875,Q1
https://openalex.org/W2148834205,0143-831X,Q2
https://openalex.org/W2149066284,0966-9582,Q1
https://openalex.org/W2149213331,0378-7206,Q1
https://openalex.org/W2149585471,0020-7780,Q2
https://openalex.org/W2149728836,1046-8781,Q3
https://openalex.org/W2149903743,0018-9391,Q2
https://openalex.org/W2150334003,0144-6193,Q2
https://openalex.org/W2150400571,0378-5920,Q2
https://openalex.org/W2150728718,0092-0703,Q1
https://openalex.org/W2152078663,0092-2102,Q2
https://openalex.org/W2153178313,0258-6770,Q1
https://openalex.org/W2153793381,0167-9236,Q2
https://openalex.org/W2154866199,0166-4972,Q2
https://openalex.org/W2155358418,0018-9391,Q2
https://openalex.org/W2156020475,0885-8624,Q1
https://openalex.org/W2156916434,0007-070X,Q2
https://openalex.org/W2157237237,0022-0787,Q2
https://openalex.org/W2157588244,1558-9080,Q1
https://openalex.org/W2157655405,0197-6729,Q3
https://openalex.org/W2157725997,0047-2875,Q1
https://openalex.org/W2158001740,0258-6770,Q1
https://openalex.org/W2158155720,0025-1909,Q1
https://openalex.org/W2158266080,0733-9364,Q1
https://openalex.org/W2158818296,0033-6807,Q1
https://openalex.org/W2160035181,1087-724X,Q2
https://openalex.org/W2160154797,0025-1909,Q1
https://openalex.org/W2160277425,0015-198X,Q2
https://openalex.org/W2163705453,1352-7266,Q2
https://openalex.org/W2163990027,0022-4065,Q1
https://openalex.org/W2164094849,0266-2426,Q1
https://openalex.org/W2164095416,0950-0170,Q1
https://openalex.org/W2165125158,0748-4526,Q2
https://openalex.org/W2166047877,0144-6193,Q2
https://openalex.org/W2166241407,0144-6193,Q2
https://openalex.org/W2166778591,1356-7667,Q2
https://openalex.org/W2166938669,0263-4503,Q3
https://openalex.org/W2167155474,0308-5961,-
https://openalex.org/W2167192024,1523-2409,-
https://openalex.org/W2167224012,0925-5273,Q1
https://openalex.org/W2168492178,0959-0552,Q1
https://openalex.org/W2169829798,0144-6193,Q2
https://openalex.org/W2170308123,0197-2243,Q1
https://openalex.org/W2170510028,0011-7315,Q1
https://openalex.org/W2170824879,0020-7543,Q1
https://openalex.org/W2170939742,0889-4019,Q1
https://openalex.org/W2171762840,0047-2875,Q1
https://openalex.org/W2171838808,1069-0727,Q2
https://openalex.org/W2317382328,1053-1858,Q1
https://openalex.org/W2317791422,0361-6274,Q2
https://openalex.org/W2320153317,0160-449X,Q4
https://openalex.org/W2324178358,0361-6274,Q2
https://openalex.org/W2335170121,0007-6805,Q2
https://openalex.org/W2396454679,1096-9012,Q2
https://openalex.org/W246121426,0895-6308,Q1
https://openalex.org/W2563562936,0021-3624,Q1
https://openalex.org/W2572706653,0040-1625,Q2
https://openalex.org/W2603599440,0265-0487,-
https://openalex.org/W2789615897,0022-4065,Q1
https://openalex.org/W2789811844,0022-4065,Q1
https://openalex.org/W2910859141,0897-4438,Q3
https://openalex.org/W2993426288,0047-2778,Q1
https://openalex.org/W2993508940,0021-8499,Q1
https://openalex.org/W3020863142,0734-306X,Q1
https://openalex.org/W3022880538,1465-7341,Q1
https://openalex.org/W3040088748,0168-7034,Q3
https://openalex.org/W3121359812,0028-0283,Q1
https://openalex.org/W3121433632,0258-6770,Q1
https://openalex.org/W3121462099,0020-7780,Q2
https://openalex.org/W3121673802,0734-306X,Q1
https://openalex.org/W3122053389,0022-2429,Q1
https://openalex.org/W3122468789,0028-0283,Q1
https://openalex.org/W3122593723,0098-1818,Q1
https://openalex.org/W3123266322,0021-8456,Q1
https://openalex.org/W3123360561,0888-7993,Q2
https://openalex.org/W3124110342,0888-7993,Q2
https://openalex.org/W3125256595,0021-8456,Q1
https://openalex.org/W3125323042,0021-9398,Q1
https://openalex.org/W319998267,0895-6308,Q1
https://openalex.org/W4210589000,0022-4065,Q1
https://openalex.org/W4231291945,0263-2373,Q2
https://openalex.org/W4236025848,0969-6016,Q2
https://openalex.org/W423894467,0265-0487,-
https://openalex.org/W4245013494,0018-7267,Q1
https://openalex.org/W4246999810,0361-1434,Q1
https://openalex.org/W4249087310,0160-7383,Q1
https://openalex.org/W4253619877,0737-6782,Q1
https://openalex.org/W4255980918,0893-9454,Q1
https://openalex.org/W816912936,0028-0283,Q1
https://openalex.org/W991666217,0167-2533,Q2
