focal_id,A_cum_foreign_ratio,C_cum_foreign_ratio
https://openalex.org/W1031027174,1.0,
https://openalex.org/W1135991709,0.5,
https://openalex.org/W129932795,0.3333,0.5
https://openalex.org/W140545373,0.6667,
https://openalex.org/W144734855,0.0,0.0
https://openalex.org/W1483359549,0.0,
https://openalex.org/W1488544227,0.0,
https://openalex.org/W1492740679,0.0,0.6667
https://openalex.org/W1496983530,0.1667,
https://openalex.org/W1503351667,0.0,
https://openalex.org/W1503686863,0.25,0.0
https://openalex.org/W1503730632,0.4286,0.3333
https://openalex.org/W1505159369,0.3333,
https://openalex.org/W1506705325,0.0,0.0
https://openalex.org/W1506886164,0.5,0.4
https://openalex.org/W1507282707,0.6667,
https://openalex.org/W1509383477,0.8,0.0
https://openalex.org/W1513939923,0.0833,0.0
https://openalex.org/W1514728422,0.1429,
https://openalex.org/W1526405173,0.25,0.75
https://openalex.org/W1539242837,0.35,0.2
https://openalex.org/W1543348012,0.2,
https://openalex.org/W1550066983,0.2222,
https://openalex.org/W1550170362,0.0,0.0
https://openalex.org/W1550223648,0.25,0.5
https://openalex.org/W1551301273,0.6667,
https://openalex.org/W1556442971,0.0,
https://openalex.org/W1564484465,0.0,
https://openalex.org/W1564825352,0.4,0.0
https://openalex.org/W1565064111,0.3333,0.0
https://openalex.org/W1567889462,0.2,0.0
https://openalex.org/W1571988900,0.5,
https://openalex.org/W1572466188,0.0,0.0
https://openalex.org/W1573690146,0.4286,0.0
https://openalex.org/W1578672048,0.8,0.625
https://openalex.org/W1585106175,0.0,0.0
https://openalex.org/W1585309240,0.0,
https://openalex.org/W1586840112,0.2857,
https://openalex.org/W1596448420,0.5,
https://openalex.org/W1598161593,0.0,
https://openalex.org/W1689364829,0.25,0.0
https://openalex.org/W1706535000,0.0,0.0
https://openalex.org/W1885319801,0.3333,
https://openalex.org/W1897824899,0.5926,0.6957
https://openalex.org/W1912045628,1.0,
https://openalex.org/W1940525558,0.0,
https://openalex.org/W1963737321,0.2,
https://openalex.org/W1963826361,0.5,
https://openalex.org/W1963845285,0.0,
https://openalex.org/W1963916532,0.1667,0.5
https://openalex.org/W1964158959,0.5,
https://openalex.org/W1964159391,0.25,0.3333
https://openalex.org/W1964180347,0.3333,0.0
https://openalex.org/W1964224747,0.1429,
https://openalex.org/W1964475137,0.8,1.0
https://openalex.org/W1964573123,0.0,
https://openalex.org/W1964738124,0.1667,
https://openalex.org/W1964873082,0.0,
https://openalex.org/W1965190884,0.7273,0.0
https://openalex.org/W1965191954,0.0909,0.6667
https://openalex.org/W1965195202,0.75,1.0
https://openalex.org/W1965621063,0.3333,
https://openalex.org/W1966088424,0.0,
https://openalex.org/W1966089542,0.2381,0.2308
https://openalex.org/W1966250951,0.5,0.0
https://openalex.org/W1966646125,0.3333,0.5
https://openalex.org/W1966739934,0.5,0.0
https://openalex.org/W1966912557,0.1,0.0
https://openalex.org/W1967132626,0.6667,
https://openalex.org/W1967236000,0.3462,0.3125
https://openalex.org/W1967807928,0.875,0.6
https://openalex.org/W1968345031,0.25,0.2727
https://openalex.org/W1968417413,0.0,
https://openalex.org/W1968621910,0.4545,0.2143
https://openalex.org/W1968689099,0.0,0.0
https://openalex.org/W1968781602,0.3333,1.0
https://openalex.org/W1969230246,0.5714,1.0
https://openalex.org/W1969486077,0.5,1.0
https://openalex.org/W1969668298,0.0,0.5
https://openalex.org/W1969755321,0.3333,0.5
https://openalex.org/W1969975653,0.2857,0.6667
https://openalex.org/W1970914875,0.0,
https://openalex.org/W1970992662,0.4,0.0
https://openalex.org/W1971093387,1.0,0.75
https://openalex.org/W1971158511,0.5,0.25
https://openalex.org/W1971336652,0.5,
https://openalex.org/W1971487493,0.3333,
https://openalex.org/W1971502455,0.4,0.6667
https://openalex.org/W1971727000,0.2308,0.2
https://openalex.org/W1971851075,0.2308,
https://openalex.org/W1971863078,0.5,0.0
https://openalex.org/W1972165684,0.6667,1.0
https://openalex.org/W1972168343,0.0,
https://openalex.org/W1972778100,1.0,
https://openalex.org/W1973047640,0.0,1.0
https://openalex.org/W1973101971,0.75,
https://openalex.org/W1973106778,0.0,0.0
https://openalex.org/W1973216346,0.6667,0.0
https://openalex.org/W1973447978,0.8,1.0
https://openalex.org/W1973476812,0.5,0.3333
https://openalex.org/W1973714833,0.5,1.0
https://openalex.org/W1973888975,0.5,0.8
https://openalex.org/W1974103539,0.0,0.0
https://openalex.org/W1974137683,0.0,
https://openalex.org/W1974153919,0.8333,
https://openalex.org/W1974630465,0.3333,
https://openalex.org/W1974807528,1.0,0.0
https://openalex.org/W1974808640,0.0,
https://openalex.org/W1974898994,0.3333,
https://openalex.org/W1974910739,0.3636,0.25
https://openalex.org/W1975060876,0.6,
https://openalex.org/W1975070776,0.1111,
https://openalex.org/W1975499808,0.3158,0.0
https://openalex.org/W1975786683,0.0,
https://openalex.org/W1975867198,0.1667,0.12
https://openalex.org/W1976155241,0.2222,
https://openalex.org/W1976263950,0.1538,0.3333
https://openalex.org/W1976434954,0.5,
https://openalex.org/W1976867512,0.3333,
https://openalex.org/W1977121870,0.375,0.3333
https://openalex.org/W1977161640,0.375,0.3448
https://openalex.org/W1977553010,0.0,
https://openalex.org/W1977607860,0.0,
https://openalex.org/W1977608529,0.1667,0.5
https://openalex.org/W1977796226,0.2857,0.0
https://openalex.org/W1977971719,0.2,
https://openalex.org/W1978075503,0.0,
https://openalex.org/W1978089362,0.0,
https://openalex.org/W1978314647,0.5,1.0
https://openalex.org/W1978944460,1.0,
https://openalex.org/W1978998773,0.4,
https://openalex.org/W1979105701,0.2,0.0
https://openalex.org/W1979181096,0.5,0.3333
https://openalex.org/W1979509100,0.75,1.0
https://openalex.org/W1979691230,0.4,
https://openalex.org/W1979869921,0.3333,1.0
https://openalex.org/W1979883225,0.6667,0.5
https://openalex.org/W1980029563,0.0,0.3333
https://openalex.org/W1980360850,0.5556,1.0
https://openalex.org/W1980850924,0.4723,0.5664
https://openalex.org/W1981020606,0.0,
https://openalex.org/W1981122804,0.1,0.0
https://openalex.org/W1981318802,0.0909,
https://openalex.org/W1981480806,0.0,
https://openalex.org/W1981647117,0.169,0.084
https://openalex.org/W1981765810,0.3704,0.5
https://openalex.org/W1981809662,0.0,
https://openalex.org/W1981859409,0.3333,0.0
https://openalex.org/W1981907545,0.2,
https://openalex.org/W1982083452,0.1667,0.0
https://openalex.org/W1982436122,0.0,0.0
https://openalex.org/W1982730217,0.5,
https://openalex.org/W1982827488,0.2,0.75
https://openalex.org/W1982931417,0.0,
https://openalex.org/W1983065474,0.0,0.0
https://openalex.org/W1983120063,0.2966,0.2885
https://openalex.org/W1983156306,0.4667,0.7
https://openalex.org/W1983307867,0.0,1.0
https://openalex.org/W1983485898,0.0,
https://openalex.org/W1983525457,0.2,0.0
https://openalex.org/W1983652531,0.1739,0.1111
https://openalex.org/W1983662093,0.5714,0.0
https://openalex.org/W1983742908,0.4286,
https://openalex.org/W1983751909,0.0,
https://openalex.org/W1984191671,0.2,
https://openalex.org/W1984193002,0.6,1.0
https://openalex.org/W1984202217,0.0714,0.4
https://openalex.org/W1984393002,0.1,
https://openalex.org/W1984973623,0.0,0.0
https://openalex.org/W1984980438,0.2333,0.15
https://openalex.org/W1985006600,1.0,
https://openalex.org/W1985040102,0.4483,0.2
https://openalex.org/W1985166487,0.2,
https://openalex.org/W1985435153,0.0909,0.0
https://openalex.org/W1985723194,0.1667,0.0
https://openalex.org/W1985849789,0.6,1.0
https://openalex.org/W1986085348,0.5517,0.6923
https://openalex.org/W1986137885,0.0,
https://openalex.org/W1986343471,0.0,
https://openalex.org/W1986486304,0.5,1.0
https://openalex.org/W1986530653,0.75,
https://openalex.org/W1986651982,0.0,
https://openalex.org/W1986772231,0.3636,0.5455
https://openalex.org/W1986826440,0.0857,0.3333
https://openalex.org/W1987351450,0.0,
https://openalex.org/W1987520435,0.0,
https://openalex.org/W1988162817,0.0,0.6667
https://openalex.org/W1988535707,1.0,
https://openalex.org/W1988659993,0.25,0.0
https://openalex.org/W1988722869,0.5,0.0
https://openalex.org/W1988985907,0.5,0.2222
https://openalex.org/W1989029211,0.3548,0.0
https://openalex.org/W1989119304,0.5,0.0
https://openalex.org/W1989145840,0.3333,
https://openalex.org/W1989261242,0.3333,0.6667
https://openalex.org/W1989380748,0.6667,
https://openalex.org/W1989530016,0.2727,0.5
https://openalex.org/W1989688297,0.0,0.0
https://openalex.org/W1989813373,0.3333,1.0
https://openalex.org/W1989827685,0.0,0.5
https://openalex.org/W1989937739,0.3125,0.0
https://openalex.org/W1989982209,0.0,0.2
https://openalex.org/W1989992963,0.5,0.0
https://openalex.org/W1990180703,0.375,0.0
https://openalex.org/W1990952944,0.75,
https://openalex.org/W1991034995,0.1111,0.0
https://openalex.org/W1991155768,0.2,1.0
https://openalex.org/W1991206581,0.0,
https://openalex.org/W1991235945,1.0,
https://openalex.org/W1992322758,0.5,
https://openalex.org/W1992364355,0.5455,0.0
https://openalex.org/W1992546510,0.4,0.0
https://openalex.org/W1992800713,0.0,
https://openalex.org/W1992802127,1.0,1.0
https://openalex.org/W1992850277,0.5,
https://openalex.org/W1992962428,0.2143,0.3333
https://openalex.org/W1993064575,0.3,0.0
https://openalex.org/W1993099107,0.5714,0.5
https://openalex.org/W1993253840,0.0,
https://openalex.org/W1993490752,0.0,
https://openalex.org/W1993610432,0.6316,0.5833
https://openalex.org/W1993670904,0.2632,0.2708
https://openalex.org/W1993896358,0.4,0.5
https://openalex.org/W1994026632,0.0,0.0
https://openalex.org/W1994736273,0.4091,
https://openalex.org/W1995265353,0.5,
https://openalex.org/W1995345115,0.2857,
https://openalex.org/W1995698309,0.4167,0.6
https://openalex.org/W1995937795,0.5,
https://openalex.org/W1996055275,1.0,
https://openalex.org/W1996122899,0.5,
https://openalex.org/W1996154545,0.0,
https://openalex.org/W1996345633,0.1538,0.1
https://openalex.org/W1996594848,0.2222,0.0
https://openalex.org/W1996968398,0.375,0.1667
https://openalex.org/W1997406536,0.8333,1.0
https://openalex.org/W1997451858,0.0,
https://openalex.org/W1997837316,0.3333,1.0
https://openalex.org/W1998306296,0.2,
https://openalex.org/W1998452844,0.5455,0.8462
https://openalex.org/W1998485346,0.3333,0.1429
https://openalex.org/W1998974421,0.4286,0.0
https://openalex.org/W1999156472,0.2,1.0
https://openalex.org/W1999236033,0.3333,0.0
https://openalex.org/W1999351954,1.0,
https://openalex.org/W1999423104,0.1111,
https://openalex.org/W1999611975,0.3333,
https://openalex.org/W1999918296,0.7167,0.7143
https://openalex.org/W1999978037,0.3,0.0
https://openalex.org/W2000007158,0.3333,
https://openalex.org/W2000304767,0.4,0.0
https://openalex.org/W2000790460,0.0,
https://openalex.org/W2000988045,0.3333,0.6
https://openalex.org/W2001178637,0.5,
https://openalex.org/W2001700983,0.0,0.0
https://openalex.org/W2001972652,0.5,0.2
https://openalex.org/W2002184275,0.4928,0.434
https://openalex.org/W2002354613,0.2,
https://openalex.org/W2002625974,0.0,
https://openalex.org/W2002815385,0.0,
https://openalex.org/W2002830017,0.3333,0.0
https://openalex.org/W2003106539,0.0,0.0
https://openalex.org/W2003304478,0.25,1.0
https://openalex.org/W2003721182,0.3333,1.0
https://openalex.org/W2003845634,0.2857,
https://openalex.org/W2003848706,0.4848,0.5714
https://openalex.org/W2004176742,0.5,0.0
https://openalex.org/W2004396818,0.3333,0.6667
https://openalex.org/W2004679331,1.0,
https://openalex.org/W2004738544,0.5,
https://openalex.org/W2005048491,0.0,
https://openalex.org/W2005400451,0.1111,
https://openalex.org/W2005442560,0.1,
https://openalex.org/W2005574000,0.25,1.0
https://openalex.org/W2005873774,1.0,
https://openalex.org/W2005899642,1.0,
https://openalex.org/W2005935111,0.0,
https://openalex.org/W2006127633,0.5455,0.3333
https://openalex.org/W2006452777,1.0,
https://openalex.org/W2006480875,0.5,1.0
https://openalex.org/W2006593106,0.0,0.5
https://openalex.org/W2006910049,0.0,
https://openalex.org/W2006935917,0.75,0.0
https://openalex.org/W2007179788,0.4,0.6667
https://openalex.org/W2007250918,1.0,
https://openalex.org/W2007315501,0.4074,0.3333
https://openalex.org/W2007369634,0.75,
https://openalex.org/W2007371668,0.7143,0.4375
https://openalex.org/W2007834724,0.25,0.5
https://openalex.org/W2007840221,0.7037,0.8333
https://openalex.org/W2008140108,0.7778,
https://openalex.org/W2008466749,0.0,
https://openalex.org/W2008597509,0.5217,0.0
https://openalex.org/W2008722128,1.0,
https://openalex.org/W2008821773,0.5,
https://openalex.org/W2008945761,0.1333,1.0
https://openalex.org/W2009395723,0.1667,0.3333
https://openalex.org/W2009477321,0.4706,0.8
https://openalex.org/W2009494252,0.0,
https://openalex.org/W2010314968,0.5,
https://openalex.org/W2010394877,0.3333,0.0
https://openalex.org/W2010531284,0.6667,0.5
https://openalex.org/W2010757092,0.3333,
https://openalex.org/W2011280072,0.5,1.0
https://openalex.org/W2011552505,0.2,0.0
https://openalex.org/W2011630802,0.6,0.5
https://openalex.org/W2011997318,0.6667,
https://openalex.org/W2012144860,0.2,0.0
https://openalex.org/W2012409913,0.2,
https://openalex.org/W2012481389,0.1333,0.1667
https://openalex.org/W2012641188,0.569,0.5714
https://openalex.org/W2012887899,0.0,0.0
https://openalex.org/W2012923286,0.5,1.0
https://openalex.org/W2013258528,0.0,1.0
https://openalex.org/W2013373262,0.0,0.5
https://openalex.org/W2013974186,0.0,
https://openalex.org/W2014072902,0.5714,
https://openalex.org/W2014205887,0.3333,0.5
https://openalex.org/W2014259908,0.6,0.5
https://openalex.org/W2014571352,0.6,0.4286
https://openalex.org/W2014859254,0.6667,0.5
https://openalex.org/W2014904421,0.1111,
https://openalex.org/W2015155205,0.0,
https://openalex.org/W2015418269,0.25,0.2
https://openalex.org/W2015467698,1.0,1.0
https://openalex.org/W2015523441,1.0,
https://openalex.org/W2015524895,0.0,
https://openalex.org/W2015791165,0.5,1.0
https://openalex.org/W2015830556,0.3333,1.0
https://openalex.org/W2015921288,0.3333,0.0
https://openalex.org/W2015930282,0.2857,0.25
https://openalex.org/W2016025071,0.0,0.5
https://openalex.org/W2016334639,0.2,
https://openalex.org/W2016425193,0.0,
https://openalex.org/W2016600950,0.0,
https://openalex.org/W2016748626,0.5833,0.0
https://openalex.org/W2016812032,0.1429,0.2
https://openalex.org/W2016918048,0.1481,0.125
https://openalex.org/W2016943878,0.75,1.0
https://openalex.org/W2017111781,0.5,1.0
https://openalex.org/W2017189459,0.0,
https://openalex.org/W2017231613,0.0,0.0
https://openalex.org/W2017561804,0.0,0.0
https://openalex.org/W2017591043,0.6667,1.0
https://openalex.org/W2017812289,0.0,0.0
https://openalex.org/W2017898402,0.6071,0.5
https://openalex.org/W2018093930,0.25,
https://openalex.org/W2018146176,0.5,0.6
https://openalex.org/W2018228546,0.5,
https://openalex.org/W2018510686,1.0,
https://openalex.org/W2018566353,0.375,0.4167
https://openalex.org/W2018714410,0.0,
https://openalex.org/W2018894622,0.2,
https://openalex.org/W2018941575,0.3333,0.0
https://openalex.org/W2018964643,0.5,
https://openalex.org/W2019021125,0.2821,0.2
https://openalex.org/W2019030615,0.1667,0.2727
https://openalex.org/W2019033019,0.0,
https://openalex.org/W2019065230,0.5,1.0
https://openalex.org/W2019110368,0.4,0.3333
https://openalex.org/W2019290646,0.5556,0.5
https://openalex.org/W2019502828,0.0,
https://openalex.org/W2019547856,0.5,0.5
https://openalex.org/W2019875674,1.0,0.5
https://openalex.org/W202013815,0.0,0.0
https://openalex.org/W2020276231,1.0,0.0
https://openalex.org/W2020378472,0.0,
https://openalex.org/W2020568807,1.0,0.0
https://openalex.org/W2020639080,0.0,
https://openalex.org/W2020716061,0.0,
https://openalex.org/W2020832752,0.5,0.25
https://openalex.org/W2020972990,0.0,0.3333
https://openalex.org/W2021029108,0.3083,0.2247
https://openalex.org/W2021088789,0.0,
https://openalex.org/W2021100589,0.75,0.0
https://openalex.org/W2021257839,0.4375,0.75
https://openalex.org/W2021633957,0.1714,0.1111
https://openalex.org/W2021708759,0.0,1.0
https://openalex.org/W2021735092,0.0833,0.0
https://openalex.org/W2021786667,0.0,
https://openalex.org/W2021870649,0.5,
https://openalex.org/W2021890366,0.3333,
https://openalex.org/W2021915987,0.0,0.6667
https://openalex.org/W2021976509,0.1667,
https://openalex.org/W2022089439,0.5,0.0
https://openalex.org/W2022105286,0.5556,0.0
https://openalex.org/W2022135434,0.5,0.5
https://openalex.org/W2022641898,0.5556,0.0
https://openalex.org/W2022843197,0.8333,0.1667
https://openalex.org/W2023209771,0.4286,0.4
https://openalex.org/W2023271168,0.4,1.0
https://openalex.org/W2023304471,0.4815,1.0
https://openalex.org/W2023344007,0.75,
https://openalex.org/W2023535707,0.0,
https://openalex.org/W2023546470,0.0,
https://openalex.org/W2023776807,0.3333,0.0
https://openalex.org/W2023893798,0.3333,0.5
https://openalex.org/W2023893896,0.2,
https://openalex.org/W2024106679,0.0,
https://openalex.org/W2024133353,1.0,
https://openalex.org/W2024292136,0.5,0.5
https://openalex.org/W2024379693,0.3333,
https://openalex.org/W2024547730,0.0,0.0
https://openalex.org/W2024555356,0.0,
https://openalex.org/W2024752791,0.5882,0.7407
https://openalex.org/W2024883828,0.0,
https://openalex.org/W2024994570,0.3333,0.0
https://openalex.org/W2025656436,0.1429,0.0
https://openalex.org/W2025998415,0.1667,0.25
https://openalex.org/W2026106181,1.0,
https://openalex.org/W2026202047,0.3333,
https://openalex.org/W2026251212,0.6667,0.5
https://openalex.org/W2026433267,0.5,0.0
https://openalex.org/W2026452802,0.3939,0.4375
https://openalex.org/W2026737697,0.5,
https://openalex.org/W2026844793,0.0,
https://openalex.org/W2027046536,0.3333,
https://openalex.org/W2027067950,0.6667,1.0
https://openalex.org/W2027173024,0.3571,0.4
https://openalex.org/W2027247249,0.5714,
https://openalex.org/W2027283310,0.4167,1.0
https://openalex.org/W2027285358,0.4286,1.0
https://openalex.org/W2027315537,0.1429,0.0
https://openalex.org/W2027381045,0.0,
https://openalex.org/W2027427689,0.1429,
https://openalex.org/W2027560268,0.5217,0.4267
https://openalex.org/W2027662776,0.0,0.2
https://openalex.org/W2027670255,0.1667,
https://openalex.org/W2027678432,0.3077,0.3333
https://openalex.org/W2027724772,1.0,
https://openalex.org/W2027763490,0.0,1.0
https://openalex.org/W2027778440,0.5,0.0
https://openalex.org/W2028032172,0.0,1.0
https://openalex.org/W2028273239,1.0,
https://openalex.org/W2028582297,0.25,0.0
https://openalex.org/W2028591529,0.75,1.0
https://openalex.org/W2028668136,0.0,0.0
https://openalex.org/W2028698029,0.0,
https://openalex.org/W2028830522,0.25,1.0
https://openalex.org/W2029070948,0.6,0.0
https://openalex.org/W2029254732,0.25,
https://openalex.org/W2029268468,0.0,0.0
https://openalex.org/W2029273451,1.0,
https://openalex.org/W2029419782,0.6364,0.25
https://openalex.org/W2029723662,0.4,0.6667
https://openalex.org/W2029790719,0.6667,0.75
https://openalex.org/W2029876126,0.2,0.0
https://openalex.org/W2030026648,0.4,
https://openalex.org/W2030216518,0.3571,0.0
https://openalex.org/W2030260123,0.5,
https://openalex.org/W2030304250,0.5714,
https://openalex.org/W2030378065,0.3333,0.0
https://openalex.org/W2030479753,0.0,
https://openalex.org/W2030598890,0.0,
https://openalex.org/W2030784883,0.4286,0.0
https://openalex.org/W2030919805,0.0,0.0
https://openalex.org/W2030939153,0.3333,0.0
https://openalex.org/W2030984584,0.0,
https://openalex.org/W2031053668,0.3333,
https://openalex.org/W2031136057,0.75,0.0
https://openalex.org/W2031794247,0.0,
https://openalex.org/W2031819601,0.5,
https://openalex.org/W2032069446,0.0,0.0
https://openalex.org/W2032162592,0.3333,
https://openalex.org/W2032283747,0.6667,0.5385
https://openalex.org/W2032322275,0.1379,0.7273
https://openalex.org/W2032413095,0.0,
https://openalex.org/W2032457058,1.0,0.5
https://openalex.org/W2032491356,1.0,
https://openalex.org/W2032503973,0.0,
https://openalex.org/W2032808143,0.5,0.0
https://openalex.org/W2032993088,0.0909,
https://openalex.org/W2033405919,0.0,
https://openalex.org/W2033410662,0.0,
https://openalex.org/W2033753105,0.6667,
https://openalex.org/W2033876580,0.3667,0.1333
https://openalex.org/W2033961929,0.7143,0.0
https://openalex.org/W2034118257,0.0,0.0
https://openalex.org/W2034251512,0.3846,0.3333
https://openalex.org/W2034371283,0.2,
https://openalex.org/W2034463196,0.1667,
https://openalex.org/W2034626750,0.3333,0.0
https://openalex.org/W2034721589,1.0,
https://openalex.org/W2034803686,0.0,0.6667
https://openalex.org/W2034979875,0.5,1.0
https://openalex.org/W2035024969,0.0,0.0
https://openalex.org/W2035589981,0.0,0.0
https://openalex.org/W2035705228,0.0,0.5
https://openalex.org/W2035761240,0.0,
https://openalex.org/W2035864837,0.4,0.5
https://openalex.org/W2035865062,0.0,0.0
https://openalex.org/W2035898173,0.375,
https://openalex.org/W2035964399,0.0,
https://openalex.org/W2036157608,0.0385,0.2
https://openalex.org/W2036294346,0.5,0.3333
https://openalex.org/W2036574857,0.0,
https://openalex.org/W2036713420,0.0,
https://openalex.org/W2036859456,0.5556,0.6154
https://openalex.org/W2036890377,0.25,1.0
https://openalex.org/W2036962868,0.125,0.1429
https://openalex.org/W2037569754,0.0,0.0
https://openalex.org/W2038301872,0.4286,0.0
https://openalex.org/W2038360839,0.75,
https://openalex.org/W2038466374,0.4615,0.3
https://openalex.org/W2038682926,0.3333,
https://openalex.org/W2038775110,0.0,0.0
https://openalex.org/W2038812690,0.0,
https://openalex.org/W2039175801,0.3256,0.3889
https://openalex.org/W2039509301,0.3077,0.0
https://openalex.org/W2039522831,0.0,
https://openalex.org/W2039584324,0.1333,0.3333
https://openalex.org/W2039603945,0.0,
https://openalex.org/W2040536578,0.4211,0.1429
https://openalex.org/W2041031855,0.5,
https://openalex.org/W2041081820,0.75,0.0
https://openalex.org/W2041340562,0.5,
https://openalex.org/W2041808416,0.2222,0.75
https://openalex.org/W2041849891,1.0,
https://openalex.org/W2041928567,0.3333,
https://openalex.org/W2041960960,0.6667,0.5
https://openalex.org/W2042018267,0.4667,0.4211
https://openalex.org/W2042022505,0.6667,
https://openalex.org/W2042052086,0.5,1.0
https://openalex.org/W2042137499,0.2,1.0
https://openalex.org/W2042145384,0.5714,1.0
https://openalex.org/W2042523366,0.0,0.0
https://openalex.org/W2042688185,0.0,
https://openalex.org/W2042822836,0.0968,0.05
https://openalex.org/W2042944432,0.25,0.0
https://openalex.org/W2043004752,0.04,
https://openalex.org/W2043024975,0.3333,0.0
https://openalex.org/W2043197022,0.5,1.0
https://openalex.org/W2043221574,0.1818,
https://openalex.org/W2043277293,0.0,
https://openalex.org/W2043298609,0.3404,0.3136
https://openalex.org/W2043519394,0.0,
https://openalex.org/W2043658412,0.75,1.0
https://openalex.org/W2044155759,0.75,0.0
https://openalex.org/W2044262647,0.3333,
https://openalex.org/W2044772150,0.0,0.0
https://openalex.org/W2044936554,0.0,
https://openalex.org/W2044988706,0.0,
https://openalex.org/W2045062198,0.5385,0.375
https://openalex.org/W2045193940,0.375,0.0
https://openalex.org/W2045489554,0.4,0.7778
https://openalex.org/W2046106355,0.2,0.0
https://openalex.org/W2046420906,0.625,0.2
https://openalex.org/W204664480,0.6,
https://openalex.org/W2047173108,0.0,
https://openalex.org/W2047250605,0.5714,0.0
https://openalex.org/W2047302191,0.75,
https://openalex.org/W2047362956,0.1667,0.0
https://openalex.org/W2047463497,0.0,
https://openalex.org/W2047548772,0.5,
https://openalex.org/W2047603483,0.2,0.0
https://openalex.org/W2047834259,0.3333,
https://openalex.org/W2047882353,1.0,0.5
https://openalex.org/W2048016588,0.0,0.0
https://openalex.org/W2048321637,0.3333,
https://openalex.org/W2048416691,1.0,
https://openalex.org/W2048441002,0.1429,
https://openalex.org/W2048550985,0.6,0.0
https://openalex.org/W2048581710,0.0,
https://openalex.org/W2048612771,0.0,
https://openalex.org/W2048617784,0.5,
https://openalex.org/W2048678739,0.0,
https://openalex.org/W2048741279,0.25,0.3333
https://openalex.org/W2048899191,0.5,
https://openalex.org/W2048902616,0.6,0.0
https://openalex.org/W2048984945,0.0,
https://openalex.org/W2049140239,0.3,
https://openalex.org/W2049272097,0.0,
https://openalex.org/W2049433997,0.0,
https://openalex.org/W2049467089,0.0,
https://openalex.org/W2049683785,0.4167,0.0
https://openalex.org/W2049859134,0.3333,
https://openalex.org/W2049897181,0.1667,0.0
https://openalex.org/W2050441043,0.45,0.1333
https://openalex.org/W2050560996,0.0,
https://openalex.org/W2050638111,0.2143,0.4
https://openalex.org/W2051091775,0.0,1.0
https://openalex.org/W2051250216,0.0,0.0
https://openalex.org/W2051702084,0.0,0.0
https://openalex.org/W2051807665,0.0,0.25
https://openalex.org/W2051841714,0.0,
https://openalex.org/W2051898670,0.0,
https://openalex.org/W2051938370,0.0,
https://openalex.org/W2051949659,0.0,
https://openalex.org/W2052117246,0.8333,0.6
https://openalex.org/W2052160632,0.0,
https://openalex.org/W2052164908,0.1429,0.0
https://openalex.org/W2052359485,0.0,0.0
https://openalex.org/W2052415339,0.4444,0.5
https://openalex.org/W2052447638,0.313,0.2778
https://openalex.org/W2052806034,0.6667,0.0
https://openalex.org/W2052825078,0.1429,0.0
https://openalex.org/W2053010024,0.2,
https://openalex.org/W2053121265,0.2222,0.6667
https://openalex.org/W2053897632,0.3077,0.5
https://openalex.org/W2054204610,0.0,1.0
https://openalex.org/W2054222227,0.4,0.0
https://openalex.org/W2054622705,0.0,0.0
https://openalex.org/W2054918443,1.0,1.0
https://openalex.org/W2054938187,0.5,0.5
https://openalex.org/W2054945751,0.5714,0.3636
https://openalex.org/W2055071923,0.0,
https://openalex.org/W2055177824,0.0,
https://openalex.org/W2055288364,0.3333,
https://openalex.org/W2055431462,0.4,0.5
https://openalex.org/W2055600872,0.3333,1.0
https://openalex.org/W2055633488,0.0,0.0
https://openalex.org/W2055648785,0.0,
https://openalex.org/W2055885908,1.0,
https://openalex.org/W2055897716,0.0,
https://openalex.org/W2055923512,0.375,0.0
https://openalex.org/W2055963257,0.0,
https://openalex.org/W2056151420,0.8,0.6667
https://openalex.org/W2056175747,0.3333,0.0
https://openalex.org/W2056585492,0.3636,0.5
https://openalex.org/W2056720463,0.4932,0.7692
https://openalex.org/W2056751951,1.0,1.0
https://openalex.org/W2056772226,0.1667,0.0
https://openalex.org/W2057114699,0.25,0.0
https://openalex.org/W205729765,0.0,0.0
https://openalex.org/W2057348613,1.0,
https://openalex.org/W2057531379,0.4286,0.25
https://openalex.org/W2058102932,0.1667,
https://openalex.org/W2058162395,0.5956,0.5522
https://openalex.org/W2058428632,0.375,0.0
https://openalex.org/W2058494530,1.0,
https://openalex.org/W2058657977,0.0,0.0
https://openalex.org/W2058740832,0.0,
https://openalex.org/W2058758116,0.3333,0.0
https://openalex.org/W2058801434,0.3333,
https://openalex.org/W2058905207,0.2353,0.4
https://openalex.org/W2059202938,0.6429,1.0
https://openalex.org/W2059289700,0.0,0.0
https://openalex.org/W2060228178,0.3263,0.2222
https://openalex.org/W2060356726,0.0,
https://openalex.org/W2060455579,0.4,0.0
https://openalex.org/W2060685580,0.5,0.0
https://openalex.org/W2060877196,0.2,0.0
https://openalex.org/W2061046097,0.75,0.6667
https://openalex.org/W2061161656,0.6,1.0
https://openalex.org/W2061188223,1.0,1.0
https://openalex.org/W2061428638,0.4286,0.6667
https://openalex.org/W2061430062,0.5,0.5
https://openalex.org/W2061442886,0.0,
https://openalex.org/W2061573580,0.2,0.0
https://openalex.org/W2061675965,0.1538,0.3333
https://openalex.org/W2061816618,0.2,0.0
https://openalex.org/W2061857097,0.3333,0.25
https://openalex.org/W2062993487,0.1429,0.0
https://openalex.org/W2063048568,0.0,0.3333
https://openalex.org/W2063053345,0.0,
https://openalex.org/W2063253774,0.4,0.0
https://openalex.org/W2063599846,0.1667,0.0
https://openalex.org/W2063708514,0.0,0.0
https://openalex.org/W2063714935,1.0,
https://openalex.org/W2063769791,0.2222,0.0
https://openalex.org/W2064790936,0.0,
https://openalex.org/W2064795301,0.0,
https://openalex.org/W2065078427,0.6667,0.5
https://openalex.org/W2065545832,0.5,0.5
https://openalex.org/W2065611367,0.1429,0.25
https://openalex.org/W2065942131,0.7143,
https://openalex.org/W2066051901,0.3077,0.0
https://openalex.org/W2066275783,0.4,
https://openalex.org/W2066352087,0.5,1.0
https://openalex.org/W2066848646,0.2667,0.0
https://openalex.org/W2066921471,0.4404,0.4136
https://openalex.org/W2067013697,0.3333,0.3333
https://openalex.org/W2067067282,0.0,0.0
https://openalex.org/W2067311076,1.0,
https://openalex.org/W2067508087,0.5,
https://openalex.org/W2067715105,0.125,0.75
https://openalex.org/W2067799449,0.5,1.0
https://openalex.org/W2067932577,0.4286,0.1667
https://openalex.org/W2068144168,0.0,
https://openalex.org/W2068612843,1.0,
https://openalex.org/W2068615534,0.2222,0.3333
https://openalex.org/W2068930087,0.0,
https://openalex.org/W2069187152,0.303,0.5333
https://openalex.org/W2069388937,0.5,0.5
https://openalex.org/W2069705736,0.3333,1.0
https://openalex.org/W2069838032,0.4,0.3333
https://openalex.org/W2071151265,0.6,
https://openalex.org/W2071214091,0.7778,1.0
https://openalex.org/W2071366422,0.0,
https://openalex.org/W2071402736,0.7067,0.7031
https://openalex.org/W2071734960,0.0,
https://openalex.org/W2071818312,0.0,
https://openalex.org/W2072025216,0.0,
https://openalex.org/W2072078256,0.3929,0.3333
https://openalex.org/W2072119721,0.75,0.4
https://openalex.org/W2072187704,0.2391,0.3043
https://openalex.org/W2072288548,0.0556,0.0
https://openalex.org/W2072347674,0.5,
https://openalex.org/W2072446042,0.25,0.0
https://openalex.org/W2073316928,0.5,1.0
https://openalex.org/W2073475650,0.2857,
https://openalex.org/W2073575231,0.2,0.0
https://openalex.org/W2073609117,0.4,0.25
https://openalex.org/W2073760428,0.4444,1.0
https://openalex.org/W2074068423,0.0,
https://openalex.org/W2074193272,0.4,0.5
https://openalex.org/W2074291515,0.0,0.3333
https://openalex.org/W2074322797,0.75,0.7273
https://openalex.org/W2074398950,1.0,0.0
https://openalex.org/W2074517096,0.0,0.0
https://openalex.org/W2074666204,0.7857,0.5
https://openalex.org/W2076184742,0.0,
https://openalex.org/W2076256957,0.1304,0.2
https://openalex.org/W2076269442,0.8,1.0
https://openalex.org/W2076584108,0.3,0.0
https://openalex.org/W2077106936,0.0,
https://openalex.org/W2077939190,0.1702,0.0571
https://openalex.org/W2078160533,0.0,
https://openalex.org/W2078209036,0.4615,0.3333
https://openalex.org/W2078409423,1.0,
https://openalex.org/W2078570802,0.2857,0.1
https://openalex.org/W2079053544,0.0,0.0
https://openalex.org/W2079405682,0.0,
https://openalex.org/W2079555903,0.4,0.3333
https://openalex.org/W2079593243,0.25,
https://openalex.org/W2080165350,0.0,
https://openalex.org/W2080720951,0.1429,1.0
https://openalex.org/W2081620926,0.4286,
https://openalex.org/W2082538284,0.7143,0.6667
https://openalex.org/W2082579854,0.4,0.0
https://openalex.org/W2082635421,0.4,1.0
https://openalex.org/W2082657303,0.0,0.0
https://openalex.org/W2083109500,0.0,0.0
https://openalex.org/W2083284100,1.0,
https://openalex.org/W2083375199,0.25,
https://openalex.org/W2083448772,0.25,0.3333
https://openalex.org/W2084298212,0.0,
https://openalex.org/W2084367686,0.5,0.0
https://openalex.org/W2084753113,0.25,
https://openalex.org/W2084780111,0.375,0.0
https://openalex.org/W2084846933,0.5,0.0
https://openalex.org/W2085174221,0.25,0.0
https://openalex.org/W2085254160,0.0,0.5
https://openalex.org/W2085418679,0.5,1.0
https://openalex.org/W2085598364,0.2308,0.4
https://openalex.org/W2085928539,0.25,
https://openalex.org/W2086162170,0.0,
https://openalex.org/W2086181202,0.0,1.0
https://openalex.org/W2086261161,0.0,
https://openalex.org/W2086458775,1.0,
https://openalex.org/W2086466684,0.0,
https://openalex.org/W2086503529,0.6667,0.7143
https://openalex.org/W2086894540,0.1818,0.5
https://openalex.org/W2087090031,1.0,
https://openalex.org/W2087215265,0.1481,0.2
https://openalex.org/W2087369298,0.6,0.75
https://openalex.org/W2087627813,0.5556,0.0
https://openalex.org/W2087657388,0.2,
https://openalex.org/W2087791521,0.0,
https://openalex.org/W2087824451,0.0,
https://openalex.org/W2088062086,1.0,0.0
https://openalex.org/W2088088672,0.0,
https://openalex.org/W2088105249,0.4,0.0
https://openalex.org/W2088464289,0.25,0.2308
https://openalex.org/W2088477264,1.0,
https://openalex.org/W2088743976,0.3846,0.4444
https://openalex.org/W2089005037,0.25,0.0
https://openalex.org/W2089130042,0.0,
https://openalex.org/W2089463205,0.5441,0.4762
https://openalex.org/W2089494798,0.3333,
https://openalex.org/W2089708634,0.0,0.0
https://openalex.org/W2090070925,0.0,0.3333
https://openalex.org/W2090203211,0.6667,1.0
https://openalex.org/W2090990671,0.2,
https://openalex.org/W2091265238,0.0,0.3333
https://openalex.org/W2091390249,0.125,0.5
https://openalex.org/W2091453687,1.0,0.0
https://openalex.org/W2091550832,0.5,
https://openalex.org/W2091713867,0.3571,0.2
https://openalex.org/W2091894899,0.3333,0.5
https://openalex.org/W2091973149,1.0,
https://openalex.org/W2091977096,0.1429,
https://openalex.org/W2092235216,0.2,
https://openalex.org/W2092729291,0.6667,1.0
https://openalex.org/W2092973960,0.5,
https://openalex.org/W2093074053,0.6667,
https://openalex.org/W2093153852,0.3333,0.0
https://openalex.org/W2093186027,0.3333,1.0
https://openalex.org/W2093218334,0.0,
https://openalex.org/W2093248878,0.1111,0.75
https://openalex.org/W2093406714,0.0,0.0
https://openalex.org/W2093414414,1.0,
https://openalex.org/W2093505263,0.2471,0.1895
https://openalex.org/W2093510178,0.25,0.0
https://openalex.org/W2093553484,0.0,
https://openalex.org/W2093736130,0.2,0.5
https://openalex.org/W2093808457,0.32,0.7778
https://openalex.org/W2093899384,0.5,
https://openalex.org/W2094076100,0.0,
https://openalex.org/W2094477267,0.3333,
https://openalex.org/W2094627734,0.25,
https://openalex.org/W2094680612,0.0,
https://openalex.org/W2094713531,0.0,
https://openalex.org/W2094769623,0.1667,1.0
https://openalex.org/W2094841515,0.381,0.1667
https://openalex.org/W2094855206,0.25,
https://openalex.org/W2095248295,0.25,
https://openalex.org/W2095464255,0.25,
https://openalex.org/W2095611502,0.0,
https://openalex.org/W2095772654,0.0,
https://openalex.org/W2096417945,0.4762,0.3333
https://openalex.org/W2097211043,0.2857,1.0
https://openalex.org/W2097713885,0.2222,0.6667
https://openalex.org/W2097825849,0.1333,0.0
https://openalex.org/W2098209588,0.3333,
https://openalex.org/W2098666635,0.5,0.0
https://openalex.org/W2098869534,0.5,0.5385
https://openalex.org/W2099520044,0.0,1.0
https://openalex.org/W2099549935,0.2083,0.0
https://openalex.org/W2100047241,0.0,
https://openalex.org/W2100234225,0.0,
https://openalex.org/W2100261260,0.3333,
https://openalex.org/W2100274451,0.0,0.0
https://openalex.org/W2100617431,0.5,
https://openalex.org/W2101182802,0.6667,
https://openalex.org/W2102216953,1.0,
https://openalex.org/W2102415519,0.4737,0.5
https://openalex.org/W2103687995,1.0,
https://openalex.org/W2104000845,0.6,0.6923
https://openalex.org/W2104151815,0.4286,0.4
https://openalex.org/W2104253553,0.2,1.0
https://openalex.org/W2104341362,0.7,
https://openalex.org/W2104537814,0.0,0.0
https://openalex.org/W2104747891,0.3333,
https://openalex.org/W2105458776,0.1429,
https://openalex.org/W2106075128,0.75,0.0
https://openalex.org/W2106203615,0.5,0.0
https://openalex.org/W2106603542,0.0,0.0
https://openalex.org/W2108400040,0.0,
https://openalex.org/W2109121321,0.0,1.0
https://openalex.org/W2109772750,0.0,
https://openalex.org/W2110216948,0.5,0.2857
https://openalex.org/W2110806889,0.3333,1.0
https://openalex.org/W2110860150,0.75,
https://openalex.org/W2111815565,0.5,0.0
https://openalex.org/W2112102459,0.5,
https://openalex.org/W2112224611,0.0,
https://openalex.org/W2112381168,0.5,0.25
https://openalex.org/W2112560258,0.3023,0.1613
https://openalex.org/W2112715124,0.3333,0.8333
https://openalex.org/W2112784907,0.5,
https://openalex.org/W2113047393,0.3333,0.0
https://openalex.org/W2114429515,0.2778,0.2
https://openalex.org/W2114474255,0.2,0.5
https://openalex.org/W2114490519,0.0,
https://openalex.org/W2115088280,0.5,
https://openalex.org/W2116543791,0.3333,0.6667
https://openalex.org/W2116832772,0.7143,0.75
https://openalex.org/W2116940341,0.0,
https://openalex.org/W2117006252,0.1,0.5
https://openalex.org/W2117302499,0.3333,1.0
https://openalex.org/W2117467146,0.25,0.5
https://openalex.org/W2117596417,0.25,
https://openalex.org/W2118163673,0.3333,0.125
https://openalex.org/W2118646792,0.25,0.0968
https://openalex.org/W2118798742,0.5,
https://openalex.org/W2118809724,0.0,
https://openalex.org/W2118933129,0.3947,0.2647
https://openalex.org/W2119244704,0.1667,0.5
https://openalex.org/W2119632634,0.1905,0.25
https://openalex.org/W2119680355,1.0,
https://openalex.org/W2120028265,0.0,
https://openalex.org/W2120622803,0.1429,0.2727
https://openalex.org/W2120703419,0.125,0.0
https://openalex.org/W2121467278,0.625,0.6667
https://openalex.org/W2121767946,0.0,0.0
https://openalex.org/W2122080232,0.45,0.4615
https://openalex.org/W2123000930,0.6667,1.0
https://openalex.org/W2123553004,0.375,0.0
https://openalex.org/W2123564723,0.0909,0.0
https://openalex.org/W2123826473,0.6,
https://openalex.org/W2124477288,0.3478,0.1053
https://openalex.org/W2125066348,0.25,0.5
https://openalex.org/W2125072788,0.2759,0.0476
https://openalex.org/W2125885386,0.3182,0.5
https://openalex.org/W2126421790,0.6667,
https://openalex.org/W2127670566,0.3846,0.5556
https://openalex.org/W2128310207,0.5625,0.25
https://openalex.org/W2128468349,1.0,
https://openalex.org/W2129680183,0.0,
https://openalex.org/W2130098370,0.1667,0.0
https://openalex.org/W2130568040,0.1538,0.2414
https://openalex.org/W2130879874,0.6667,
https://openalex.org/W2130922791,0.25,0.0
https://openalex.org/W2131166044,0.4286,0.0
https://openalex.org/W2131169909,0.4286,
https://openalex.org/W2131188434,0.3333,0.5
https://openalex.org/W2131223556,0.2838,0.1587
https://openalex.org/W2131379682,0.1935,0.2
https://openalex.org/W2131673292,0.0,
https://openalex.org/W2131918768,0.3333,
https://openalex.org/W2132115624,0.6,1.0
https://openalex.org/W2132328255,0.5,0.3333
https://openalex.org/W2132386861,0.3333,
https://openalex.org/W2133968090,0.4,0.5714
https://openalex.org/W2134046744,0.0,
https://openalex.org/W2134374318,0.0,
https://openalex.org/W2136090268,0.5,1.0
https://openalex.org/W2137261963,0.3517,0.3184
https://openalex.org/W2137466112,0.4929,0.5312
https://openalex.org/W2137740178,0.6667,0.0
https://openalex.org/W2137839838,0.5455,0.25
https://openalex.org/W2138322764,0.2857,0.0
https://openalex.org/W2138581721,0.4444,0.25
https://openalex.org/W2138649378,0.44,0.4444
https://openalex.org/W2139457845,0.0,
https://openalex.org/W2139520467,0.6667,
https://openalex.org/W2139756192,0.25,
https://openalex.org/W2140186410,0.6667,
https://openalex.org/W2140647031,0.0,
https://openalex.org/W2140926843,0.6667,0.0
https://openalex.org/W2141122753,0.2727,0.625
https://openalex.org/W2141186188,0.6667,
https://openalex.org/W2141518371,0.2857,
https://openalex.org/W2142129269,0.5,0.28
https://openalex.org/W2142215646,0.375,0.3333
https://openalex.org/W2142281635,0.0,
https://openalex.org/W2142866053,0.2222,
https://openalex.org/W2142994513,0.5,0.0
https://openalex.org/W2143052129,0.0,
https://openalex.org/W2143164642,0.7143,1.0
https://openalex.org/W2143640057,0.7143,0.6
https://openalex.org/W2143936316,0.5333,0.1463
https://openalex.org/W2144316810,0.5556,0.0
https://openalex.org/W2144712327,0.0,0.0
https://openalex.org/W2144798955,1.0,
https://openalex.org/W2146413753,0.3333,
https://openalex.org/W2146857523,0.2619,0.0972
https://openalex.org/W2146943142,0.3333,0.375
https://openalex.org/W2147880781,0.3333,0.0
https://openalex.org/W2148649212,0.6,0.0
https://openalex.org/W2148683894,0.0,0.5
https://openalex.org/W2148700085,0.2667,0.3125
https://openalex.org/W2148997432,0.4,
https://openalex.org/W2149421615,0.5,
https://openalex.org/W2149423494,0.0909,0.5
https://openalex.org/W2149795433,0.4444,0.0
https://openalex.org/W2150697025,0.2,0.0
https://openalex.org/W2151019559,0.1667,0.2
https://openalex.org/W2151358502,0.3333,0.5
https://openalex.org/W2151980650,0.0,
https://openalex.org/W2151987718,0.45,0.3289
https://openalex.org/W2152739340,0.4512,0.381
https://openalex.org/W2152866056,0.0,0.0
https://openalex.org/W2152890544,0.6667,
https://openalex.org/W2153051515,1.0,1.0
https://openalex.org/W2153462630,1.0,
https://openalex.org/W2153978619,0.0,0.0
https://openalex.org/W2154058488,1.0,0.5
https://openalex.org/W2154492142,0.2143,0.5
https://openalex.org/W2154546413,0.0,0.0
https://openalex.org/W2154616550,0.2,0.0
https://openalex.org/W2154701516,0.2632,0.0
https://openalex.org/W2155582408,0.0,
https://openalex.org/W2155835883,0.6667,0.0
https://openalex.org/W2155904984,0.2,
https://openalex.org/W2156479488,0.0909,0.0
https://openalex.org/W2156490867,0.3333,
https://openalex.org/W2157448990,0.2308,0.5
https://openalex.org/W2157466089,0.1429,0.6667
https://openalex.org/W2157900628,1.0,
https://openalex.org/W2157940858,0.5,
https://openalex.org/W2157976529,0.3333,0.5
https://openalex.org/W2158085284,0.45,0.3235
https://openalex.org/W2158152267,0.2,1.0
https://openalex.org/W2158224498,0.1667,
https://openalex.org/W2158688845,0.4359,0.3609
https://openalex.org/W2158776625,0.0,
https://openalex.org/W2159088156,0.0,
https://openalex.org/W2159378616,0.3649,0.3772
https://openalex.org/W2159457323,0.5,0.0
https://openalex.org/W2159999640,0.4375,0.0
https://openalex.org/W2160021985,0.4366,0.6667
https://openalex.org/W2161022553,0.4444,0.0
https://openalex.org/W2161063843,0.6667,1.0
https://openalex.org/W2161338022,0.4286,1.0
https://openalex.org/W2161346504,0.375,0.2
https://openalex.org/W2161554017,0.0,
https://openalex.org/W2162115843,0.125,0.0
https://openalex.org/W2162216687,0.625,1.0
https://openalex.org/W2162320713,0.3333,
https://openalex.org/W2162557220,0.0,1.0
https://openalex.org/W2162564886,0.6667,
https://openalex.org/W2162771157,0.3478,0.0
https://openalex.org/W2164144612,0.0,0.0
https://openalex.org/W2164377852,0.0,1.0
https://openalex.org/W2165492568,1.0,
https://openalex.org/W2165900438,0.0,0.0
https://openalex.org/W2166197767,0.191,0.1918
https://openalex.org/W2166623418,0.6296,0.5714
https://openalex.org/W2167303868,0.5,0.0
https://openalex.org/W2167405038,0.3333,0.5
https://openalex.org/W2167540568,1.0,
https://openalex.org/W2167575623,0.25,0.0
https://openalex.org/W2168114582,0.0,
https://openalex.org/W2168151147,0.1,
https://openalex.org/W2168489679,0.2,
https://openalex.org/W2168962926,0.1481,0.0
https://openalex.org/W2168975813,0.7,
https://openalex.org/W2169681274,0.625,0.6667
https://openalex.org/W2169977353,0.0,
https://openalex.org/W2170387374,0.0,
https://openalex.org/W2170812028,0.25,0.0
https://openalex.org/W2170817778,0.6,1.0
https://openalex.org/W2171216914,0.3413,0.1967
https://openalex.org/W2171279601,0.5,
https://openalex.org/W2171340812,0.0,
https://openalex.org/W2171942834,0.2,0.3333
https://openalex.org/W2171992303,0.75,1.0
https://openalex.org/W2172224330,0.5333,0.25
https://openalex.org/W2178768592,0.1429,0.0
https://openalex.org/W2214916417,0.5,
https://openalex.org/W230475563,1.0,
https://openalex.org/W230475638,0.5,
https://openalex.org/W2324797938,0.6667,
https://openalex.org/W2326577022,0.0,
https://openalex.org/W2335166809,0.0,
https://openalex.org/W2335203694,0.0,0.0
https://openalex.org/W2338013205,0.0,
https://openalex.org/W2419431196,0.5,
https://openalex.org/W2495162742,0.0,
https://openalex.org/W2515726670,0.5714,0.3333
https://openalex.org/W2569224500,0.3333,0.4444
https://openalex.org/W2570516957,0.4,
https://openalex.org/W2585643653,1.0,
https://openalex.org/W2593752443,0.0,
https://openalex.org/W2626005816,0.6,
https://openalex.org/W2729169974,0.0,
https://openalex.org/W2769773461,0.7143,0.5
https://openalex.org/W2941967318,1.0,
https://openalex.org/W2993329660,0.3333,1.0
https://openalex.org/W3022803644,0.4167,0.2857
https://openalex.org/W30518688,0.1667,1.0
https://openalex.org/W3104215712,0.381,0.375
https://openalex.org/W3115115460,0.7143,0.6071
https://openalex.org/W3118060506,0.2222,0.6667
https://openalex.org/W3121213673,0.3636,0.1429
https://openalex.org/W3121367887,0.0,0.0
https://openalex.org/W3121408658,0.0,
https://openalex.org/W3121424338,0.5,
https://openalex.org/W3121436747,0.5517,0.3636
https://openalex.org/W3121534696,0.0,
https://openalex.org/W3121550459,0.25,0.4
https://openalex.org/W3121555641,0.0,0.0
https://openalex.org/W3121646171,0.4,
https://openalex.org/W3121672673,0.4286,0.3333
https://openalex.org/W3121742838,0.6667,
https://openalex.org/W3121752578,0.2927,0.2069
https://openalex.org/W3121758165,0.75,
https://openalex.org/W3121870490,0.25,
https://openalex.org/W3122062332,0.5,0.0
https://openalex.org/W3122078497,0.4,0.0
https://openalex.org/W3122133236,0.5,
https://openalex.org/W3122134657,0.2857,0.0
https://openalex.org/W3122147462,0.4667,0.6667
https://openalex.org/W3122155449,0.25,0.4
https://openalex.org/W3122193816,0.2,0.0
https://openalex.org/W3122214602,0.25,0.0
https://openalex.org/W3122236327,0.5,0.6667
https://openalex.org/W3122322595,0.3333,
https://openalex.org/W3122410373,0.1667,
https://openalex.org/W3122425019,0.0,
https://openalex.org/W3122500034,0.1304,0.1667
https://openalex.org/W3122602369,0.1053,0.25
https://openalex.org/W3122677429,0.4565,0.4348
https://openalex.org/W3122757452,0.25,0.3333
https://openalex.org/W3122903499,0.6056,0.6585
https://openalex.org/W3122942339,0.75,0.5
https://openalex.org/W3122952492,1.0,0.0
https://openalex.org/W3122964210,0.4286,0.6111
https://openalex.org/W3122979832,0.6667,1.0
https://openalex.org/W3122985024,0.5556,0.6667
https://openalex.org/W3123262839,0.0,
https://openalex.org/W3123320805,0.5385,1.0
https://openalex.org/W3123339918,0.098,0.5
https://openalex.org/W3123360069,0.0,
https://openalex.org/W3123363184,0.2222,0.4545
https://openalex.org/W3123503065,0.2917,0.4375
https://openalex.org/W3123667949,0.0,0.5
https://openalex.org/W3123859648,1.0,0.1667
https://openalex.org/W3123869526,0.0,1.0
https://openalex.org/W3123895875,0.5,
https://openalex.org/W3123902743,0.6471,0.0
https://openalex.org/W3123927344,0.4615,1.0
https://openalex.org/W3124016008,0.5,0.3333
https://openalex.org/W3124025019,0.375,1.0
https://openalex.org/W3124076038,0.4737,0.7
https://openalex.org/W3124092583,0.5,0.0
https://openalex.org/W3124180953,0.6,
https://openalex.org/W3124336448,0.2727,0.4
https://openalex.org/W3124388301,0.0909,0.25
https://openalex.org/W3124445702,0.0,
https://openalex.org/W3124475441,0.3333,0.0
https://openalex.org/W3124490848,0.2593,0.1667
https://openalex.org/W3124545306,0.1667,0.5
https://openalex.org/W3124681946,0.25,0.0
https://openalex.org/W3124703245,0.7778,0.75
https://openalex.org/W3124780179,0.6667,0.6667
https://openalex.org/W3124890615,0.0,0.0
https://openalex.org/W3124957891,0.4444,0.4286
https://openalex.org/W3125012817,0.6,0.5
https://openalex.org/W3125019873,0.7143,0.0
https://openalex.org/W3125047047,0.3333,0.0
https://openalex.org/W3125057284,0.0,
https://openalex.org/W3125086669,0.0,
https://openalex.org/W3125152439,0.4,1.0
https://openalex.org/W3125172345,0.0,0.1429
https://openalex.org/W3125251721,0.0588,0.5
https://openalex.org/W3125303055,0.4,0.4
https://openalex.org/W3125408074,0.5,
https://openalex.org/W3125535125,0.1667,0.375
https://openalex.org/W3125580572,0.7,0.7692
https://openalex.org/W3125632391,0.3333,
https://openalex.org/W3125693251,0.3077,0.5
https://openalex.org/W3125727578,0.2727,0.25
https://openalex.org/W3125790520,0.0,
https://openalex.org/W3125805336,0.2857,
https://openalex.org/W3126134182,0.4,0.5
https://openalex.org/W31289266,0.0,
https://openalex.org/W3138030584,0.5,
https://openalex.org/W365729486,0.6667,0.0
https://openalex.org/W4230177530,0.5,0.0
https://openalex.org/W4234751461,0.1667,1.0
https://openalex.org/W4235294356,0.2,1.0
https://openalex.org/W4235920087,0.4,0.0
https://openalex.org/W4236493572,0.3333,
https://openalex.org/W4237116451,0.3333,
https://openalex.org/W4237823944,0.0,
https://openalex.org/W4242361479,0.0,
https://openalex.org/W4242620842,0.0,
https://openalex.org/W4242919575,0.1364,0.125
https://openalex.org/W4243649681,0.0714,0.0
https://openalex.org/W4243691294,0.0,
https://openalex.org/W4243765897,0.4,1.0
https://openalex.org/W4244331047,0.5911,0.5584
https://openalex.org/W4245255514,0.6,
https://openalex.org/W4245788460,0.6923,0.6667
https://openalex.org/W4246647746,0.2353,1.0
https://openalex.org/W4247426606,0.6667,1.0
https://openalex.org/W4248443350,0.6667,0.75
https://openalex.org/W4249539887,0.5,1.0
https://openalex.org/W4250325844,0.5333,1.0
https://openalex.org/W4251396271,0.5,
https://openalex.org/W4252252246,0.4286,0.5455
https://openalex.org/W4254367909,0.1667,
https://openalex.org/W4254587423,0.5625,1.0
https://openalex.org/W4255776301,0.4286,0.0
https://openalex.org/W45970655,0.6667,
https://openalex.org/W583845388,0.3333,
https://openalex.org/W595477152,1.0,
https://openalex.org/W744292962,0.5,
https://openalex.org/W786562826,0.0,
https://openalex.org/W97261193,0.6667,0.0
