new_word,new_word_reuse,new_phrase,new_phrase_reuse,new_word_comb,new_word_comb_reuse,new_phrase_comb,new_phrase_comb_reuse,semantic_distance,n_words,n_phrases,has_abstract,focal_id
0,0,0,0,21,78,4,8,0.1897517442703247,24,12,1,https://openalex.org/W2148700085
0,0,0,0,5,63,30,304,0.1874290704727172,31,15,1,https://openalex.org/W2043658412
0,0,0,0,0,0,6,14,0.1823991537094116,35,6,1,https://openalex.org/W205729765
0,0,1,2,0,0,6,24,0.1738237738609314,31,8,1,https://openalex.org/W2125072788
1,2,1,2,4,8,8,22,0.122298002243042,29,10,1,https://openalex.org/W3123363184
0,0,0,0,0,0,0,0,0.1020218133926391,6,3,0,https://openalex.org/W4254587423
0,0,1,6,0,0,0,0,0.1998463273048401,25,2,1,https://openalex.org/W1981647117
0,0,1,2,0,0,0,0,0.0934903621673584,3,1,1,https://openalex.org/W4245788460
0,0,0,0,1,4,0,0,0.1404104232788086,41,3,1,https://openalex.org/W2061430062
0,0,0,0,2,11,10,276,0.1436391472816467,25,9,1,https://openalex.org/W2120622803
0,0,0,0,0,0,0,0,0.1992415189743042,8,2,0,https://openalex.org/W2027560268
0,0,1,2,0,0,3,11,0.1345323920249939,20,6,1,https://openalex.org/W3125580572
0,0,0,0,2,20,8,112,0.1490235328674316,31,10,1,https://openalex.org/W2040536578
0,0,1,3,0,0,1,2,0.172098696231842,27,5,1,https://openalex.org/W2151980650
1,5,1,2,29,104,1,2,0.166587233543396,30,4,1,https://openalex.org/W3121213673
0,0,0,0,51,183,11,50,0.2495841383934021,78,17,1,https://openalex.org/W1578672048
0,0,1,3,2,22,3,15,0.2000696063041687,24,6,1,https://openalex.org/W3122903499
0,0,0,0,25,134,18,61,0.1102792024612426,36,13,1,https://openalex.org/W1990180703
0,0,0,0,6,233,5,65,0.2429105639457702,21,5,1,https://openalex.org/W1996345633
0,0,0,0,0,0,2,28,0.1445531249046325,7,3,0,https://openalex.org/W4255776301
0,0,0,0,2,23,2,5,0.1080713272094726,26,5,1,https://openalex.org/W2016918048
0,0,0,0,1,2,1,2,0.1412795782089233,22,3,1,https://openalex.org/W2088464289
0,0,0,0,0,0,3,6,0.1793318390846252,7,4,1,https://openalex.org/W2036859456
0,0,0,0,17,284,6,228,0.1723293662071228,40,10,1,https://openalex.org/W2123564723
0,0,1,4,0,0,4,13,0.1835155487060547,26,6,1,https://openalex.org/W2006593106
0,0,0,0,0,0,1,3,0.1705271601676941,22,3,1,https://openalex.org/W1986772231
0,0,0,0,8,69,2,4,0.1835395693778991,20,6,1,https://openalex.org/W2132328255
0,0,0,0,0,0,0,0,0.0990946888923645,4,1,0,https://openalex.org/W2106203615
0,0,3,15,9,106,9,237,0.2133814692497253,55,15,1,https://openalex.org/W2133968090
0,0,0,0,2,14,5,15,0.1727829575538635,45,8,1,https://openalex.org/W1585106175
0,0,0,0,0,0,11,42,0.1931858658790588,29,10,1,https://openalex.org/W2051250216
0,0,0,0,24,187,4,28,0.1799680590629577,40,12,1,https://openalex.org/W1973216346
0,0,0,0,2,16,1,2,0.216985285282135,24,5,1,https://openalex.org/W3122236327
0,0,0,0,56,216,3,10,0.1236077547073364,45,12,1,https://openalex.org/W2105458776
0,0,0,0,5,46,1,4,0.2361411381336773,25,6,1,https://openalex.org/W2008140108
0,0,1,3,15,82,2,9,0.1699059009552002,20,6,1,https://openalex.org/W3123859648
0,0,0,0,0,0,0,0,0.1967249512672424,12,1,1,https://openalex.org/W2032808143
0,0,0,0,0,0,0,0,0.095610499382019,3,0,1,https://openalex.org/W2015921288
0,0,0,0,0,0,1,2,0.1354075670242309,39,2,1,https://openalex.org/W2074291515
0,0,0,0,0,0,1,8,0.1714736223220825,28,5,1,https://openalex.org/W2121767946
0,0,0,0,0,0,0,0,0.098101258277893,5,3,1,https://openalex.org/W2033961929
0,0,0,0,2,5,0,0,0.1919113993644714,25,4,1,https://openalex.org/W1975786683
0,0,0,0,1,110,0,0,0.1735814213752746,24,3,1,https://openalex.org/W2066275783
0,0,0,0,0,0,1,3,0.1001889109611511,45,13,1,https://openalex.org/W2061857097
0,0,1,15,110,551,26,137,0.1920693516731262,79,20,1,https://openalex.org/W2091550832
0,0,0,0,0,0,0,0,0.0917533636093139,4,0,0,https://openalex.org/W2027315537
0,0,0,0,8,77,2,5,0.2033590078353881,26,6,1,https://openalex.org/W2029723662
0,0,0,0,4,52,5,23,0.2057902812957763,34,8,1,https://openalex.org/W2168975813
0,0,0,0,10,85,14,81,0.1646579504013061,52,12,1,https://openalex.org/W1985849789
0,0,0,0,3,17,1,2,0.0987353920936584,8,2,1,https://openalex.org/W2100274451
0,0,1,5,1,10,6,26,0.2129091817928864,24,7,1,https://openalex.org/W1969668298
0,0,0,0,0,0,0,0,0.171039342880249,5,1,0,https://openalex.org/W4252252246
0,0,0,0,0,0,0,0,0.1784666180610656,20,1,1,https://openalex.org/W2023893896
0,0,0,0,9,40,7,26,0.1580091714859008,47,12,1,https://openalex.org/W2104341362
0,0,2,45,0,0,5,12,0.1573826074600219,35,7,1,https://openalex.org/W1965621063
0,0,0,0,0,0,0,0,0.1945582032203674,20,2,1,https://openalex.org/W2001972652
0,0,0,0,12,57,0,0,0.1633559465408325,27,8,1,https://openalex.org/W1997837316
0,0,1,11,4,8,2,6,0.2357827425003052,27,9,1,https://openalex.org/W2335203694
0,0,1,10,2,25,7,22,0.1859718561172485,29,9,1,https://openalex.org/W2941967318
0,0,0,0,16,112,48,647,0.1958886981010437,64,18,1,https://openalex.org/W2027763490
0,0,0,0,0,0,0,0,0.1224662661552429,20,3,1,https://openalex.org/W2138322764
0,0,1,2,0,0,0,0,0.2557610901948461,16,5,1,https://openalex.org/W1969230246
0,0,0,0,0,0,0,0,0.154792308807373,4,1,1,https://openalex.org/W2082657303
0,0,0,0,26,185,3,14,0.1295328140258789,39,11,1,https://openalex.org/W2106075128
0,0,1,3,0,0,8,29,0.2452629804611206,25,13,1,https://openalex.org/W2038682926
0,0,0,0,35,232,64,296,0.1293540000915527,52,29,1,https://openalex.org/W2056151420
0,0,0,0,2,26,6,47,0.1297071576118469,51,10,1,https://openalex.org/W2139520467
0,0,0,0,12,41,4,15,0.1872457861900329,24,7,1,https://openalex.org/W2018146176
0,0,1,7,24,217,3,8,0.1982981562614441,47,10,1,https://openalex.org/W2162557220
0,0,0,0,10,160,0,0,0.1485148668289184,42,11,1,https://openalex.org/W2569224500
0,0,0,0,3,34,2,16,0.1826410293579101,41,7,1,https://openalex.org/W2092729291
0,0,0,0,10,63,0,0,0.1142252683639526,24,8,1,https://openalex.org/W2021735092
0,0,1,3,10,68,3,67,0.1632882952690124,28,8,1,https://openalex.org/W2023776807
0,0,0,0,0,0,0,0,0.2255828976631164,24,3,1,https://openalex.org/W2006935917
0,0,0,0,5,21,4,13,0.1408904194831848,32,7,1,https://openalex.org/W2017231613
0,0,1,6,47,320,42,261,0.2127811908721924,55,22,1,https://openalex.org/W2058801434
0,0,0,0,2,4,0,0,0.1580854058265686,24,5,1,https://openalex.org/W1897824899
0,0,1,4,18,77,4,11,0.1158311367034912,48,12,1,https://openalex.org/W2010531284
0,0,0,0,0,0,0,0,0.1560863256454467,11,0,1,https://openalex.org/W2018228546
0,0,0,0,0,0,1,2,0.1522600650787353,35,5,1,https://openalex.org/W2056772226
0,0,0,0,0,0,0,0,0.146793246269226,35,3,1,https://openalex.org/W2017189459
0,0,0,0,0,0,0,0,0.1766652997113612,25,3,1,https://openalex.org/W2100047241
0,0,0,0,26,162,10,49,0.1372589468955993,47,13,1,https://openalex.org/W2154492142
0,0,0,0,4,24,0,0,0.1563118696212768,28,2,1,https://openalex.org/W1974153919
0,0,0,0,3,11,2,4,0.177258014678955,17,5,1,https://openalex.org/W2032162592
0,0,0,0,9,115,1,5,0.1840529441833496,26,8,1,https://openalex.org/W2137740178
0,0,0,0,1,2,0,0,0.2307064533233642,11,1,1,https://openalex.org/W2018941575
0,0,0,0,6,24,3,8,0.1578401923179626,25,6,1,https://openalex.org/W2052164908
0,0,2,14,3,10,3,13,0.1699296236038208,31,10,1,https://openalex.org/W2154058488
0,0,0,0,9,81,0,0,0.1660545468330383,31,8,1,https://openalex.org/W2178768592
0,0,1,6,2,117,2,4,0.1697718501091003,39,5,1,https://openalex.org/W2042052086
0,0,0,0,0,0,0,0,0.2178072929382324,15,2,1,https://openalex.org/W2093414414
0,0,0,0,4,31,0,0,0.2031537294387817,10,3,1,https://openalex.org/W2093510178
0,0,0,0,7,43,1,2,0.2017350792884827,25,4,1,https://openalex.org/W1966088424
0,0,0,0,1,12,1,2,0.1705887913703918,41,7,1,https://openalex.org/W1998306296
0,0,0,0,26,106,9,22,0.198117196559906,24,9,1,https://openalex.org/W2058494530
0,0,0,0,2,35,19,266,0.1326213479042053,37,16,1,https://openalex.org/W1983742908
0,0,0,0,0,0,0,0,0.138447880744934,30,3,1,https://openalex.org/W2003845634
0,0,0,0,0,0,0,0,0.1190782189369201,5,1,0,https://openalex.org/W2004396818
0,0,0,0,8,22,2,9,0.1415059566497802,27,8,1,https://openalex.org/W2065545832
0,0,2,10,0,0,11,74,0.2015062502475981,36,13,1,https://openalex.org/W1964738124
0,0,2,24,6,27,15,110,0.1763418912887573,35,10,1,https://openalex.org/W1966250951
0,0,0,0,0,0,0,0,0.1423504948616027,7,1,1,https://openalex.org/W2032503973
0,0,0,0,0,0,0,0,0.2025319337844849,27,5,1,https://openalex.org/W2168489679
1,2,2,4,4,8,8,28,0.1803622841835022,49,16,1,https://openalex.org/W1991235945
0,0,1,2,0,0,19,105,0.1830047965049743,42,18,1,https://openalex.org/W2165492568
0,0,0,0,0,0,0,0,0.2113902568817138,7,0,1,https://openalex.org/W2171992303
0,0,0,0,0,0,0,0,0.1020369529724121,8,1,0,https://openalex.org/W3122322595
0,0,1,6,4,32,1,13,0.129063606262207,22,6,1,https://openalex.org/W2005442560
0,0,0,0,11,100,10,27,0.1190026998519897,45,15,1,https://openalex.org/W2086503529
0,0,0,0,0,0,8,59,0.1784979104995727,25,10,1,https://openalex.org/W2049897181
0,0,0,0,3,24,4,8,0.1756069064140319,32,6,1,https://openalex.org/W2128468349
0,0,0,0,0,0,0,0,0.1760228276252746,24,4,1,https://openalex.org/W1971336652
0,0,1,2,2,8,3,9,0.2004508972167968,27,11,1,https://openalex.org/W2140186410
0,0,0,0,0,0,0,0,0.1779495477676391,16,1,1,https://openalex.org/W2324797938
2,43,2,21,36,291,7,27,0.1354261636734008,34,10,1,https://openalex.org/W365729486
0,0,0,0,5,42,1,17,0.2021222114562988,23,3,1,https://openalex.org/W2117596417
0,0,0,0,0,0,0,0,0.1698027849197387,19,3,1,https://openalex.org/W2159457323
0,0,0,0,4,8,1,2,0.1881288290023803,33,11,1,https://openalex.org/W3122425019
1,3,4,15,48,253,14,60,0.170312225818634,42,23,1,https://openalex.org/W1972165684
0,0,0,0,0,0,0,0,0.1557651758193969,10,1,1,https://openalex.org/W1975070776
0,0,0,0,4,16,5,16,0.198506474494934,32,8,1,https://openalex.org/W1981020606
0,0,0,0,0,0,2,16,0.1355679035186767,35,8,1,https://openalex.org/W2029790719
0,0,0,0,11,38,0,0,0.1420305967330932,29,6,1,https://openalex.org/W2048581710
0,0,0,0,1,9,0,0,0.139631986618042,34,7,1,https://openalex.org/W2088105249
0,0,0,0,0,0,2,4,0.2266380786895752,30,7,1,https://openalex.org/W2162115843
0,0,0,0,0,0,3,7,0.1490781903266906,17,6,1,https://openalex.org/W2019547856
0,0,0,0,0,0,2,4,0.215407133102417,28,6,1,https://openalex.org/W2041960960
0,0,0,0,0,0,3,8,0.1416728496551513,31,11,1,https://openalex.org/W2089130042
0,0,0,0,0,0,0,0,0.1025764346122741,7,1,0,https://openalex.org/W4242620842
0,0,0,0,24,147,2,4,0.2386447191238403,35,9,1,https://openalex.org/W1977553010
0,0,0,0,40,204,19,73,0.1618666648864746,51,16,1,https://openalex.org/W1982931417
0,0,0,0,0,0,0,0,0.0833892822265625,4,2,0,https://openalex.org/W2044772150
0,0,2,9,16,99,14,45,0.2253962815714976,33,18,1,https://openalex.org/W2061161656
0,0,0,0,0,0,1,2,0.1587740182876587,26,9,1,https://openalex.org/W2103687995
0,0,0,0,22,150,30,149,0.1662549972534179,37,25,1,https://openalex.org/W2104000845
0,0,1,19,10,28,0,0,0.1451374888420105,65,7,1,https://openalex.org/W3123895875
0,0,0,0,7,27,0,0,0.2321860790252685,28,9,1,https://openalex.org/W202013815
0,0,2,9,0,0,10,22,0.1940594911575317,34,10,1,https://openalex.org/W744292962
0,0,0,0,15,74,0,0,0.1492097377777099,40,5,1,https://openalex.org/W2029254732
0,0,0,0,0,0,0,0,0.0986057519912719,7,3,1,https://openalex.org/W2002815385
0,0,0,0,0,0,0,0,0.1947422523038975,4,0,0,https://openalex.org/W2023535707
0,0,0,0,0,0,0,0,0.1665679216384887,9,2,0,https://openalex.org/W2026844793
0,0,0,0,16,46,14,66,0.1627339124679565,21,15,1,https://openalex.org/W2027724772
0,0,0,0,0,0,0,0,0.1616404056549072,23,2,1,https://openalex.org/W2049433997
0,0,0,0,2,5,0,0,0.132667601108551,16,8,1,https://openalex.org/W1979883225
0,0,0,0,16,55,0,0,0.1457249522209167,45,5,1,https://openalex.org/W1981809662
0,0,1,3,3,12,0,0,0.1260010004043579,38,10,1,https://openalex.org/W1999351954
0,0,0,0,0,0,0,0,0.0957525968551635,4,0,1,https://openalex.org/W2023344007
0,0,0,0,0,0,0,0,0.0948299169540405,9,1,1,https://openalex.org/W2034118257
0,0,0,0,0,0,1,2,0.1934095621109008,28,4,1,https://openalex.org/W2036713420
0,0,0,0,7,19,5,23,0.1217117309570312,42,10,1,https://openalex.org/W2585643653
0,0,0,0,0,0,2,10,0.1235289573669433,28,8,1,https://openalex.org/W2041340562
0,0,0,0,15,76,0,0,0.1760364770889282,42,4,1,https://openalex.org/W2055177824
1,6,0,0,12,28,19,139,0.186752438545227,44,22,1,https://openalex.org/W2085418679
0,0,0,0,0,0,0,0,0.1875718832015991,15,6,1,https://openalex.org/W2089494798
0,0,0,0,0,0,0,0,0.0922330617904663,5,0,0,https://openalex.org/W2118809724
0,0,1,3,26,213,3,18,0.2602410316467285,34,10,1,https://openalex.org/W2146413753
0,0,0,0,9,31,6,68,0.1563025712966919,34,7,1,https://openalex.org/W2149421615
0,0,0,0,0,0,1,2,0.1816326379776001,17,4,1,https://openalex.org/W140545373
3,7,2,4,150,559,51,130,0.2230150699615478,96,39,1,https://openalex.org/W230475638
0,0,0,0,0,0,0,0,0.1833386421203613,14,2,1,https://openalex.org/W595477152
0,0,0,0,0,0,0,0,0.1575525999069214,2,0,1,https://openalex.org/W2137466112
0,0,0,0,0,0,0,0,0.133927047252655,4,2,1,https://openalex.org/W2138649378
0,0,0,0,0,0,10,54,0.1278349161148071,36,9,1,https://openalex.org/W2058657977
0,0,0,0,1,6,2,28,0.1801514029502869,35,4,1,https://openalex.org/W2089463205
0,0,1,2,17,166,3,11,0.1837358474731445,30,13,1,https://openalex.org/W3125047047
0,0,0,0,6,116,1,14,0.1260477304458618,32,9,1,https://openalex.org/W1539242837
0,0,1,5,4,12,1,2,0.1398268938064575,30,4,1,https://openalex.org/W1982436122
0,0,0,0,0,0,0,0,0.1857033967971801,39,5,1,https://openalex.org/W1989937739
0,0,0,0,6,94,0,0,0.2630302906036377,19,6,1,https://openalex.org/W2024883828
0,0,0,0,1,7,1,5,0.1362833976745605,7,3,0,https://openalex.org/W2078409423
0,0,0,0,20,114,12,47,0.2529038190841675,25,11,1,https://openalex.org/W3122677429
0,0,4,13,0,0,4,10,0.2065889239311218,21,8,1,https://openalex.org/W2055923512
0,0,0,0,1,2,2,49,0.1220369338989257,26,6,1,https://openalex.org/W2065611367
0,0,0,0,11,128,0,0,0.1509497761726379,23,3,1,https://openalex.org/W2089005037
0,0,0,0,0,0,1,7,0.1669517159461975,6,2,1,https://openalex.org/W1998452844
0,0,2,18,0,0,2,29,0.1271184086799621,24,7,1,https://openalex.org/W2078570802
0,0,0,0,0,0,2,14,0.1527102589607238,20,7,1,https://openalex.org/W2014571352
0,0,0,0,27,115,7,33,0.1521590948104858,39,13,1,https://openalex.org/W3123339918
0,0,0,0,0,0,0,0,0.1051015257835388,4,1,1,https://openalex.org/W1977161640
0,0,0,0,4,16,3,6,0.1645746827125549,35,7,1,https://openalex.org/W2032069446
0,0,1,2,12,25,4,9,0.0901053547859192,26,7,1,https://openalex.org/W2118933129
0,0,2,77,1,60,12,104,0.1093291044235229,35,10,1,https://openalex.org/W2170812028
0,0,0,0,10,27,6,16,0.0826174616813659,64,16,1,https://openalex.org/W1999423104
0,0,0,0,0,0,1,11,0.1952383518218994,29,4,1,https://openalex.org/W2025998415
0,0,0,0,0,0,4,28,0.1503553986549377,26,7,1,https://openalex.org/W2161022553
0,0,0,0,2,75,3,12,0.2200321555137634,14,5,1,https://openalex.org/W2154701516
0,0,0,0,0,0,0,0,0.1376635432243347,17,6,1,https://openalex.org/W2085254160
0,0,0,0,0,0,0,0,0.1217857599258422,26,4,1,https://openalex.org/W1989827685
0,0,0,0,0,0,0,0,0.2107000350952148,24,3,1,https://openalex.org/W2110806889
0,0,0,0,22,83,4,11,0.1498323678970337,39,9,1,https://openalex.org/W2157466089
0,0,0,0,2,7,2,4,0.1616468429565429,23,6,1,https://openalex.org/W3122410373
0,0,0,0,0,0,0,0,0.1791560079370189,5,2,1,https://openalex.org/W2024292136
0,0,2,31,10,61,23,96,0.1841394901275634,45,18,1,https://openalex.org/W2142994513
0,0,0,0,0,0,0,0,0.1252610683441162,3,0,1,https://openalex.org/W2029268468
0,0,0,0,0,0,0,0,0.108146071434021,2,1,1,https://openalex.org/W1966912557
0,0,0,0,0,0,0,0,0.1531664133071899,3,0,0,https://openalex.org/W2082579854
0,0,0,0,0,0,0,0,0.1810576319694519,20,0,1,https://openalex.org/W2039584324
0,0,1,3,11,40,1,2,0.154317557811737,28,11,1,https://openalex.org/W2045193940
0,0,0,0,0,0,6,28,0.1920926570892334,28,9,1,https://openalex.org/W1550223648
0,0,0,0,0,0,0,0,0.0888344645500183,4,1,1,https://openalex.org/W2049140239
0,0,0,0,0,0,1,3,0.23616623878479,35,7,1,https://openalex.org/W2157976529
1,4,0,0,15,122,16,102,0.1794849038124084,48,20,1,https://openalex.org/W2162564886
0,0,0,0,0,0,1,3,0.177462100982666,22,5,1,https://openalex.org/W2142866053
0,0,0,0,2,45,0,0,0.2296257615089416,25,3,1,https://openalex.org/W2071818312
0,0,3,7,18,71,50,147,0.1533576250076294,36,17,1,https://openalex.org/W2167540568
1,2,0,0,0,0,0,0,0.1428996920585632,8,2,0,https://openalex.org/W2073316928
0,0,0,0,0,0,0,0,0.1418081521987915,5,0,0,https://openalex.org/W2071151265
0,0,0,0,3,73,0,0,0.1587339639663696,25,3,1,https://openalex.org/W1585309240
0,0,1,9,11,50,2,6,0.1609163284301757,45,6,1,https://openalex.org/W2035705228
0,0,1,5,40,149,4,8,0.1136069893836975,42,10,1,https://openalex.org/W2151358502
0,0,0,0,0,0,1,3,0.1753538250923156,30,6,1,https://openalex.org/W1506705325
0,0,0,0,0,0,0,0,0.1545783281326294,31,4,1,https://openalex.org/W2067715105
0,0,0,0,0,0,0,0,0.0691299438476562,3,0,1,https://openalex.org/W3121424338
0,0,0,0,6,88,5,18,0.1802049057017766,41,11,1,https://openalex.org/W1996594848
0,0,1,4,19,225,9,19,0.2507977485656738,46,12,1,https://openalex.org/W2030784883
0,0,2,16,13,76,29,121,0.1964176893234253,42,19,1,https://openalex.org/W2048612771
0,0,0,0,57,846,5,51,0.2064539194107055,44,9,1,https://openalex.org/W1998974421
0,0,0,0,1,5,0,0,0.0850508213043212,5,2,0,https://openalex.org/W2088477264
0,0,1,10,19,123,4,12,0.2412506341934204,56,15,1,https://openalex.org/W2100234225
0,0,0,0,3,7,6,27,0.2330901026725769,24,12,1,https://openalex.org/W2055885908
0,0,1,2,5,26,3,12,0.177289068698883,33,5,1,https://openalex.org/W2064795301
0,0,0,0,3,23,2,11,0.2474581003189087,18,6,1,https://openalex.org/W2171942834
1,15,1,11,13,40,4,12,0.1911077499389648,37,8,1,https://openalex.org/W2006480875
0,0,0,0,0,0,0,0,0.2177428007125854,23,3,1,https://openalex.org/W2063714935
0,0,0,0,1,3,3,6,0.1593921184539795,37,5,1,https://openalex.org/W1974807528
0,0,0,0,0,0,0,0,0.1460989117622375,26,6,1,https://openalex.org/W2080165350
0,0,0,0,0,0,0,0,0.1133046150207519,4,0,1,https://openalex.org/W2034463196
0,0,0,0,0,0,0,0,0.2149727940559387,14,2,1,https://openalex.org/W2095248295
0,0,0,0,25,200,10,65,0.2376512885093689,48,11,1,https://openalex.org/W2144798955
0,0,0,0,0,0,0,0,0.0976653099060058,9,2,1,https://openalex.org/W1964475137
0,0,1,3,1,4,3,14,0.16229909658432,44,12,1,https://openalex.org/W2013974186
0,0,0,0,0,0,0,0,0.1428275108337402,3,1,0,https://openalex.org/W2038360839
0,0,0,0,1,4,20,86,0.1802157759666443,36,17,1,https://openalex.org/W2067799449
0,0,2,18,7,24,9,34,0.2561022043228149,31,13,1,https://openalex.org/W2005899642
0,0,0,0,4,13,0,0,0.1729999184608459,14,1,1,https://openalex.org/W2029273451
0,0,0,0,6,124,3,14,0.2433456182479858,29,13,1,https://openalex.org/W2134374318
0,0,1,6,3,66,3,16,0.178071916103363,44,12,1,https://openalex.org/W3122757452
0,0,0,0,3,25,8,33,0.1829407811164856,18,12,1,https://openalex.org/W2014259908
0,0,0,0,0,0,2,7,0.1571938395500183,27,7,1,https://openalex.org/W1985166487
0,0,1,2,2,5,3,9,0.0553066134452819,64,17,1,https://openalex.org/W2063769791
0,0,0,0,0,0,0,0,0.1159022450447082,31,3,1,https://openalex.org/W2045489554
0,0,1,2,0,0,7,19,0.1636250019073486,58,13,1,https://openalex.org/W2076184742
0,0,0,0,0,0,4,19,0.2148583531379699,21,9,1,https://openalex.org/W3124445702
0,0,0,0,0,0,0,0,0.1510912179946899,5,2,0,https://openalex.org/W1990952944
0,0,0,0,4,15,0,0,0.1693337559700012,41,7,1,https://openalex.org/W2041928567
0,0,0,0,4,330,7,119,0.123308002948761,44,11,1,https://openalex.org/W2053897632
0,0,0,0,3,11,1,8,0.2288829088211059,16,4,1,https://openalex.org/W2078160533
0,0,1,11,0,0,2,6,0.1377037763595581,35,6,1,https://openalex.org/W2137261963
0,0,4,19,7,108,13,84,0.2012916803359985,51,16,1,https://openalex.org/W2151987718
0,0,0,0,0,0,3,39,0.1508682966232299,24,7,1,https://openalex.org/W2159378616
0,0,1,9,7,25,0,0,0.1761617064476013,48,3,1,https://openalex.org/W2128310207
0,0,0,0,0,0,7,55,0.1690418720245361,23,8,1,https://openalex.org/W2118646792
0,0,0,0,80,397,16,67,0.1777376532554626,71,19,1,https://openalex.org/W1977796226
0,0,2,8,0,0,0,0,0.1551151275634765,30,5,1,https://openalex.org/W2060228178
0,0,0,0,0,0,1,3,0.1494444608688354,24,4,1,https://openalex.org/W2053121265
0,0,0,0,0,0,0,0,0.0503808685368507,5,1,0,https://openalex.org/W2058905207
0,0,0,0,0,0,0,0,0.1742208003997802,3,0,1,https://openalex.org/W2151019559
0,0,0,0,21,147,1,3,0.2136308550834656,29,8,1,https://openalex.org/W2051807665
0,0,1,2,2,6,8,26,0.1871525645256042,35,10,1,https://openalex.org/W1967236000
0,0,0,0,2,28,7,28,0.2065047621726989,25,10,1,https://openalex.org/W2079555903
0,0,0,0,0,0,1,4,0.1466428637504577,34,3,1,https://openalex.org/W2142129269
0,0,1,2,0,0,3,6,0.2124685049057006,27,7,1,https://openalex.org/W3122964210
0,0,2,14,6,17,1,2,0.2235530614852905,17,6,1,https://openalex.org/W2017812289
0,0,0,0,6,22,2,4,0.1379499435424804,19,6,1,https://openalex.org/W3122155449
0,0,0,0,7,87,4,25,0.1355388164520263,51,8,1,https://openalex.org/W2021915987
0,0,0,0,0,0,1,2,0.1459025740623474,31,4,1,https://openalex.org/W2000304767
0,0,0,0,0,0,0,0,0.0713759660720825,4,2,1,https://openalex.org/W1989530016
0,0,0,0,0,0,2,4,0.2263833284378052,28,8,1,https://openalex.org/W2029070948
0,0,0,0,0,0,0,0,0.0606298446655273,4,0,1,https://openalex.org/W2023893798
0,0,0,0,0,0,0,0,0.0750320553779602,3,0,1,https://openalex.org/W2048984945
0,0,0,0,0,0,10,28,0.2320085763931274,41,9,1,https://openalex.org/W2097713885
0,0,0,0,0,0,0,0,0.4198626588110989,16,3,1,https://openalex.org/W2119244704
0,0,0,0,0,0,0,0,0.1563432812690735,20,1,1,https://openalex.org/W2023304471
0,0,0,0,0,0,0,0,0.1108380556106567,5,1,0,https://openalex.org/W1999978037
0,0,0,0,1,66,0,0,0.1459553241729736,29,3,1,https://openalex.org/W1564825352
0,0,0,0,0,0,2,13,0.1990011930465698,34,4,1,https://openalex.org/W1565064111
0,0,1,6,3,7,2,7,0.2353641390800476,25,6,1,https://openalex.org/W1964159391
0,0,0,0,0,0,6,46,0.2131952047348022,31,8,1,https://openalex.org/W2114474255
0,0,0,0,0,0,2,4,0.1460122466087341,44,8,1,https://openalex.org/W1979691230
0,0,0,0,8,37,0,0,0.1649246215820312,25,6,1,https://openalex.org/W2157900628
0,0,1,5,0,0,5,12,0.1099109053611755,23,9,1,https://openalex.org/W2083448772
0,0,0,0,1,5,4,14,0.1469281911849975,29,8,1,https://openalex.org/W1496983530
0,0,0,0,26,141,24,122,0.1380051374435424,71,22,1,https://openalex.org/W1991155768
0,0,0,0,2,15,3,8,0.1759487390518188,29,7,1,https://openalex.org/W1564484465
0,0,0,0,18,69,6,18,0.1723653078079223,27,9,1,https://openalex.org/W2043004752
0,0,0,0,4,38,1,2,0.1427333354949951,24,4,1,https://openalex.org/W2025656436
0,0,0,0,2,92,1,8,0.2694092988967895,35,6,1,https://openalex.org/W2072078256
0,0,0,0,8,32,3,7,0.2266473770141601,41,10,1,https://openalex.org/W2035964399
0,0,0,0,6,19,3,9,0.1204952001571655,35,7,1,https://openalex.org/W1977971719
0,0,0,0,0,0,0,0,0.113567054271698,3,1,0,https://openalex.org/W2010314968
0,0,0,0,26,188,9,30,0.1284312605857849,56,10,1,https://openalex.org/W2057114699
0,0,0,0,0,0,0,0,0.0620402097702026,5,2,0,https://openalex.org/W2076269442
0,0,0,0,20,201,11,42,0.1880474686622619,40,14,1,https://openalex.org/W2017111781
0,0,0,0,0,0,3,16,0.0844382047653198,29,10,1,https://openalex.org/W3123360069
0,0,0,0,0,0,1,5,0.1898555755615234,23,5,1,https://openalex.org/W1979509100
0,0,0,0,0,0,0,0,0.1460002064704895,7,1,1,https://openalex.org/W3122062332
0,0,0,0,12,44,2,4,0.1938680410385132,30,9,1,https://openalex.org/W2084846933
0,0,0,0,0,0,0,0,0.094531774520874,4,1,1,https://openalex.org/W3124545306
0,0,0,0,2,48,2,4,0.1370570659637451,34,12,1,https://openalex.org/W2037569754
0,0,0,0,4,12,1,2,0.2202590703964233,19,5,1,https://openalex.org/W2164144612
0,0,0,0,0,0,2,10,0.1361272931098938,49,6,1,https://openalex.org/W1503730632
0,0,0,0,1,3,5,27,0.1888975501060485,35,10,1,https://openalex.org/W1995345115
0,0,0,0,7,160,5,45,0.1293323636054992,46,9,1,https://openalex.org/W2047362956
0,0,1,2,0,0,6,19,0.1690762639045715,40,13,1,https://openalex.org/W2087657388
0,0,0,0,0,0,1,2,0.0936168432235717,15,9,1,https://openalex.org/W2161063843
0,0,0,0,0,0,0,0,0.1576363444328308,36,2,1,https://openalex.org/W2072446042
0,0,0,0,0,0,2,5,0.0943552255630493,27,7,1,https://openalex.org/W2018714410
0,0,1,3,20,148,26,138,0.1648083329200744,39,13,1,https://openalex.org/W2048321637
0,0,0,0,0,0,2,6,0.1404476761817932,47,9,1,https://openalex.org/W2063599846
0,0,0,0,2,32,17,318,0.2026011943817138,26,15,1,https://openalex.org/W2153462630
0,0,0,0,18,378,13,40,0.1366417407989502,52,17,1,https://openalex.org/W3122979832
0,0,0,0,0,0,0,0,0.1103229522705078,4,0,1,https://openalex.org/W3123869526
0,0,1,2,0,0,5,33,0.1630895733833313,45,12,1,https://openalex.org/W4236493572
0,0,1,3,1,16,2,6,0.1805110573768615,47,5,1,https://openalex.org/W1967132626
0,0,0,0,0,0,3,6,0.1473767757415771,38,6,1,https://openalex.org/W2032993088
0,0,0,0,7,41,10,66,0.1631557345390319,42,6,1,https://openalex.org/W1987520435
0,0,0,0,0,0,0,0,0.1762459874153137,6,0,0,https://openalex.org/W4237823944
0,0,0,0,0,0,0,0,0.1330885887145996,37,1,1,https://openalex.org/W1973101971
0,0,0,0,0,0,0,0,0.1627995371818542,7,2,0,https://openalex.org/W2088062086
0,0,0,0,1,2,5,17,0.1569787263870239,34,9,1,https://openalex.org/W2169977353
0,0,1,2,5,127,0,0,0.2300760746002197,24,5,1,https://openalex.org/W1982730217
0,0,0,0,22,95,9,37,0.1665620803833007,58,11,1,https://openalex.org/W2033410662
0,0,0,0,0,0,0,0,0.1173129081726074,6,1,0,https://openalex.org/W2051702084
0,0,0,0,0,0,2,7,0.2474170327186584,15,5,1,https://openalex.org/W2087791521
0,0,0,0,0,0,1,2,0.1665055751800537,17,4,1,https://openalex.org/W1983751909
0,0,0,0,2,5,0,0,0.1914356350898742,21,6,1,https://openalex.org/W2041031855
0,0,0,0,32,224,40,475,0.1890684366226196,48,26,1,https://openalex.org/W2012923286
0,0,2,5,34,303,9,35,0.1530042886734008,39,12,1,https://openalex.org/W1969486077
0,0,0,0,10,33,2,5,0.1992743015289306,19,7,1,https://openalex.org/W1972168343
0,0,4,19,170,936,55,238,0.1402878761291504,118,44,1,https://openalex.org/W1997451858
0,0,0,0,0,0,1,2,0.1582650542259216,38,7,1,https://openalex.org/W2043277293
0,0,0,0,2,8,6,23,0.1778396368026733,41,8,1,https://openalex.org/W2044936554
0,0,0,0,2,4,3,7,0.1447826623916626,41,11,1,https://openalex.org/W1976867512
0,0,0,0,0,0,0,0,0.1324078440666198,3,0,0,https://openalex.org/W2104747891
0,0,0,0,0,0,0,0,0.1510270237922668,4,0,0,https://openalex.org/W1970914875
0,0,1,3,0,0,2,9,0.319256842136383,19,7,1,https://openalex.org/W2159088156
0,0,0,0,6,26,7,28,0.1358718872070312,52,10,1,https://openalex.org/W1689364829
0,0,0,0,0,0,1,3,0.2302974462509155,20,4,1,https://openalex.org/W3126134182
0,0,0,0,0,0,1,18,0.1405125856399536,21,2,1,https://openalex.org/W2027662776
0,0,0,0,0,0,4,40,0.0790131092071533,24,10,1,https://openalex.org/W2047882353
0,0,0,0,1,2,2,7,0.1853962540626526,33,4,1,https://openalex.org/W2157940858
0,0,0,0,0,0,1,2,0.1837679147720337,25,2,1,https://openalex.org/W2045062198
0,0,0,0,0,0,1,2,0.172077476978302,28,5,1,https://openalex.org/W1991034995
0,0,0,0,0,0,1,3,0.1659343242645263,35,4,1,https://openalex.org/W2102415519
0,0,0,0,4,26,2,21,0.116945743560791,25,4,1,https://openalex.org/W2023209771
0,0,4,18,97,884,20,78,0.2047210931777954,72,22,1,https://openalex.org/W1999918296
0,0,0,0,0,0,0,0,0.2711170395906123,22,2,1,https://openalex.org/W2131188434
0,0,0,0,3,49,1,30,0.2629503106806063,19,5,1,https://openalex.org/W2009477321
0,0,0,0,2,19,1,2,0.2037827968597412,27,4,1,https://openalex.org/W3121550459
0,0,2,9,102,480,14,42,0.2161494493484497,76,17,1,https://openalex.org/W1985040102
0,0,0,0,0,0,0,0,0.1233059763908386,18,1,1,https://openalex.org/W2150697025
0,0,1,39,11,153,6,82,0.1872239708900451,29,10,1,https://openalex.org/W2026251212
0,0,1,3,9,87,28,135,0.1665345430374145,49,22,1,https://openalex.org/W3122078497
0,0,0,0,0,0,0,0,0.0551993250846862,5,0,0,https://openalex.org/W2161338022
0,0,0,0,0,0,1,10,0.2126813530921936,25,7,1,https://openalex.org/W2104151815
0,0,0,0,0,0,0,0,0.2102715969085693,16,1,1,https://openalex.org/W3124336448
0,0,0,0,0,0,0,0,0.1654684543609619,30,3,1,https://openalex.org/W1503686863
0,0,0,0,26,124,6,33,0.1582540869712829,56,10,1,https://openalex.org/W1513939923
0,0,0,0,1,5,4,19,0.1970829367637634,37,9,1,https://openalex.org/W2149423494
0,0,0,0,8,26,1,2,0.1490592360496521,26,4,1,https://openalex.org/W2032283747
0,0,1,7,4,11,12,33,0.1376585960388183,27,10,1,https://openalex.org/W1986826440
0,0,1,6,0,0,4,12,0.1586335897445678,27,10,1,https://openalex.org/W2091894899
0,0,0,0,1,11,6,24,0.1843893527984619,26,9,1,https://openalex.org/W2047250605
0,0,1,3,4,21,3,21,0.2036818265914917,44,8,1,https://openalex.org/W2143640057
0,0,0,0,0,0,2,13,0.2950451374053955,24,6,1,https://openalex.org/W2003848706
0,0,0,0,0,0,1,2,0.1614066958427429,26,4,1,https://openalex.org/W2012887899
0,0,0,0,0,0,0,0,0.3321452140808105,12,0,1,https://openalex.org/W2515726670
0,0,0,0,85,439,13,52,0.1440216302871704,70,14,1,https://openalex.org/W1989813373
0,0,0,0,8,170,6,24,0.1717157363891601,36,7,1,https://openalex.org/W2121467278
0,0,1,8,6,20,0,0,0.2689467668533325,17,9,1,https://openalex.org/W2094855206
0,0,0,0,2,15,13,112,0.1532992124557495,49,14,1,https://openalex.org/W1968781602
0,0,1,24,30,167,11,25,0.1578977108001709,63,22,1,https://openalex.org/W2034371283
0,0,0,0,7,18,0,0,0.2424157261848449,24,6,1,https://openalex.org/W2005574000
0,0,0,0,2,5,0,0,0.1702529788017273,28,1,1,https://openalex.org/W2769773461
0,0,0,0,5,46,12,27,0.1268020868301391,52,15,1,https://openalex.org/W3122985024
0,0,0,0,0,0,5,19,0.1685080528259277,59,10,1,https://openalex.org/W2016334639
2,10,0,0,18,44,3,7,0.2028164863586425,28,8,1,https://openalex.org/W1973106778
0,0,0,0,0,0,0,0,0.1780661344528198,7,2,1,https://openalex.org/W2085174221
0,0,0,0,0,0,8,41,0.0905771851539611,34,8,1,https://openalex.org/W2024547730
1,3,1,2,25,59,9,20,0.2605920433998108,11,5,0,https://openalex.org/W2009494252
0,0,1,5,0,0,3,50,0.1717722415924072,32,11,1,https://openalex.org/W2006127633
0,0,0,0,10,57,6,27,0.164439857006073,36,8,1,https://openalex.org/W2072119721
0,0,0,0,0,0,0,0,0.1050138473510742,6,1,0,https://openalex.org/W2028591529
0,0,0,0,0,0,0,0,0.256793737411499,11,3,1,https://openalex.org/W2046106355
0,0,1,4,4,27,2,7,0.1942563652992248,27,8,1,https://openalex.org/W2015791165
0,0,0,0,2,7,2,4,0.1514090299606323,19,7,1,https://openalex.org/W1977121870
0,0,0,0,4,13,1,4,0.1942765116691589,31,6,1,https://openalex.org/W1978089362
0,0,1,8,0,0,1,2,0.1469581127166748,45,7,1,https://openalex.org/W2007834724
0,0,0,0,0,0,0,0,0.1046022772789001,5,2,1,https://openalex.org/W2071214091
0,0,0,0,0,0,4,9,0.1371938586235046,22,7,1,https://openalex.org/W2131166044
0,0,0,0,0,0,2,38,0.1734490394592285,28,7,1,https://openalex.org/W1986530653
0,0,0,0,32,96,1,2,0.1889147758483886,42,8,1,https://openalex.org/W2104537814
0,0,0,0,2,10,6,30,0.1513282060623169,40,11,1,https://openalex.org/W3121408658
0,0,0,0,2,33,2,7,0.1557201743125915,42,4,1,https://openalex.org/W1556442971
0,0,0,0,31,152,11,34,0.2555545836791353,34,16,1,https://openalex.org/W2028273239
0,0,0,0,0,0,2,5,0.1655673384666443,22,6,1,https://openalex.org/W2005935111
0,0,0,0,14,187,11,156,0.1726130247116089,39,13,1,https://openalex.org/W2054918443
0,0,3,7,25,129,18,66,0.1188293695449829,76,22,1,https://openalex.org/W2119680355
0,0,0,0,0,0,0,0,0.1494895219802856,32,6,1,https://openalex.org/W1969975653
0,0,0,0,0,0,0,0,0.2074037790298462,20,3,1,https://openalex.org/W1973714833
0,0,1,2,0,0,0,0,0.1939163208007812,20,3,1,https://openalex.org/W2086466684
0,0,1,4,0,0,0,0,0.1807074546813964,24,8,1,https://openalex.org/W2019033019
0,0,0,0,0,0,0,0,0.1040354967117309,4,0,0,https://openalex.org/W2068144168
0,0,0,0,0,0,0,0,0.1518176198005676,17,3,1,https://openalex.org/W2018093930
1,3,2,6,17,114,6,40,0.196239709854126,29,11,1,https://openalex.org/W2031136057
0,0,1,7,0,0,2,12,0.21114182472229,18,8,1,https://openalex.org/W1973047640
0,0,0,0,14,101,2,14,0.179589569568634,30,7,1,https://openalex.org/W2003304478
0,0,0,0,13,105,4,11,0.1619633436203003,49,12,1,https://openalex.org/W2047463497
0,0,0,0,0,0,0,0,0.1861306428909301,25,1,1,https://openalex.org/W2102216953
0,0,0,0,0,0,0,0,0.0922627449035644,5,2,1,https://openalex.org/W2115088280
0,0,0,0,0,0,0,0,0.1628350615501403,13,1,1,https://openalex.org/W2132386861
0,0,0,0,0,0,0,0,0.1383159160614013,6,1,0,https://openalex.org/W4230177530
0,0,1,4,82,350,66,233,0.1590081453323364,100,34,1,https://openalex.org/W1976434954
0,0,0,0,0,0,0,0,0.1283637881278991,7,2,0,https://openalex.org/W1988535707
0,0,0,0,2,13,6,18,0.2791539430618286,27,9,1,https://openalex.org/W2153978619
0,0,0,0,0,0,0,0,0.1015718579292297,3,3,1,https://openalex.org/W2161554017
0,0,0,0,0,0,2,5,0.1217806339263916,31,6,1,https://openalex.org/W3125057284
0,0,0,0,8,32,5,18,0.1591658592224121,31,10,1,https://openalex.org/W1988722869
0,0,0,0,0,0,0,0,0.075623869895935,5,0,0,https://openalex.org/W4250325844
0,0,0,0,0,0,0,0,0.1812431216239929,5,0,1,https://openalex.org/W1031027174
0,0,0,0,0,0,0,0,0.1316711902618408,4,1,1,https://openalex.org/W3124475441
0,0,0,0,0,0,1,2,0.1987794041633606,18,3,1,https://openalex.org/W3125086669
0,0,1,10,0,0,0,0,0.2142671346664428,6,2,0,https://openalex.org/W2074322797
0,0,0,0,8,22,14,77,0.1215088367462158,41,14,1,https://openalex.org/W1135991709
0,0,0,0,1,2,6,16,0.152433156967163,31,9,1,https://openalex.org/W2069838032
1,5,1,52,28,186,23,156,0.1859691143035888,26,16,1,https://openalex.org/W4247426606
1,95,1,6,31,645,1,3,0.1870278716087341,32,7,1,https://openalex.org/W2093505263
1,12,1,9,23,125,7,23,0.2249043583869934,39,11,1,https://openalex.org/W1980850924
0,0,0,0,5,47,7,121,0.2149797677993774,40,11,1,https://openalex.org/W2033876580
0,0,1,3,13,74,1,11,0.1556283235549926,58,8,1,https://openalex.org/W4244331047
0,0,2,11,53,318,35,125,0.1586520671844482,56,25,1,https://openalex.org/W2042822836
2,7,0,0,5,14,2,10,0.1728709936141967,21,11,1,https://openalex.org/W1966089542
0,0,0,0,14,186,1,6,0.1876153349876404,41,8,1,https://openalex.org/W2023271168
0,0,0,0,0,0,0,0,0.0429999828338623,4,1,0,https://openalex.org/W1505159369
0,0,0,0,0,0,2,9,0.1792977452278137,35,3,1,https://openalex.org/W2034251512
0,0,0,0,0,0,1,3,0.1919431686401367,24,5,1,https://openalex.org/W2168962926
0,0,0,0,0,0,0,0,0.1457530260086059,18,1,1,https://openalex.org/W2091977096
0,0,0,0,0,0,0,0,0.0785218477249145,1,0,1,https://openalex.org/W2066848646
0,0,0,0,5,11,3,14,0.1422693729400634,35,13,1,https://openalex.org/W2164377852
0,0,0,0,1,20,5,18,0.1656163930892944,36,11,1,https://openalex.org/W2138581721
0,0,0,0,1,14,3,22,0.158742606639862,36,7,1,https://openalex.org/W2099520044
1,2,3,9,24,51,22,53,0.2572001218795776,21,11,1,https://openalex.org/W2142215646
0,0,0,0,5,68,0,0,0.1771837472915649,40,4,1,https://openalex.org/W1981765810
0,0,1,6,30,134,2,4,0.2727753520011902,23,9,1,https://openalex.org/W1980360850
0,0,0,0,13,68,7,19,0.2003414630889892,43,15,1,https://openalex.org/W2117467146
0,0,0,0,13,44,5,10,0.1630024313926696,43,12,1,https://openalex.org/W1989261242
0,0,0,0,6,39,14,56,0.2204941511154174,24,12,1,https://openalex.org/W1983525457
0,0,1,7,0,0,4,21,0.186019480228424,41,10,1,https://openalex.org/W1993099107
0,0,0,0,33,140,9,32,0.1891361474990844,54,19,1,https://openalex.org/W1978944460
0,0,0,0,16,153,2,4,0.2124037742614746,40,7,1,https://openalex.org/W2052806034
0,0,0,0,0,0,0,0,0.2389193773269653,5,2,0,https://openalex.org/W3125012817
0,0,1,6,3,15,5,10,0.1334056258201599,43,9,1,https://openalex.org/W3122147462
0,0,0,0,1,3,0,0,0.1930720806121826,7,3,0,https://openalex.org/W1509383477
0,0,0,0,0,0,0,0,0.1631272435188293,23,5,1,https://openalex.org/W2017561804
0,0,0,0,0,0,5,11,0.2176542282104492,32,11,1,https://openalex.org/W1966739934
1,10,2,42,43,144,17,114,0.1683292984962463,44,18,1,https://openalex.org/W3022803644
0,0,1,2,15,110,6,21,0.1545335054397583,47,15,1,https://openalex.org/W4254367909
0,0,0,0,0,0,0,0,0.1138204336166381,2,0,1,https://openalex.org/W2030598890
0,0,0,0,13,68,1,2,0.1452787518501281,34,3,1,https://openalex.org/W2048441002
0,0,0,0,2,10,2,7,0.1906925439834594,30,5,1,https://openalex.org/W2003721182
0,0,0,0,6,81,0,0,0.1996716260910034,27,3,1,https://openalex.org/W1964224747
0,0,0,0,0,0,4,19,0.1634986400604248,18,8,1,https://openalex.org/W2094769623
0,0,0,0,1,7,0,0,0.1777289509773254,33,5,1,https://openalex.org/W2060356726
0,0,1,14,4,80,1,54,0.150883674621582,35,10,1,https://openalex.org/W2058740832
0,0,0,0,8,32,1,7,0.1648231744766235,38,9,1,https://openalex.org/W2013258528
0,0,0,0,0,0,5,27,0.1948950290679931,24,4,1,https://openalex.org/W2026737697
0,0,1,5,2,5,0,0,0.1706966161727905,23,6,1,https://openalex.org/W2021890366
0,0,0,0,5,28,2,5,0.2653636932373047,30,12,1,https://openalex.org/W2026106181
0,0,0,0,3,22,0,0,0.1357637643814087,22,2,1,https://openalex.org/W2123826473
0,0,0,0,0,0,0,0,0.1309397220611572,16,7,1,https://openalex.org/W2338013205
0,0,0,0,5,12,1,3,0.2047150135040283,35,11,1,https://openalex.org/W2015467698
0,0,0,0,2,5,20,110,0.1233031153678894,54,21,1,https://openalex.org/W3122952492
0,0,1,4,0,0,0,0,0.2364999651908874,22,4,1,https://openalex.org/W2047173108
0,0,0,0,3,35,0,0,0.1868407726287841,27,7,1,https://openalex.org/W2008722128
0,0,0,0,3,52,3,20,0.1168411374092102,37,10,1,https://openalex.org/W2993329660
0,0,0,0,45,300,22,106,0.1671279668807983,50,17,1,https://openalex.org/W2019065230
1,212,1,195,45,778,17,180,0.2312272787094116,43,15,1,https://openalex.org/W2326577022
0,0,0,0,0,0,4,17,0.2306604981422424,28,8,1,https://openalex.org/W2019502828
0,0,0,0,1,10,0,0,0.2457928657531738,29,1,1,https://openalex.org/W786562826
0,0,1,2,15,69,2,6,0.2132166624069214,30,13,1,https://openalex.org/W2048416691
0,0,0,0,1,10,5,12,0.1522108316421508,31,8,1,https://openalex.org/W3122602369
0,0,0,0,0,0,2,6,0.1358065009117126,27,7,1,https://openalex.org/W3124016008
0,0,0,0,0,0,0,0,0.1378321051597595,5,1,1,https://openalex.org/W3123503065
0,0,0,0,4,16,3,13,0.1569562554359436,36,8,1,https://openalex.org/W2111815565
0,0,1,2,0,0,0,0,0.1869151592254638,38,7,1,https://openalex.org/W2141186188
0,0,0,0,2,33,2,7,0.1837977766990661,38,7,1,https://openalex.org/W2001178637
0,0,0,0,0,0,5,40,0.1398071050643921,40,6,1,https://openalex.org/W2112560258
0,0,0,0,2,33,8,26,0.1120887398719787,33,8,1,https://openalex.org/W1977608529
0,0,0,0,0,0,0,0,0.1996831893920898,21,2,1,https://openalex.org/W1968345031
0,0,0,0,0,0,2,5,0.2116963863372802,17,3,1,https://openalex.org/W2131169909
0,0,1,4,39,230,18,88,0.1660971641540527,64,22,1,https://openalex.org/W2158152267
0,0,1,2,0,0,2,4,0.1741670370101928,31,6,1,https://openalex.org/W2047603483
0,0,0,0,0,0,0,0,0.1976374387741089,16,2,1,https://openalex.org/W3115115460
1,12,1,11,6,31,1,3,0.178296685218811,32,4,1,https://openalex.org/W1984980438
0,0,0,0,4,9,4,12,0.1109625101089477,26,8,1,https://openalex.org/W1980029563
0,0,0,0,1,4,0,0,0.1914792656898498,19,1,1,https://openalex.org/W1993610432
0,0,0,0,0,0,0,0,0.2034440636634827,20,2,1,https://openalex.org/W2114429515
0,0,0,0,8,40,2,16,0.204826533794403,32,5,1,https://openalex.org/W4246647746
0,0,0,0,0,0,1,2,0.2218491435050964,52,10,1,https://openalex.org/W2053010024
0,0,0,0,0,0,0,0,0.0812386870384216,3,0,0,https://openalex.org/W2091265238
0,0,0,0,0,0,0,0,0.2034763097763061,16,2,1,https://openalex.org/W1971851075
0,0,0,0,0,0,0,0,0.1320563554763794,2,1,1,https://openalex.org/W2015830556
0,0,0,0,1,2,13,66,0.1746311783790588,39,12,1,https://openalex.org/W2001700983
0,0,1,14,3,11,3,17,0.1550443172454834,33,12,1,https://openalex.org/W2015418269
0,0,0,0,1,3,0,0,0.1729291081428527,27,2,1,https://openalex.org/W2047834259
0,0,1,2,0,0,2,5,0.2201732397079468,30,13,1,https://openalex.org/W2015155205
0,0,0,0,8,57,1,2,0.1826417446136474,25,5,1,https://openalex.org/W2027247249
0,0,0,0,1,9,6,13,0.1941590309143066,28,9,1,https://openalex.org/W2096417945
0,0,0,0,0,0,0,0,0.2677587827795631,3,0,0,https://openalex.org/W4243649681
0,0,0,0,0,0,0,0,0.1224318742752075,1,0,1,https://openalex.org/W3122193816
0,0,0,0,0,0,1,3,0.1545852422714233,9,3,0,https://openalex.org/W1973447978
0,0,1,3,2,41,0,0,0.1462072134017944,29,4,1,https://openalex.org/W2093553484
0,0,0,0,8,21,0,0,0.159445583820343,25,1,1,https://openalex.org/W2049467089
0,0,0,0,44,593,45,207,0.1531761884689331,50,25,1,https://openalex.org/W2022105286
0,0,0,0,0,0,11,62,0.2382715940475464,31,10,1,https://openalex.org/W2058758116
0,0,0,0,0,0,0,0,0.0748431086540222,3,1,0,https://openalex.org/W2068615534
0,0,0,0,2,51,8,27,0.1144205927848816,44,8,1,https://openalex.org/W1973476812
0,0,1,4,0,0,1,2,0.1675713062286377,20,7,1,https://openalex.org/W1988162817
0,0,2,29,39,206,16,55,0.1398066878318786,38,16,1,https://openalex.org/W2034803686
0,0,0,0,9,27,8,25,0.163633108139038,41,19,1,https://openalex.org/W3125805336
0,0,0,0,0,0,1,2,0.1994816064834594,13,5,1,https://openalex.org/W2008597509
0,0,0,0,0,0,1,2,0.1420913338661193,23,2,1,https://openalex.org/W2016425193
0,0,0,0,0,0,1,2,0.1852357983589172,29,3,1,https://openalex.org/W2063048568
0,0,0,0,1,2,0,0,0.0830984711647033,18,6,1,https://openalex.org/W2116940341
0,0,2,13,24,161,0,0,0.2334069189675762,47,13,1,https://openalex.org/W2002625974
0,0,0,0,0,0,3,11,0.1479117274284362,33,11,1,https://openalex.org/W2095611502
0,0,0,0,0,0,0,0,0.2149487733840942,31,5,1,https://openalex.org/W2123553004
0,0,0,0,9,37,2,4,0.228311002254486,24,8,1,https://openalex.org/W2034979875
0,0,0,0,3,17,1,9,0.1535850167274475,27,4,1,https://openalex.org/W1976155241
0,0,0,0,1,2,0,0,0.13625168800354,34,3,1,https://openalex.org/W2090203211
0,0,0,0,1,8,3,10,0.1882340312004089,36,12,1,https://openalex.org/W1968689099
0,0,0,0,1,54,1,2,0.1644945740699768,30,4,1,https://openalex.org/W2009395723
0,0,0,0,0,0,5,11,0.1220277547836303,23,8,1,https://openalex.org/W2086261161
0,0,0,0,0,0,2,4,0.1663364768028259,13,6,1,https://openalex.org/W2014859254
0,0,1,2,0,0,17,76,0.1996048688888549,34,16,1,https://openalex.org/W2082635421
0,0,0,0,7,36,2,11,0.1858422756195068,46,5,1,https://openalex.org/W2051938370
0,0,0,0,5,24,2,5,0.1824828386306762,26,9,1,https://openalex.org/W2066352087
0,0,1,2,0,0,0,0,0.2208765149116516,26,6,1,https://openalex.org/W2092235216
0,0,0,0,0,0,0,0,0.1598070859909057,5,1,1,https://openalex.org/W2032413095
0,0,0,0,6,17,7,21,0.1806426048278809,29,9,1,https://openalex.org/W2020639080
0,0,0,0,0,0,0,0,0.1844459176063537,38,2,1,https://openalex.org/W2024379693
0,0,0,0,0,0,2,4,0.200141429901123,20,4,1,https://openalex.org/W2100617431
0,0,0,0,0,0,0,0,0.10263192653656,6,2,0,https://openalex.org/W1996122899
0,0,0,0,0,0,1,3,0.1816977858543396,35,5,1,https://openalex.org/W2052359485
0,0,2,11,11,80,12,54,0.2322098016738891,44,15,1,https://openalex.org/W2092973960
0,0,0,0,0,0,1,3,0.1361609101295471,5,2,0,https://openalex.org/W2098666635
0,0,0,0,0,0,0,0,0.0632287859916687,1,0,1,https://openalex.org/W2143052129
0,0,0,0,0,0,0,0,0.1290395855903625,38,5,1,https://openalex.org/W1987351450
0,0,0,0,0,0,0,0,0.0925391912460327,2,2,1,https://openalex.org/W2021976509
0,0,1,8,1,21,1,2,0.1947359442710876,25,5,1,https://openalex.org/W2010757092
0,0,0,0,0,0,0,0,0.1083545684814453,7,1,0,https://openalex.org/W2074398950
0,0,0,0,0,0,0,0,0.1897509098052978,20,1,1,https://openalex.org/W2093218334
0,0,0,0,0,0,0,0,0.2480574250221252,12,2,1,https://openalex.org/W2108400040
0,0,1,2,0,0,7,25,0.1812590028057364,51,8,1,https://openalex.org/W1974808640
0,0,0,0,18,74,8,23,0.1850771903991699,39,13,1,https://openalex.org/W2118798742
0,0,0,0,10,55,1,4,0.2037808299064636,24,5,1,https://openalex.org/W2038812690
0,0,0,0,0,0,0,0,0.1160982847213745,6,2,0,https://openalex.org/W2419431196
0,0,0,0,0,0,0,0,0.0939712524414062,2,1,1,https://openalex.org/W1992802127
0,0,0,0,6,26,7,30,0.1701496839523315,39,9,1,https://openalex.org/W2027046536
0,0,0,0,0,0,0,0,0.1525906324386596,2,0,0,https://openalex.org/W2044262647
0,0,0,0,0,0,6,23,0.1944655179977417,28,10,1,https://openalex.org/W2168114582
0,0,0,0,6,161,1,47,0.1538479924201965,39,5,1,https://openalex.org/W1507282707
0,0,0,0,3,17,6,14,0.1294718980789184,47,12,1,https://openalex.org/W1596448420
0,0,0,0,0,0,0,0,0.1208778023719787,25,0,1,https://openalex.org/W1885319801
0,0,0,0,0,0,0,0,0.1396772861480713,5,1,0,https://openalex.org/W1978075503
0,0,0,0,1,15,3,7,0.1552437543869018,28,8,1,https://openalex.org/W3123667949
0,0,0,0,0,0,0,0,0.1141814589500427,4,1,0,https://openalex.org/W1965190884
0,0,1,2,18,69,7,21,0.1209502220153808,34,20,1,https://openalex.org/W2139756192
0,0,0,0,0,0,0,0,0.1046099066734314,3,0,0,https://openalex.org/W30518688
0,0,0,0,5,19,2,7,0.1551730632781982,28,7,1,https://openalex.org/W3118060506
0,0,0,0,0,0,2,12,0.1531304121017456,24,9,1,https://openalex.org/W3124490848
0,0,0,0,0,0,0,0,0.1295976638793945,2,0,0,https://openalex.org/W2019030615
0,0,0,0,0,0,1,2,0.1700034141540527,24,5,1,https://openalex.org/W1989029211
0,0,0,0,0,0,0,0,0.1863595247268676,17,0,1,https://openalex.org/W2026202047
1,30,1,3,59,377,21,73,0.2113602757453918,51,22,1,https://openalex.org/W2021257839
0,0,0,0,0,0,1,2,0.1953160762786865,36,3,1,https://openalex.org/W1992322758
0,0,0,0,0,0,0,0,0.099008560180664,6,2,1,https://openalex.org/W4245255514
0,0,1,203,0,0,4,24,0.166575014591217,17,6,1,https://openalex.org/W2131223556
0,0,0,0,13,268,5,35,0.1893408298492431,39,10,1,https://openalex.org/W2052447638
1,2,0,0,13,62,10,40,0.2186041474342346,35,11,1,https://openalex.org/W2043298609
0,0,0,0,13,46,7,21,0.1613770723342895,48,11,1,https://openalex.org/W2099549935
1,11,1,2,17,51,2,6,0.2497289180755615,43,9,1,https://openalex.org/W3125172345
0,0,0,0,17,506,15,162,0.1969059705734253,44,16,1,https://openalex.org/W2022843197
0,0,0,0,4,90,4,15,0.177610695362091,51,9,1,https://openalex.org/W2146857523
2,6,2,5,31,65,14,49,0.183591604232788,23,8,1,https://openalex.org/W2024752791
0,0,0,0,2,5,0,0,0.1391029357910156,4,1,1,https://openalex.org/W2101182802
1,6,2,6,15,76,4,24,0.160480797290802,30,9,1,https://openalex.org/W2086181202
0,0,1,11,4,37,11,299,0.1540179252624511,28,12,1,https://openalex.org/W2093248878
0,0,0,0,0,0,1,3,0.1596017479896545,24,3,1,https://openalex.org/W2017898402
0,0,1,8,0,0,11,36,0.2029896974563598,32,11,1,https://openalex.org/W2061188223
0,0,0,0,9,19,0,0,0.1554760932922363,38,4,1,https://openalex.org/W1981318802
0,0,1,2,25,90,17,65,0.154506504535675,39,16,1,https://openalex.org/W1996055275
0,0,0,0,4,27,0,0,0.1466139554977417,30,4,1,https://openalex.org/W1965191954
0,0,0,0,0,0,0,0,0.1538830399513244,29,2,1,https://openalex.org/W1984202217
0,0,2,5,16,85,7,22,0.1783040165901184,31,13,1,https://openalex.org/W2166623418
0,0,0,0,3,15,22,81,0.1417953372001648,41,23,1,https://openalex.org/W1967807928
0,0,0,0,0,0,2,8,0.1554356813430786,28,3,1,https://openalex.org/W2073760428
0,0,0,0,0,0,0,0,0.1354889273643493,10,3,0,https://openalex.org/W1963737321
0,0,0,0,24,107,4,23,0.1413047909736633,44,14,1,https://openalex.org/W2027670255
0,0,0,0,0,0,0,0,0.1113404035568237,4,1,0,https://openalex.org/W1983307867
0,0,1,4,32,502,21,115,0.1918166279792785,50,15,1,https://openalex.org/W2129680183
0,0,0,0,0,0,0,0,0.1824507887843858,3,1,1,https://openalex.org/W2012409913
0,0,0,0,0,0,0,0,0.1525526046752929,21,2,1,https://openalex.org/W2054222227
0,0,0,0,12,74,1,6,0.1927316188812256,34,4,1,https://openalex.org/W2167575623
0,0,0,0,7,47,8,24,0.187171459197998,49,12,1,https://openalex.org/W2004738544
0,0,0,0,0,0,0,0,0.0818538665771484,4,1,0,https://openalex.org/W2049272097
0,0,0,0,11,230,3,67,0.1789427399635315,37,12,1,https://openalex.org/W2055288364
0,0,0,0,0,0,0,0,0.1123905777931213,5,0,1,https://openalex.org/W1572466188
0,0,0,0,3,9,0,0,0.1448892951011657,27,2,1,https://openalex.org/W2065942131
0,0,0,0,12,56,8,19,0.173766016960144,40,13,1,https://openalex.org/W3124180953
0,0,0,0,18,75,6,19,0.1504824757575988,38,9,1,https://openalex.org/W2043024975
0,0,1,2,14,72,1,2,0.1233618855476379,57,7,1,https://openalex.org/W3121555641
0,0,0,0,4,14,1,2,0.1632606983184814,21,6,1,https://openalex.org/W2093074053
0,0,0,0,0,0,2,5,0.1758476495742798,50,5,1,https://openalex.org/W2020716061
0,0,0,0,0,0,0,0,0.1695127487182617,18,1,1,https://openalex.org/W1550066983
0,0,0,0,6,17,4,11,0.1995027661323547,42,6,1,https://openalex.org/W2016812032
0,0,0,0,1,17,8,91,0.1940781474113464,29,11,1,https://openalex.org/W2028668136
0,0,0,0,1,13,1,4,0.1616657972335815,32,5,1,https://openalex.org/W1526405173
0,0,0,0,0,0,0,0,0.1148900389671325,5,1,1,https://openalex.org/W1706535000
0,0,0,0,20,79,5,16,0.1327860951423645,30,10,1,https://openalex.org/W1971502455
0,0,0,0,6,36,2,7,0.1521080732345581,34,9,1,https://openalex.org/W2149795433
0,0,0,0,0,0,5,35,0.194728136062622,20,8,1,https://openalex.org/W2055963257
0,0,0,0,0,0,0,0,0.1722717881202697,27,6,1,https://openalex.org/W1514728422
0,0,0,0,2,4,0,0,0.1446441411972046,21,4,1,https://openalex.org/W2077106936
0,0,0,0,0,0,1,2,0.1761696338653564,35,8,1,https://openalex.org/W2065078427
1,10,0,0,14,37,1,2,0.1424524188041687,38,6,1,https://openalex.org/W2154546413
0,0,0,0,0,0,1,3,0.1532427072525024,25,4,1,https://openalex.org/W2155835883
0,0,0,0,0,0,0,0,0.2077618837356567,19,2,1,https://openalex.org/W1968417413
0,0,1,9,13,76,3,9,0.1918523907661438,31,9,1,https://openalex.org/W1975060876
0,0,0,0,0,0,2,5,0.2192071676254272,22,8,1,https://openalex.org/W2058102932
0,0,1,3,1,3,0,0,0.2060116529464721,27,10,1,https://openalex.org/W2067508087
0,0,0,0,7,16,5,14,0.1825665235519409,31,9,1,https://openalex.org/W2014205887
0,0,0,0,19,95,7,16,0.1914824843406677,51,13,1,https://openalex.org/W2084367686
0,0,0,0,0,0,0,0,0.1506125926971435,6,2,0,https://openalex.org/W2214916417
0,0,2,14,11,120,3,14,0.2162767052650451,31,9,1,https://openalex.org/W2335166809
0,0,0,0,1,5,1,22,0.2091766939204175,6,3,1,https://openalex.org/W2019875674
0,0,0,0,0,0,1,5,0.1406507492065429,6,2,0,https://openalex.org/W2086162170
0,0,0,0,0,0,0,0,0.2095479965209961,5,1,1,https://openalex.org/W2072347674
0,0,0,0,0,0,2,6,0.127973735332489,25,6,1,https://openalex.org/W2079593243
0,0,0,0,0,0,0,0,0.248011827468872,5,1,1,https://openalex.org/W97261193
0,0,0,0,3,8,6,25,0.1649123430252075,32,8,1,https://openalex.org/W2136090268
0,0,0,0,0,0,0,0,0.1085521578788757,7,3,0,https://openalex.org/W2003106539
0,0,1,14,2,6,0,0,0.1761804819107055,21,5,1,https://openalex.org/W2118163673
0,0,0,0,7,18,3,8,0.1721678972244262,43,8,1,https://openalex.org/W2171216914
0,0,0,0,0,0,7,96,0.1605173945426941,31,8,1,https://openalex.org/W2166197767
0,0,0,0,0,0,2,27,0.2014561389099208,31,3,1,https://openalex.org/W1993670904
0,0,0,0,6,53,11,46,0.1851817369461059,37,13,1,https://openalex.org/W2078209036
0,0,0,0,0,0,0,0,0.1199872493743896,7,1,0,https://openalex.org/W2162771157
0,0,0,0,0,0,0,0,0.1268597841262817,6,2,0,https://openalex.org/W3124780179
0,0,0,0,6,21,1,3,0.2092030048370361,16,2,1,https://openalex.org/W2042523366
0,0,1,4,0,0,1,2,0.1929730176925659,19,3,1,https://openalex.org/W2061675965
0,0,1,2,1,12,5,11,0.0952802896499633,50,10,1,https://openalex.org/W2112381168
0,0,0,0,0,0,0,0,0.2648265361785888,23,3,1,https://openalex.org/W3124076038
0,0,1,2,2,36,0,0,0.1539947390556335,26,8,1,https://openalex.org/W2002184275
0,0,0,0,13,45,7,19,0.1930947303771973,33,8,1,https://openalex.org/W2110216948
0,0,0,0,0,0,0,0,0.1570624113082885,12,0,1,https://openalex.org/W1567889462
0,0,0,0,13,67,6,14,0.1553362011909485,46,10,1,https://openalex.org/W2072187704
0,0,0,0,6,61,6,30,0.2473080158233642,26,7,1,https://openalex.org/W2125885386
0,0,0,0,1,8,1,7,0.1457130908966064,35,5,1,https://openalex.org/W1976263950
1,2,2,4,26,130,13,52,0.2359527945518493,42,16,1,https://openalex.org/W2084780111
0,0,0,0,0,0,0,0,0.1843850016593933,25,4,1,https://openalex.org/W2008945761
0,0,0,0,0,0,0,0,0.14922696352005,4,0,0,https://openalex.org/W4242919575
0,0,3,55,16,146,20,165,0.1425255537033081,37,16,1,https://openalex.org/W2073609117
0,0,0,0,1,18,5,26,0.1456077098846435,38,7,1,https://openalex.org/W2144316810
0,0,0,0,0,0,0,0,0.1718375086784362,23,6,1,https://openalex.org/W1998485346
0,0,3,10,26,130,21,86,0.1849784255027771,58,21,1,https://openalex.org/W1979105701
0,0,0,0,0,0,19,123,0.1466069817543029,43,18,1,https://openalex.org/W3123320805
0,0,0,0,0,0,1,7,0.2012102007865905,24,10,1,https://openalex.org/W3123927344
0,0,1,4,2,14,0,0,0.159908988395209,9,3,0,https://openalex.org/W2069187152
0,0,0,0,9,64,7,32,0.172183096408844,53,12,1,https://openalex.org/W2131918768
0,0,1,2,29,159,16,103,0.1203806400299072,49,13,1,https://openalex.org/W2017591043
0,0,0,0,0,0,0,0,0.1376106142997741,4,1,1,https://openalex.org/W3123902743
0,0,0,0,5,19,4,13,0.1800987124443054,29,7,1,https://openalex.org/W2061816618
0,0,0,0,2,33,1,2,0.1449783444404602,48,6,1,https://openalex.org/W2062993487
0,0,0,0,1,5,0,0,0.2082998752593994,21,2,1,https://openalex.org/W1981122804
0,0,0,0,32,129,10,33,0.1611373424530029,45,12,1,https://openalex.org/W3124388301
0,0,1,2,0,0,0,0,0.1927310228347778,23,3,1,https://openalex.org/W2048902616
0,0,0,0,0,0,0,0,0.112127423286438,7,1,0,https://openalex.org/W2058428632
0,0,0,0,2,13,1,3,0.1638728976249694,25,5,1,https://openalex.org/W2098209588
0,0,0,0,0,0,0,0,0.1647648811340332,19,1,1,https://openalex.org/W2052825078
0,0,1,14,0,0,3,8,0.1662853956222534,70,11,1,https://openalex.org/W1964158959
0,0,0,0,0,0,0,0,0.1940236091613769,25,4,1,https://openalex.org/W2161346504
0,0,0,0,0,0,0,0,0.1712344884872436,24,4,1,https://openalex.org/W2152866056
0,0,0,0,0,0,1,3,0.154771089553833,22,4,1,https://openalex.org/W2004176742
0,0,0,0,0,0,0,0,0.1422104239463806,31,5,1,https://openalex.org/W1986651982
0,0,0,0,0,0,0,0,0.2511829137802124,20,3,1,https://openalex.org/W1979181096
0,0,0,0,0,0,0,0,0.1698867082595825,28,3,1,https://openalex.org/W2067013697
0,0,0,0,0,0,0,0,0.0388092994689941,2,0,0,https://openalex.org/W2051091775
0,0,0,0,2,12,0,0,0.1394884586334228,27,3,1,https://openalex.org/W2106603542
0,0,0,0,0,0,0,0,0.1587706804275512,20,3,1,https://openalex.org/W2029876126
0,0,2,5,15,192,4,9,0.2651622891426086,48,14,1,https://openalex.org/W2570516957
0,0,0,0,11,77,1,9,0.2096738815307617,24,3,1,https://openalex.org/W2094680612
0,0,3,14,5,21,10,29,0.2125548124313354,36,17,1,https://openalex.org/W2117302499
0,0,0,0,6,25,1,4,0.2389832139015197,21,9,1,https://openalex.org/W2000007158
0,0,0,0,0,0,0,0,0.1878070831298828,26,1,1,https://openalex.org/W2094477267
0,0,0,0,9,29,3,7,0.2793552875518799,29,11,1,https://openalex.org/W2130879874
0,0,0,0,0,0,0,0,0.165833119652887,3,2,1,https://openalex.org/W3121758165
0,0,0,0,0,0,0,0,0.0916224122047424,5,0,0,https://openalex.org/W2093899384
0,0,1,11,9,30,6,18,0.1584410071372985,38,12,1,https://openalex.org/W4235294356
0,0,0,0,26,267,24,67,0.2295365333557129,59,22,1,https://openalex.org/W1506886164
0,0,0,0,14,67,2,14,0.2147582769393921,33,5,1,https://openalex.org/W2023546470
0,0,0,0,6,16,4,9,0.1537098884582519,31,7,1,https://openalex.org/W2054622705
1,11,1,10,25,94,17,59,0.1943235397338867,34,16,1,https://openalex.org/W1543348012
0,0,0,0,0,0,1,4,0.1896508932113647,23,4,1,https://openalex.org/W2016748626
0,0,0,0,20,158,18,109,0.1684500575065612,32,12,1,https://openalex.org/W1971487493
0,0,1,35,5,25,14,38,0.193816602230072,34,13,1,https://openalex.org/W1989688297
0,0,0,0,0,0,0,0,0.1571804285049438,11,1,0,https://openalex.org/W2024133353
0,0,0,0,0,0,2,8,0.200162649154663,21,8,1,https://openalex.org/W2030984584
0,0,0,0,1,7,0,0,0.1667768955230713,26,5,1,https://openalex.org/W2005048491
0,0,0,0,2,22,0,0,0.0940715074539184,43,4,1,https://openalex.org/W2007179788
0,0,1,28,0,0,2,5,0.2200794816017151,32,6,1,https://openalex.org/W2056751951
0,0,0,0,0,0,0,0,0.1248544454574585,6,4,0,https://openalex.org/W1986137885
0,0,0,0,14,99,1,3,0.1925660967826843,19,5,1,https://openalex.org/W2071366422
0,0,0,0,6,45,2,7,0.1465975046157837,19,3,1,https://openalex.org/W2011997318
0,0,0,0,0,0,0,0,0.1804548501968384,23,3,1,https://openalex.org/W2039603945
0,0,0,0,0,0,1,4,0.1855630278587341,29,8,1,https://openalex.org/W2051841714
0,0,0,0,0,0,0,0,0.080193817615509,3,1,1,https://openalex.org/W2093808457
0,0,0,0,0,0,0,0,0.1290936470031738,30,1,1,https://openalex.org/W3121367887
0,0,0,0,0,0,0,0,0.0101991295814514,27,8,1,https://openalex.org/W3121672673
0,0,0,0,0,0,0,0,0.163892924785614,2,0,1,https://openalex.org/W3125790520
0,0,0,0,0,0,0,0,0.1003886461257934,1,1,1,https://openalex.org/W3124092583
0,0,0,0,4,22,3,13,0.2048639059066772,24,6,1,https://openalex.org/W3121646171
0,0,1,2,2,7,0,0,0.2360255122184753,30,10,1,https://openalex.org/W3124025019
0,0,0,0,0,0,1,2,0.1113006472587585,23,4,1,https://openalex.org/W2036157608
0,0,0,0,0,0,1,10,0.1352536082267761,20,6,1,https://openalex.org/W2130568040
0,0,0,0,2,4,0,0,0.1717177033424377,29,4,1,https://openalex.org/W2172224330
0,0,1,16,0,0,6,35,0.1849970817565918,34,8,1,https://openalex.org/W2143936316
0,0,2,5,10,37,4,9,0.1706240177154541,43,10,1,https://openalex.org/W2072288548
0,0,0,0,3,19,1,5,0.1882215738296508,26,7,1,https://openalex.org/W2122080232
0,0,0,0,0,0,0,0,0.1378623247146606,4,1,0,https://openalex.org/W2061573580
0,0,0,0,19,519,4,77,0.1262430548667907,28,5,1,https://openalex.org/W2144712327
0,0,0,0,2,9,5,19,0.2144855260848999,33,9,1,https://openalex.org/W1994026632
0,0,0,0,7,23,2,18,0.1633060574531555,31,10,1,https://openalex.org/W2098869534
0,0,0,0,9,31,16,67,0.1798786520957946,57,15,1,https://openalex.org/W2028830522
0,0,0,0,0,0,2,13,0.2017050981521606,23,6,1,https://openalex.org/W2022641898
1,2,0,0,21,57,3,8,0.1422695517539978,28,9,1,https://openalex.org/W2007840221
0,0,0,0,0,0,0,0,0.1190304160118103,5,1,0,https://openalex.org/W2042944432
0,0,0,0,1,19,5,19,0.1750284433364868,36,7,1,https://openalex.org/W2154616550
0,0,2,12,24,1843,33,805,0.1633935517500431,48,15,1,https://openalex.org/W2030939153
0,0,0,0,3,6,4,19,0.1750077605247497,22,7,1,https://openalex.org/W2060455579
0,0,0,0,0,0,0,0,0.1514184474945068,18,2,1,https://openalex.org/W2027283310
0,0,0,0,0,0,0,0,0.1245951652526855,8,1,0,https://openalex.org/W2035864837
0,0,0,0,2,19,0,0,0.148154616355896,16,4,1,https://openalex.org/W2060685580
0,0,0,0,0,0,0,0,0.1274271022963753,3,0,0,https://openalex.org/W2030026648
0,0,0,0,2,6,0,0,0.2034826874732971,15,3,1,https://openalex.org/W2028698029
0,0,0,0,0,0,2,18,0.1528797149658203,47,8,1,https://openalex.org/W2112784907
0,0,0,0,5,11,1,2,0.1722752451896667,22,5,1,https://openalex.org/W2143164642
0,0,0,0,58,373,31,122,0.1896418341190543,67,22,1,https://openalex.org/W1995265353
0,0,0,0,33,639,25,106,0.1954092383384705,38,14,1,https://openalex.org/W2011280072
0,0,0,0,0,0,1,2,0.125133216381073,34,4,1,https://openalex.org/W2094841515
0,0,0,0,0,0,2,9,0.1721131801605224,33,4,1,https://openalex.org/W2024106679
0,0,0,0,1,2,0,0,0.188565731048584,30,4,1,https://openalex.org/W1983065474
0,0,0,0,0,0,0,0,0.0857847929000854,8,1,0,https://openalex.org/W1966646125
0,0,0,0,0,0,0,0,0.1355419158935547,4,1,1,https://openalex.org/W2036294346
0,0,0,0,0,0,0,0,0.11458420753479,5,2,0,https://openalex.org/W2050441043
0,0,1,2,12,84,17,44,0.1545295715332031,57,20,1,https://openalex.org/W2157448990
0,0,0,0,7,38,2,8,0.1598008871078491,20,7,1,https://openalex.org/W3125019873
0,0,0,0,0,0,0,0,0.2100250720977783,22,5,1,https://openalex.org/W1483359549
0,0,0,0,0,0,0,0,0.2518471479415893,10,0,1,https://openalex.org/W2028582297
1,3,1,2,6,14,5,14,0.1513924598693847,28,10,1,https://openalex.org/W2088743976
0,0,0,0,3,12,0,0,0.1561307311058044,29,4,1,https://openalex.org/W2059289700
0,0,0,0,18,65,6,18,0.1647562980651855,35,13,1,https://openalex.org/W2125066348
0,0,1,4,39,263,9,34,0.134493887424469,42,11,1,https://openalex.org/W2153051515
0,0,0,0,28,179,3,8,0.171684980392456,31,9,1,https://openalex.org/W1989992963
0,0,0,0,0,0,1,3,0.1641427278518676,30,6,1,https://openalex.org/W2063708514
0,0,0,0,0,0,0,0,0.1674056649208068,21,1,1,https://openalex.org/W2084298212
1,2,1,2,54,357,12,52,0.139283537864685,66,20,1,https://openalex.org/W2495162742
0,0,0,0,0,0,1,3,0.1544958353042602,30,5,1,https://openalex.org/W1974103539
0,0,1,16,20,190,7,19,0.1618375182151794,40,9,1,https://openalex.org/W2031053668
0,0,0,0,4,21,4,21,0.1436814069747924,35,8,1,https://openalex.org/W2055897716
0,0,0,0,1,3,1,2,0.1729161143302917,34,6,1,https://openalex.org/W2072025216
0,0,0,0,3,18,0,0,0.1806561350822448,26,2,1,https://openalex.org/W2095772654
0,0,1,5,0,0,2,6,0.2256826162338256,24,6,1,https://openalex.org/W2130922791
0,0,0,0,22,169,13,69,0.1528865098953247,43,13,1,https://openalex.org/W1989145840
0,0,1,2,8,49,4,11,0.1892993450164795,28,12,1,https://openalex.org/W3125152439
0,0,1,15,1,9,1,2,0.2714119553565979,12,3,1,https://openalex.org/W1985006600
1,6,2,7,15,65,5,21,0.162956416606903,32,12,1,https://openalex.org/W2042022505
0,0,1,27,0,0,1,2,0.1891410946846008,19,5,1,https://openalex.org/W2056175747
0,0,0,0,5,11,4,13,0.1623868346214294,45,10,1,https://openalex.org/W2110860150
0,0,0,0,0,0,0,0,0.1009067296981811,6,0,0,https://openalex.org/W1965195202
0,0,0,0,0,0,0,0,0.253142237663269,14,4,1,https://openalex.org/W1970992662
0,0,0,0,0,0,0,0,0.2112032175064087,9,1,1,https://openalex.org/W2030479753
0,0,0,0,11,54,2,9,0.1649397611618042,30,6,1,https://openalex.org/W3121742838
0,0,0,0,0,0,2,5,0.1253708600997924,23,5,1,https://openalex.org/W1982083452
0,0,1,3,1,6,0,0,0.1208069324493408,5,2,0,https://openalex.org/W2094627734
0,0,2,12,8,149,22,90,0.2177862524986267,45,21,1,https://openalex.org/W2114490519
0,0,0,0,3,12,2,4,0.1657822132110595,31,6,1,https://openalex.org/W2004679331
0,0,0,0,0,0,1,2,0.1881541609764099,21,6,1,https://openalex.org/W4251396271
0,0,0,0,0,0,0,0,0.1440829038619995,11,3,0,https://openalex.org/W1977607860
0,0,0,0,1,6,0,0,0.1685916185379028,35,7,1,https://openalex.org/W2171340812
0,0,0,0,4,16,10,44,0.1706018447875976,33,10,1,https://openalex.org/W1598161593
0,0,0,0,0,0,2,7,0.1663158535957336,41,9,1,https://openalex.org/W1999611975
0,0,0,0,0,0,0,0,0.2177399396896362,4,0,0,https://openalex.org/W2036574857
0,0,0,0,0,0,0,0,0.1159961223602294,6,2,0,https://openalex.org/W1999236033
0,0,0,0,1,6,2,5,0.1447851657867431,18,5,1,https://openalex.org/W1986343471
0,0,0,0,1,5,2,11,0.2269309759140014,16,4,1,https://openalex.org/W2156490867
0,0,0,0,14,294,27,111,0.1390287280082702,55,22,1,https://openalex.org/W3122133236
0,0,0,0,32,128,20,113,0.1727370023727417,43,17,1,https://openalex.org/W2007250918
0,0,0,0,3,14,5,12,0.1765568256378173,28,10,1,https://openalex.org/W583845388
0,0,0,0,0,0,0,0,0.2313476800918579,7,2,1,https://openalex.org/W230475563
0,0,0,0,0,0,0,0,0.2924152016639709,28,2,1,https://openalex.org/W2091973149
0,0,0,0,0,0,0,0,0.2026489377021789,24,3,1,https://openalex.org/W2047548772
0,0,1,3,3,15,4,57,0.139135479927063,39,6,1,https://openalex.org/W1992962428
0,0,2,4,2,6,0,0,0.1396923661231994,27,5,1,https://openalex.org/W2019021125
0,0,0,0,13,71,4,21,0.2205126881599426,29,10,1,https://openalex.org/W4243765897
0,0,0,0,0,0,0,0,0.1077432632446289,3,2,1,https://openalex.org/W2123000930
0,0,0,0,15,140,7,31,0.1900217533111572,29,11,1,https://openalex.org/W4242361479
0,0,0,0,10,33,0,0,0.2430964708328247,23,6,1,https://openalex.org/W2056720463
0,0,0,0,0,0,0,0,0.141685664653778,24,2,1,https://openalex.org/W2021633957
0,0,0,0,2,12,7,22,0.1506754755973816,36,10,1,https://openalex.org/W2074666204
2,30,1,24,54,165,4,58,0.1488571763038635,46,11,1,https://openalex.org/W2160021985
0,0,0,0,1,2,0,0,0.148610234260559,5,2,0,https://openalex.org/W2048741279
0,0,0,0,1,6,4,12,0.1790252923965454,30,8,1,https://openalex.org/W2117006252
0,0,0,0,20,108,6,220,0.2425347317411214,35,9,1,https://openalex.org/W3104215712
0,0,0,0,4,12,0,0,0.1413557529449463,9,3,0,https://openalex.org/W4248443350
0,0,1,2,3,23,3,35,0.1633194088935852,49,10,1,https://openalex.org/W2119632634
0,0,0,0,22,220,6,71,0.1772518754005432,30,7,1,https://openalex.org/W2026452802
0,0,0,0,4,39,26,126,0.2132559418678283,33,16,1,https://openalex.org/W1988985907
0,0,0,0,19,99,5,25,0.1731581687927246,29,13,1,https://openalex.org/W2071402736
0,0,1,20,1,8,2,4,0.121966540813446,23,7,1,https://openalex.org/W1983652531
0,0,0,0,15,46,5,16,0.1059470176696777,43,13,1,https://openalex.org/W2036962868
0,0,0,0,1,72,3,33,0.1828690767288208,19,9,1,https://openalex.org/W2087627813
0,0,0,0,5,12,1,2,0.1249108910560608,30,6,1,https://openalex.org/W3121752578
0,0,1,5,0,0,0,0,0.1534117460250854,10,3,0,https://openalex.org/W2007315501
0,0,0,0,0,0,7,22,0.1948288679122924,30,11,1,https://openalex.org/W2008466749
0,0,0,0,1,5,0,0,0.1266233921051025,7,4,0,https://openalex.org/W2050560996
0,0,0,0,48,266,48,290,0.127686858177185,112,23,1,https://openalex.org/W2116832772
0,0,3,56,12,225,51,349,0.1635773181915283,47,25,1,https://openalex.org/W1997406536
0,0,0,0,13,120,7,43,0.1400309205055236,42,9,1,https://openalex.org/W2100261260
0,0,0,0,0,0,0,0,0.2340800762176513,28,4,1,https://openalex.org/W2057531379
0,0,2,18,1,10,20,256,0.1499139666557312,64,16,1,https://openalex.org/W2035589981
0,0,0,0,0,0,0,0,0.131202757358551,21,2,1,https://openalex.org/W2060877196
0,0,1,9,1,2,3,6,0.1485273241996765,41,10,1,https://openalex.org/W2076584108
0,0,0,0,4,21,3,52,0.1473796367645263,26,5,1,https://openalex.org/W2083375199
0,0,0,0,8,72,1,2,0.2323744297027588,35,5,1,https://openalex.org/W2012481389
0,0,0,0,2,25,3,9,0.1673227548599243,29,9,1,https://openalex.org/W2067067282
0,0,1,2,2,8,5,22,0.1218090653419494,54,13,1,https://openalex.org/W1969755321
0,0,1,5,13,45,5,27,0.1625382304191589,45,15,1,https://openalex.org/W2055431462
0,0,0,0,5,45,3,20,0.1433942317962646,28,6,1,https://openalex.org/W2165900438
0,0,1,5,9,37,6,19,0.1547355651855468,39,9,1,https://openalex.org/W2055633488
0,0,2,4,15,115,2,7,0.2577138543128967,34,10,1,https://openalex.org/W2139457845
0,0,0,0,16,103,12,35,0.1469522714614868,60,22,1,https://openalex.org/W2141122753
0,0,1,2,0,0,0,0,0.3221535086631775,19,2,1,https://openalex.org/W45970655
0,0,0,0,3,21,28,193,0.1409152746200561,47,18,1,https://openalex.org/W2018894622
0,0,0,0,2,5,6,13,0.1960343718528747,36,9,1,https://openalex.org/W2049683785
0,0,0,0,0,0,0,0,0.1544663906097412,31,5,1,https://openalex.org/W2084753113
1,3,1,3,9,18,2,4,0.1465988755226135,41,4,1,https://openalex.org/W2048016588
0,0,0,0,0,0,0,0,0.1120293140411377,24,3,1,https://openalex.org/W2013373262
0,0,0,0,2,354,1,3,0.171385109424591,19,3,1,https://openalex.org/W2052415339
0,0,0,0,3,12,13,64,0.1792336106300354,23,13,1,https://openalex.org/W2059202938
0,0,0,0,21,82,10,35,0.1640088558197021,41,17,1,https://openalex.org/W2155582408
0,0,0,0,0,0,1,3,0.2235634922981262,26,4,1,https://openalex.org/W2087369298
0,0,0,0,0,0,0,0,0.2005836963653564,25,2,1,https://openalex.org/W2018964643
0,0,0,0,0,0,0,0,0.1043336391448974,3,1,0,https://openalex.org/W1983156306
0,0,0,0,0,0,0,0,0.0982064604759216,5,2,1,https://openalex.org/W2002354613
0,0,1,7,3,38,14,46,0.1531023979187011,31,12,1,https://openalex.org/W2000790460
0,0,0,0,2,5,2,8,0.1939701437950134,20,5,1,https://openalex.org/W2148649212
0,0,0,0,0,0,0,0,0.1920984983444214,38,6,1,https://openalex.org/W2147880781
0,0,0,0,0,0,0,0,0.1116272329865686,6,2,0,https://openalex.org/W1972778100
0,0,0,0,0,0,1,3,0.1466683149337768,33,4,1,https://openalex.org/W2090990671
0,0,0,0,0,0,12,42,0.1504731178283691,29,18,1,https://openalex.org/W2015524895
0,0,2,5,0,0,18,46,0.1736794710159301,28,18,1,https://openalex.org/W2020276231
0,0,0,0,5,29,2,5,0.1583502888679504,31,6,1,https://openalex.org/W2021870649
0,0,0,0,0,0,1,4,0.17801433801651,22,5,1,https://openalex.org/W2047302191
0,0,2,6,8,28,14,36,0.1720483303070068,24,13,1,https://openalex.org/W2034626750
0,0,0,0,0,0,0,0,0.1724141240119934,20,3,1,https://openalex.org/W2034721589
0,0,0,0,2,5,1,2,0.2627539038658142,26,7,1,https://openalex.org/W3125303055
0,0,0,0,0,0,0,0,0.155182659626007,26,0,1,https://openalex.org/W2071734960
0,0,0,0,2,15,1,3,0.1681949496269226,37,6,1,https://openalex.org/W1964873082
0,0,0,0,0,0,0,0,0.1939120888710022,20,4,1,https://openalex.org/W1989380748
0,0,0,0,0,0,0,0,0.1738555431365966,8,1,1,https://openalex.org/W2043197022
0,0,0,0,8,44,2,5,0.2162191867828369,23,10,1,https://openalex.org/W2069705736
0,0,0,0,5,19,11,38,0.2287240050354805,39,14,1,https://openalex.org/W1983662093
0,0,0,0,0,0,0,0,0.1238397359848022,5,1,0,https://openalex.org/W2032457058
0,0,1,5,19,92,6,24,0.1608995795249939,35,11,1,https://openalex.org/W2148997432
0,0,0,0,2,11,2,7,0.1607103943824768,37,7,1,https://openalex.org/W2046420906
0,0,1,2,15,48,5,15,0.2084438800811767,40,8,1,https://openalex.org/W2162320713
0,0,0,0,10,101,2,5,0.1940873265266418,36,9,1,https://openalex.org/W2027778440
0,0,1,4,1,2,1,2,0.1974542140960693,31,6,1,https://openalex.org/W2042145384
0,0,0,0,9,51,10,27,0.1917781829833984,43,11,1,https://openalex.org/W2035761240
0,0,0,0,0,0,0,0,0.1687142848968506,30,4,1,https://openalex.org/W2140926843
0,0,1,3,22,173,7,53,0.2590087652206421,33,12,1,https://openalex.org/W1993253840
0,0,0,0,7,14,3,9,0.1903466582298278,27,9,1,https://openalex.org/W2048550985
0,0,0,0,0,0,0,0,0.0689278841018676,4,1,0,https://openalex.org/W2091453687
0,0,0,0,1,9,0,0,0.1895554065704345,27,3,1,https://openalex.org/W2094713531
0,0,0,0,0,0,0,0,0.1228685975074768,3,0,1,https://openalex.org/W31289266
0,0,0,0,18,186,10,80,0.3003100752830505,26,10,1,https://openalex.org/W1971863078
0,0,0,0,0,0,1,2,0.1682520508766174,34,5,1,https://openalex.org/W1986486304
0,0,0,0,0,0,0,0,0.1744570732116699,26,4,1,https://openalex.org/W2030260123
0,0,1,2,17,99,1,2,0.1838043928146362,38,9,1,https://openalex.org/W2094076100
0,0,0,0,14,52,8,20,0.1532706022262573,42,10,1,https://openalex.org/W3124703245
0,0,2,11,9,66,8,38,0.1528761386871338,36,12,1,https://openalex.org/W3125408074
0,0,0,0,0,0,0,0,0.1681061387062072,41,4,1,https://openalex.org/W2109772750
0,0,0,0,0,0,0,0,0.1232229471206665,8,1,0,https://openalex.org/W2021029108
0,0,0,0,2,9,0,0,0.2076774835586548,28,5,1,https://openalex.org/W2032322275
0,0,1,7,0,0,0,0,0.1029627624195579,5,1,0,https://openalex.org/W2158688845
0,0,0,0,3,72,10,85,0.1288896799087524,41,10,1,https://openalex.org/W2156479488
0,0,0,0,1,6,0,0,0.1685248613357544,21,1,1,https://openalex.org/W2041808416
0,0,2,8,6,84,9,34,0.1867648959159851,35,14,1,https://openalex.org/W2061046097
0,0,0,0,1,9,3,9,0.1505313515663147,24,7,1,https://openalex.org/W2036890377
0,0,0,0,0,0,2,29,0.1410353779792785,26,5,1,https://openalex.org/W1989119304
0,0,0,0,7,285,1,9,0.127570629119873,40,7,1,https://openalex.org/W2127670566
0,0,1,2,0,0,1,2,0.133241057395935,24,8,1,https://openalex.org/W2082538284
0,0,1,2,0,0,8,30,0.1576423048973083,33,9,1,https://openalex.org/W2091390249
0,0,0,0,2,4,2,7,0.1472593545913696,17,8,1,https://openalex.org/W1964180347
0,0,0,0,0,0,1,12,0.1574913263320922,33,3,1,https://openalex.org/W1984393002
0,0,0,0,0,0,0,0,0.0740121603012085,5,0,0,https://openalex.org/W2012144860
0,0,0,0,0,0,3,7,0.1878584027290344,42,14,1,https://openalex.org/W2068612843
0,0,0,0,22,150,13,56,0.2381922602653503,54,16,1,https://openalex.org/W2158224498
0,0,2,43,128,1134,18,68,0.1525570154190063,93,20,1,https://openalex.org/W129932795
0,0,0,0,0,0,0,0,0.2508789300918579,14,3,1,https://openalex.org/W4237116451
0,0,0,0,2,20,2,7,0.152840256690979,21,8,1,https://openalex.org/W2022089439
0,0,0,0,1,5,8,39,0.1193861961364746,27,9,1,https://openalex.org/W2057348613
0,0,0,0,0,0,1,2,0.213410198688507,20,5,1,https://openalex.org/W1912045628
0,0,0,0,0,0,0,0,0.2248348593711853,27,5,1,https://openalex.org/W2097211043
0,0,0,0,2,5,6,29,0.1441138386726379,29,11,1,https://openalex.org/W2112102459
0,0,0,0,42,249,13,49,0.1554284691810608,51,19,1,https://openalex.org/W1995937795
0,0,0,0,6,40,5,15,0.1244014501571655,46,8,1,https://openalex.org/W2005873774
0,0,1,2,46,498,35,293,0.1935739517211914,73,22,1,https://openalex.org/W2027381045
0,0,0,0,0,0,0,0,0.2325408458709716,26,4,1,https://openalex.org/W2170387374
0,0,0,0,3,42,2,17,0.2024530172348022,20,6,1,https://openalex.org/W3121534696
0,0,0,0,0,0,0,0,0.2968431711196899,8,1,1,https://openalex.org/W1974137683
0,0,2,18,7,51,1,2,0.237456017391619,34,8,1,https://openalex.org/W2048899191
0,0,0,0,0,0,0,0,0.1911560893058776,5,2,1,https://openalex.org/W2006452777
0,0,1,2,0,0,1,6,0.1696094274520874,27,6,1,https://openalex.org/W2021088789
0,0,0,0,0,0,0,0,0.171359896659851,23,1,1,https://openalex.org/W1940525558
0,0,0,0,0,0,9,38,0.1921479701995849,48,10,1,https://openalex.org/W2061442886
0,0,0,0,12,77,4,21,0.1563090682029724,43,9,1,https://openalex.org/W2112715124
0,0,0,0,15,208,1,2,0.2162381410598755,29,5,1,https://openalex.org/W2146943142
0,0,1,5,79,659,6,18,0.1833912134170532,62,15,1,https://openalex.org/W2124477288
0,0,1,9,0,0,0,0,0.1780436635017395,44,7,1,https://openalex.org/W2039175801
0,0,1,2,1,42,0,0,0.0952482223510742,5,2,0,https://openalex.org/W2038466374
0,0,0,0,1,2,3,7,0.1664345860481262,31,9,1,https://openalex.org/W2158085284
0,0,0,0,0,0,0,0,0.1370596885681152,4,0,0,https://openalex.org/W3124681946
0,0,0,0,19,71,7,22,0.2815935611724853,54,16,1,https://openalex.org/W3125535125
0,0,0,0,1,3,0,0,0.16619873046875,28,3,1,https://openalex.org/W1981907545
0,0,0,0,6,47,1,3,0.2035950391790927,46,7,1,https://openalex.org/W2063253774
0,0,0,0,5,18,0,0,0.1372060775756836,19,3,1,https://openalex.org/W2035865062
0,0,2,26,3,38,0,0,0.1387977004051208,27,2,1,https://openalex.org/W3122500034
0,0,1,4,4,14,2,15,0.172408640384674,37,7,1,https://openalex.org/W2012641188
0,0,0,0,0,0,0,0,0.0411010384559631,3,0,0,https://openalex.org/W2010394877
0,0,0,0,10,131,14,67,0.2548996806144714,34,11,1,https://openalex.org/W1989982209
0,0,0,0,0,0,0,0,0.1335907578468322,7,1,0,https://openalex.org/W1975499808
0,0,0,0,11,69,6,37,0.1300477385520935,37,11,1,https://openalex.org/W2044155759
0,0,1,3,24,108,5,12,0.1763685345649719,35,9,1,https://openalex.org/W2081620926
0,0,0,0,8,76,3,64,0.1156688332557678,29,8,1,https://openalex.org/W1992364355
0,0,0,0,0,0,0,0,0.1166795492172241,5,2,0,https://openalex.org/W2024994570
0,0,0,0,3,14,0,0,0.1282415390014648,21,4,1,https://openalex.org/W1586840112
0,0,0,0,0,0,11,93,0.1625148057937622,35,13,1,https://openalex.org/W2039509301
0,0,1,5,4,28,10,54,0.1469391584396362,45,12,1,https://openalex.org/W2148683894
0,0,1,3,1,5,10,23,0.1527053713798523,54,14,1,https://openalex.org/W1988659993
0,0,0,0,0,0,0,0,0.1716902256011963,6,2,0,https://openalex.org/W2085598364
0,0,0,0,0,0,3,14,0.1508252620697021,29,5,1,https://openalex.org/W3125251721
0,0,0,0,0,0,1,4,0.1259790658950805,32,3,1,https://openalex.org/W1993064575
0,0,0,0,0,0,2,5,0.1506156921386718,35,6,1,https://openalex.org/W1492740679
0,0,1,3,3,11,0,0,0.1692531108856201,22,4,1,https://openalex.org/W2093736130
0,0,0,0,0,0,1,2,0.1965696215629577,19,5,1,https://openalex.org/W2626005816
0,0,0,0,0,0,0,0,0.1417379379272461,8,2,0,https://openalex.org/W1994736273
0,0,0,0,0,0,19,585,0.1296727657318115,35,12,1,https://openalex.org/W2068930087
0,0,0,0,0,0,0,0,0.1245831251144409,19,3,1,https://openalex.org/W1488544227
0,0,0,0,0,0,0,0,0.1212690472602844,4,2,0,https://openalex.org/W2020378472
0,0,0,0,0,0,0,0,0.2403880357742309,16,2,1,https://openalex.org/W2079053544
0,0,0,0,2,7,4,9,0.1424006223678589,44,11,1,https://openalex.org/W1503351667
0,0,0,0,0,0,10,56,0.1740599870681762,27,13,1,https://openalex.org/W2116543791
0,0,0,0,0,0,0,0,0.1803948879241943,28,4,1,https://openalex.org/W1971727000
0,0,0,0,0,0,0,0,0.1726738214492798,7,1,1,https://openalex.org/W1992800713
1,7,1,3,20,130,6,36,0.1983023881912231,56,11,1,https://openalex.org/W2120028265
0,0,0,0,0,0,3,9,0.1718555688858032,41,8,1,https://openalex.org/W1996154545
0,0,0,0,0,0,1,3,0.1423618793487548,32,5,1,https://openalex.org/W2031819601
0,0,0,0,0,0,0,0,0.1213462352752685,4,2,1,https://openalex.org/W2130098370
0,0,0,0,0,0,0,0,0.0743544697761535,4,1,0,https://openalex.org/W1964573123
0,0,1,2,3,21,1,2,0.1691521406173706,31,7,1,https://openalex.org/W2021786667
0,0,0,0,5,33,10,88,0.130178689956665,26,9,1,https://openalex.org/W2043519394
0,0,1,4,4,27,1,3,0.2478046882453913,26,7,1,https://openalex.org/W2033405919
0,0,2,83,29,343,22,199,0.1461739540100097,35,12,1,https://openalex.org/W1974898994
0,0,0,0,0,0,0,0,0.117222249507904,5,1,1,https://openalex.org/W2152890544
0,0,0,0,8,24,0,0,0.2303065657615661,43,8,1,https://openalex.org/W3125693251
0,0,0,0,0,0,0,0,0.2320487695600014,10,3,1,https://openalex.org/W2027678432
0,0,0,0,3,35,7,26,0.1343711614608764,32,10,1,https://openalex.org/W2170817778
0,0,1,5,1,3,2,6,0.1983477473258972,33,9,1,https://openalex.org/W1981859409
0,0,0,0,8,64,3,8,0.2171680331230163,26,5,1,https://openalex.org/W2048678739
0,0,0,0,0,0,0,0,0.1397997736930847,26,3,1,https://openalex.org/W2073475650
0,0,0,0,0,0,0,0,0.1693227291107177,19,1,1,https://openalex.org/W2038775110
0,0,0,0,2,33,0,0,0.2081807255744934,19,5,1,https://openalex.org/W4234751461
0,0,1,17,3,32,0,0,0.1817405223846435,23,8,1,https://openalex.org/W1985435153
0,0,0,0,0,0,0,0,0.1658605337142944,20,3,1,https://openalex.org/W2051898670
0,0,0,0,1,2,3,8,0.173562467098236,23,9,1,https://openalex.org/W2593752443
0,0,1,3,0,0,0,0,0.2484928965568542,19,3,1,https://openalex.org/W1992546510
0,0,1,2,6,31,0,0,0.1300922632217407,33,5,1,https://openalex.org/W2158776625
0,0,0,0,0,0,0,0,0.0632517337799072,7,1,1,https://openalex.org/W2171279601
0,0,0,0,3,19,1,3,0.1747172474861145,35,9,1,https://openalex.org/W1551301273
0,0,0,0,11,33,8,25,0.1496766805648803,29,9,1,https://openalex.org/W144734855
0,0,0,0,1,5,0,0,0.1962543129920959,37,5,1,https://openalex.org/W2052160632
0,0,2,12,5,67,20,60,0.1156331300735473,41,14,1,https://openalex.org/W1984191671
0,0,0,0,10,53,6,24,0.182972252368927,34,11,1,https://openalex.org/W1992850277
0,0,0,0,4,28,2,5,0.1925255060195922,22,6,1,https://openalex.org/W2083284100
0,0,0,0,0,0,5,25,0.1641772985458374,31,9,1,https://openalex.org/W2155904984
0,0,1,3,1,4,1,2,0.1439502239227295,40,6,1,https://openalex.org/W2027427689
0,0,0,0,23,171,4,29,0.1683540940284729,33,9,1,https://openalex.org/W2074068423
0,0,0,0,21,116,5,22,0.1744231581687927,45,9,1,https://openalex.org/W2112224611
0,0,0,0,0,0,0,0,0.1488878726959228,16,3,1,https://openalex.org/W2008821773
0,0,0,0,4,17,8,17,0.1798757910728454,29,12,1,https://openalex.org/W204664480
0,0,1,2,1,3,11,35,0.1855180263519287,32,15,1,https://openalex.org/W1978314647
0,0,0,0,0,0,0,0,0.1373723745346069,8,3,0,https://openalex.org/W2027067950
0,0,1,2,23,107,2,7,0.209821879863739,41,12,1,https://openalex.org/W2167303868
1,3,3,13,17,60,2,10,0.1917102336883545,36,8,1,https://openalex.org/W4243691294
0,0,0,0,0,0,1,11,0.1518921852111816,31,6,1,https://openalex.org/W1963845285
0,0,0,0,2,5,2,20,0.1633763313293457,43,8,1,https://openalex.org/W2028032172
0,0,0,0,6,28,4,10,0.1825963258743286,39,12,1,https://openalex.org/W2041849891
0,0,0,0,0,0,0,0,0.1721321940422058,27,8,1,https://openalex.org/W2067311076
0,0,0,0,0,0,0,0,0.2306206226348877,7,1,1,https://openalex.org/W2079405682
0,0,0,0,0,0,0,0,0.0468552112579345,2,1,0,https://openalex.org/W2044988706
0,0,0,0,0,0,0,0,0.0874265432357788,4,0,0,https://openalex.org/W2026433267
0,0,0,0,0,0,0,0,0.1024497747421264,2,0,0,https://openalex.org/W2064790936
0,0,0,0,2,4,0,0,0.1744872331619262,4,2,1,https://openalex.org/W2167405038
0,0,0,0,0,0,0,0,0.0721154808998107,4,0,0,https://openalex.org/W2729169974
0,0,0,0,1,3,0,0,0.133647620677948,12,2,1,https://openalex.org/W2086458775
0,0,1,2,21,110,6,18,0.1829458475112915,42,14,1,https://openalex.org/W2131673292
0,0,0,0,0,0,0,0,0.1039600372314453,6,0,0,https://openalex.org/W3123262839
0,0,0,0,22,65,5,11,0.1709317564964294,37,11,1,https://openalex.org/W3124890615
0,0,1,5,0,0,0,0,0.1340731382369995,5,1,0,https://openalex.org/W3138030584
0,0,0,0,0,0,7,37,0.2114530185682956,21,12,1,https://openalex.org/W2006910049
0,0,0,0,0,0,0,0,0.2582772970199585,6,1,1,https://openalex.org/W2020568807
0,0,1,3,0,0,2,9,0.2143415212631225,25,9,1,https://openalex.org/W2035024969
0,0,0,0,13,76,5,12,0.178639531135559,38,12,1,https://openalex.org/W2042688185
0,0,0,0,0,0,0,0,0.0864932537078857,5,1,1,https://openalex.org/W2055600872
0,0,0,0,0,0,0,0,0.3034003973007202,15,2,1,https://openalex.org/W2142281635
0,0,0,0,2,13,0,0,0.2027714252471924,30,4,1,https://openalex.org/W1571988900
0,0,0,0,0,0,0,0,0.2685035257020578,11,2,1,https://openalex.org/W2093406714
1,2,1,2,12,49,8,38,0.1607917547225952,41,14,1,https://openalex.org/W1993896358
0,0,1,8,7,28,13,95,0.1827452864261366,39,12,1,https://openalex.org/W2152739340
0,0,0,0,0,0,0,0,0.2153813242912292,13,0,1,https://openalex.org/W3121870490
0,0,0,0,0,0,8,27,0.2177854180335998,22,9,1,https://openalex.org/W3125632391
0,0,0,0,5,20,8,28,0.2245091795921325,27,11,1,https://openalex.org/W3124957891
0,0,0,0,8,31,4,15,0.1818098425865173,22,10,1,https://openalex.org/W1981480806
0,0,0,0,8,25,0,0,0.2098240852355957,25,5,1,https://openalex.org/W2030378065
0,0,0,0,0,0,0,0,0.1486281752586364,22,3,1,https://openalex.org/W4249539887
0,0,0,0,0,0,0,0,0.1878132820129394,26,3,1,https://openalex.org/W2031794247
0,0,0,0,15,228,9,125,0.117075502872467,43,12,1,https://openalex.org/W2076256957
0,0,0,0,0,0,0,0,0.1096807718276977,4,0,1,https://openalex.org/W3121436747
0,0,0,0,0,0,0,0,0.0731775760650634,1,0,1,https://openalex.org/W2011552505
0,0,0,0,0,0,4,20,0.1508226990699768,43,9,1,https://openalex.org/W2019290646
0,0,0,0,35,296,16,174,0.2121243942631216,60,13,1,https://openalex.org/W2085928539
0,0,0,0,9,63,1,2,0.1669409275054931,20,6,1,https://openalex.org/W1971158511
0,0,0,0,5,39,0,0,0.1238009929656982,48,9,1,https://openalex.org/W1999156472
0,0,0,0,10,49,5,11,0.15369713306427,32,8,1,https://openalex.org/W2113047393
0,0,0,0,3,13,0,0,0.1108700633049011,27,2,1,https://openalex.org/W2097825849
0,0,0,0,7,104,3,10,0.1516657471656799,24,9,1,https://openalex.org/W2030304250
0,0,0,0,2,7,2,6,0.1880582571029663,18,6,1,https://openalex.org/W2016025071
0,0,0,0,0,0,1,2,0.2282767295837402,24,4,1,https://openalex.org/W2029419782
0,0,0,0,4,29,15,66,0.1749486923217773,18,9,1,https://openalex.org/W2050638111
0,0,0,0,0,0,0,0,0.2170441200100532,24,2,1,https://openalex.org/W1963826361
0,0,1,50,13,249,1,2,0.2315325736999511,20,7,1,https://openalex.org/W1963916532
0,0,0,0,5,39,1,18,0.2639278769493103,31,5,1,https://openalex.org/W2069388937
0,0,3,10,23,100,9,22,0.1847932934761047,27,8,1,https://openalex.org/W2093186027
0,0,0,0,0,0,3,6,0.1551159620285034,28,9,1,https://openalex.org/W1983485898
0,0,1,8,0,0,1,2,0.1999320387840271,26,6,1,https://openalex.org/W1974630465
0,0,0,0,11,142,9,65,0.1449660658836364,37,8,1,https://openalex.org/W2074517096
0,0,0,0,3,11,6,28,0.0988932847976684,41,11,1,https://openalex.org/W2048617784
0,0,0,0,2,14,0,0,0.1153118014335632,16,5,1,https://openalex.org/W3122942339
0,0,0,0,1,14,4,8,0.1414771080017089,28,10,1,https://openalex.org/W2054204610
0,0,1,9,24,94,7,22,0.2063975930213928,69,18,1,https://openalex.org/W1550170362
0,0,0,0,16,114,8,20,0.1743474602699279,45,13,1,https://openalex.org/W2055648785
0,0,0,0,0,0,2,5,0.1702410578727722,35,5,1,https://openalex.org/W2002830017
0,0,1,7,4,49,1,6,0.2369871139526367,18,6,1,https://openalex.org/W2063053345
0,0,1,7,0,0,5,35,0.1827487945556641,24,10,1,https://openalex.org/W1971093387
0,0,1,3,12,108,29,283,0.1134556531906128,52,22,1,https://openalex.org/W1973888975
0,0,1,5,123,669,31,177,0.0974887609481811,68,24,1,https://openalex.org/W1986085348
0,0,3,10,14,93,12,113,0.1486391425132751,31,12,1,https://openalex.org/W2058162395
0,0,0,0,11,118,3,10,0.0883530974388122,48,8,1,https://openalex.org/W1982827488
0,0,0,0,5,38,2,5,0.1469994783401489,26,3,1,https://openalex.org/W2030216518
0,0,0,0,0,0,1,4,0.1920278072357177,32,6,1,https://openalex.org/W1996968398
1,2,1,2,30,130,8,23,0.1406071186065673,74,16,1,https://openalex.org/W2018510686
0,0,0,0,27,86,8,28,0.1990128755569458,47,15,1,https://openalex.org/W2162216687
0,0,0,0,0,0,0,0,0.2284358739852905,22,2,1,https://openalex.org/W2019110368
1,8,0,0,39,176,14,44,0.2400814471727155,51,17,1,https://openalex.org/W2054945751
0,0,1,2,0,0,3,8,0.1066946983337402,40,8,1,https://openalex.org/W2016600950
0,0,1,2,34,176,35,119,0.2245123982429504,73,20,1,https://openalex.org/W2011630802
0,0,0,0,40,426,13,68,0.1328598260879516,58,20,1,https://openalex.org/W2141518371
0,0,0,0,7,65,7,36,0.1490375995635986,27,9,1,https://openalex.org/W1984973623
0,0,1,4,17,76,4,14,0.1215337514877319,36,8,1,https://openalex.org/W2027173024
0,0,2,6,30,180,14,38,0.229538083076477,55,18,1,https://openalex.org/W1975867198
0,0,0,0,0,0,0,0,0.1497256159782409,18,3,1,https://openalex.org/W2042137499
1,3,1,3,10,26,7,18,0.1676462292671203,22,11,1,https://openalex.org/W1979869921
0,0,2,6,0,0,22,84,0.1495513916015625,75,20,1,https://openalex.org/W2007371668
0,0,0,0,1,2,0,0,0.2508083581924438,18,3,1,https://openalex.org/W2109121321
0,0,0,0,1,3,2,4,0.157677948474884,39,9,1,https://openalex.org/W2033753105
0,0,0,0,2,5,9,49,0.2271875143051147,31,10,1,https://openalex.org/W2015523441
0,0,0,0,34,400,7,121,0.2207554578781128,43,11,1,https://openalex.org/W1993490752
0,0,0,0,2,9,3,8,0.167818546295166,31,9,1,https://openalex.org/W2087090031
0,0,0,0,13,67,6,16,0.1414180397987365,22,11,1,https://openalex.org/W2093153852
0,0,0,0,4,27,2,6,0.2116002440452575,37,6,1,https://openalex.org/W2091713867
0,0,0,0,0,0,0,0,0.1954680681228637,26,6,1,https://openalex.org/W2074193272
0,0,0,0,0,0,15,80,0.1104036569595336,22,12,1,https://openalex.org/W2024555356
1,15,2,13,59,275,8,144,0.1392738819122314,51,10,1,https://openalex.org/W1983120063
0,0,0,0,1,2,0,0,0.2210173606872558,20,3,1,https://openalex.org/W2042018267
0,0,1,44,7,88,2,7,0.1535771489143371,55,3,1,https://openalex.org/W2015930282
0,0,1,2,6,34,2,4,0.1609223484992981,30,9,1,https://openalex.org/W2035898173
0,0,0,0,5,16,5,13,0.2122295498847961,27,7,1,https://openalex.org/W2056585492
0,0,0,0,1,3,7,200,0.1094311475753784,42,11,1,https://openalex.org/W2038301872
0,0,1,4,2,5,14,69,0.1832888722419738,44,12,1,https://openalex.org/W2000988045
0,0,0,0,2,7,23,113,0.1442910432815551,49,13,1,https://openalex.org/W3122134657
0,0,1,18,16,91,1,2,0.2526345873556992,23,7,1,https://openalex.org/W2126421790
0,0,0,0,0,0,0,0,0.2485173940658569,18,2,1,https://openalex.org/W3122214602
0,0,2,22,4,120,0,0,0.1901251077651977,21,6,1,https://openalex.org/W2077939190
0,0,0,0,5,41,3,14,0.2144919633865356,27,9,1,https://openalex.org/W2055071923
0,0,0,0,11,27,3,13,0.1986237168312072,36,11,1,https://openalex.org/W1968621910
0,0,1,7,11,49,5,22,0.2206568121910095,20,8,1,https://openalex.org/W2041081820
0,0,1,2,3,13,1,3,0.1814266443252563,20,6,1,https://openalex.org/W2089708634
0,0,0,0,6,85,7,42,0.1584575176239013,29,9,1,https://openalex.org/W2021100589
0,0,0,0,0,0,2,10,0.1293431520462036,35,7,1,https://openalex.org/W2073575231
0,0,1,2,6,27,1,2,0.1571798324584961,31,9,1,https://openalex.org/W2120703419
0,0,1,2,5,11,5,17,0.2069484591484069,34,9,1,https://openalex.org/W1991206581
0,0,0,0,15,70,4,23,0.1704847812652588,27,7,1,https://openalex.org/W2039522831
2,8,3,9,25,124,2,11,0.1185236573219299,26,7,1,https://openalex.org/W2159999640
0,0,0,0,2,81,7,48,0.1658202409744262,24,7,1,https://openalex.org/W2066921471
0,0,0,0,9,31,4,10,0.1763428449630737,23,6,1,https://openalex.org/W1573690146
0,0,0,0,1,23,5,19,0.1197742223739624,21,9,1,https://openalex.org/W1984193002
0,0,1,2,24,268,5,14,0.1720234155654907,42,9,1,https://openalex.org/W2043221574
0,0,0,0,5,17,29,126,0.1890609264373779,30,17,1,https://openalex.org/W2016943878
0,0,1,3,7,73,6,35,0.1867414712905884,30,7,1,https://openalex.org/W2080720951
0,0,0,0,0,0,0,0,0.1911957859992981,16,3,1,https://openalex.org/W2083109500
0,0,0,0,18,64,0,0,0.1730244755744934,26,3,1,https://openalex.org/W2168151147
0,0,0,0,0,0,0,0,0.2074214220046997,18,2,1,https://openalex.org/W2132115624
0,0,0,0,3,13,1,12,0.2011928558349609,31,3,1,https://openalex.org/W1978998773
0,0,0,0,9,27,1,5,0.1232023239135742,38,8,1,https://openalex.org/W2095464255
0,0,0,0,0,0,0,0,0.0458970665931701,2,0,0,https://openalex.org/W2027285358
1,5,1,2,72,429,20,108,0.1408898830413818,54,20,1,https://openalex.org/W2087824451
0,0,0,0,7,176,25,121,0.1228986382484436,54,14,1,https://openalex.org/W2131379682
0,0,0,0,0,0,0,0,0.1133232116699218,3,1,0,https://openalex.org/W2066051901
1,2,1,2,10,29,1,2,0.2047872543334961,23,4,1,https://openalex.org/W2007369634
0,0,0,0,27,155,8,21,0.1069680452346801,44,10,1,https://openalex.org/W2054938187
0,0,0,0,0,0,1,2,0.1360452771186828,12,2,1,https://openalex.org/W2021708759
0,0,0,0,3,24,14,130,0.1549968719482422,23,10,1,https://openalex.org/W2088088672
0,0,0,0,1,6,4,18,0.2094419598579406,32,9,1,https://openalex.org/W2169681274
0,0,0,0,0,0,4,15,0.1975895762443542,25,13,1,https://openalex.org/W2137839838
0,0,0,0,4,33,3,13,0.1490342617034912,41,7,1,https://openalex.org/W2032491356
0,0,0,0,1,103,0,0,0.1804969906806945,33,1,1,https://openalex.org/W2090070925
0,0,0,0,3,13,0,0,0.1899853944778442,19,5,1,https://openalex.org/W2018566353
0,0,0,0,1,9,0,0,0.1543419361114502,31,4,1,https://openalex.org/W2005400451
1,2,3,19,1,2,4,18,0.2522712349891662,46,12,1,https://openalex.org/W2014904421
0,0,1,8,0,0,12,67,0.2269904613494873,42,13,1,https://openalex.org/W2087215265
0,0,0,0,3,11,0,0,0.1260814893632411,23,7,1,https://openalex.org/W2020972990
0,0,1,10,33,122,5,12,0.1541984677314758,38,11,1,https://openalex.org/W3125727578
0,0,0,0,0,0,0,0,0.1988522612664704,18,5,1,https://openalex.org/W2134046744
0,0,1,2,0,0,46,185,0.131426453590393,34,15,1,https://openalex.org/W2014072902
0,0,0,0,15,282,8,30,0.1737648248672485,45,11,1,https://openalex.org/W1985723194
0,0,1,17,18,96,11,56,0.1693179607391357,27,12,1,https://openalex.org/W1995698309
0,0,1,2,9,33,9,23,0.0591955184936523,62,21,1,https://openalex.org/W4235920087
0,0,0,0,3,8,0,0,0.204122245311737,16,5,1,https://openalex.org/W2051949659
0,0,0,0,0,0,0,0,0.1826136708259582,21,3,1,https://openalex.org/W2020832752
0,0,0,0,3,14,0,0,0.2346971035003662,25,8,1,https://openalex.org/W2140647031
0,0,0,0,15,57,12,40,0.1177048087120056,43,15,1,https://openalex.org/W2030919805
0,0,0,0,6,17,4,14,0.1105260848999023,58,11,1,https://openalex.org/W2086894540
0,0,0,0,7,17,1,7,0.1757131814956665,25,6,1,https://openalex.org/W2052117246
0,0,2,15,26,103,12,77,0.1234676241874694,56,26,1,https://openalex.org/W2104253553
0,0,1,4,46,259,14,49,0.2747990890911795,52,20,1,https://openalex.org/W2022135434
0,0,0,0,10,52,9,32,0.110952615737915,41,15,1,https://openalex.org/W2049859134
0,0,0,0,0,0,0,0,0.1440231204032898,24,3,1,https://openalex.org/W2061428638
0,0,0,0,2,8,6,18,0.1990504264831543,22,10,1,https://openalex.org/W1974910739
0,0,0,0,0,0,0,0,0.1854342222213745,20,2,1,https://openalex.org/W2067932577
