work_id,n_authors,n_affiliations,n_countries,countries,is_international
https://openalex.org/W1031027174,2,2,1,HK,0
https://openalex.org/W1135991709,1,1,0,,0
https://openalex.org/W129932795,3,3,0,,0
https://openalex.org/W140545373,2,2,2,"MO,US",1
https://openalex.org/W144734855,1,1,0,,0
https://openalex.org/W1483359549,2,2,2,"FR,US",1
https://openalex.org/W1488544227,2,2,1,GB,0
https://openalex.org/W1492740679,2,2,1,DK,0
https://openalex.org/W1496983530,2,2,1,GB,0
https://openalex.org/W1503351667,1,1,0,,0
https://openalex.org/W1503686863,3,3,1,US,0
https://openalex.org/W1503730632,1,1,0,,0
https://openalex.org/W1505159369,1,1,0,,0
https://openalex.org/W1506705325,2,2,1,US,0
https://openalex.org/W1506886164,3,3,1,SE,0
https://openalex.org/W1507282707,1,1,0,,0
https://openalex.org/W1509383477,3,4,1,US,0
https://openalex.org/W1513939923,3,4,2,"GB,US",1
https://openalex.org/W1514728422,2,2,1,IT,0
https://openalex.org/W1526405173,3,3,1,TR,0
https://openalex.org/W1539242837,1,2,0,,0
https://openalex.org/W1543348012,2,2,2,"AU,US",1
https://openalex.org/W1550066983,2,3,1,US,0
https://openalex.org/W1550170362,1,1,0,,0
https://openalex.org/W1550223648,3,3,2,"HK,SG",1
https://openalex.org/W1551301273,2,3,1,US,0
https://openalex.org/W1556442971,3,3,1,US,0
https://openalex.org/W1564484465,3,3,2,"GB,IN",1
https://openalex.org/W1564825352,4,4,3,"GB,IL,SE",1
https://openalex.org/W1565064111,3,3,1,MY,0
https://openalex.org/W1567889462,1,1,0,,0
https://openalex.org/W1571988900,3,4,1,US,0
https://openalex.org/W1572466188,1,1,0,,0
https://openalex.org/W1573690146,2,2,1,IT,0
https://openalex.org/W1578672048,6,6,1,US,0
https://openalex.org/W1585106175,3,3,1,US,0
https://openalex.org/W1585309240,1,1,0,,0
https://openalex.org/W1586840112,2,2,1,CH,0
https://openalex.org/W1596448420,3,3,1,US,0
https://openalex.org/W1598161593,2,2,1,NL,0
https://openalex.org/W1689364829,4,4,1,US,0
https://openalex.org/W1706535000,3,3,2,"DE,GB",1
https://openalex.org/W1885319801,1,1,0,,0
https://openalex.org/W1897824899,2,2,0,,0
https://openalex.org/W1912045628,2,2,1,AU,0
https://openalex.org/W1940525558,1,1,0,,0
https://openalex.org/W1963737321,1,1,0,,0
https://openalex.org/W1963826361,1,1,0,,0
https://openalex.org/W1963845285,2,2,1,GB,0
https://openalex.org/W1963916532,2,2,1,NL,0
https://openalex.org/W1964158959,1,1,0,,0
https://openalex.org/W1964159391,2,2,1,US,0
https://openalex.org/W1964180347,3,3,0,,0
https://openalex.org/W1964224747,4,5,2,"AU,NZ",1
https://openalex.org/W1964475137,1,1,0,,0
https://openalex.org/W1964573123,2,2,0,,0
https://openalex.org/W1964738124,1,1,0,,0
https://openalex.org/W1964873082,2,2,1,US,0
https://openalex.org/W1965190884,1,1,0,,0
https://openalex.org/W1965191954,2,2,1,IL,0
https://openalex.org/W1965195202,1,1,0,,0
https://openalex.org/W1965621063,2,2,1,US,0
https://openalex.org/W1966088424,2,2,0,,0
https://openalex.org/W1966089542,1,1,0,,0
https://openalex.org/W1966250951,2,2,1,AU,0
https://openalex.org/W1966646125,1,1,0,,0
https://openalex.org/W1966739934,1,1,0,,0
https://openalex.org/W1966912557,1,1,0,,0
https://openalex.org/W1967132626,2,2,1,US,0
https://openalex.org/W1967236000,3,3,1,US,0
https://openalex.org/W1967807928,1,1,0,,0
https://openalex.org/W1968345031,2,2,2,"GB,US",1
https://openalex.org/W1968417413,1,1,0,,0
https://openalex.org/W1968621910,4,7,1,GR,0
https://openalex.org/W1968689099,3,3,1,US,0
https://openalex.org/W1968781602,3,3,1,BR,0
https://openalex.org/W1969230246,4,4,1,GB,0
https://openalex.org/W1969486077,1,1,0,,0
https://openalex.org/W1969668298,3,3,1,NO,0
https://openalex.org/W1969755321,1,1,0,,0
https://openalex.org/W1969975653,3,3,1,GB,0
https://openalex.org/W1970914875,1,1,0,,0
https://openalex.org/W1970992662,1,1,0,,0
https://openalex.org/W1971093387,2,2,0,,0
https://openalex.org/W1971158511,2,2,1,DE,0
https://openalex.org/W1971336652,3,3,1,GB,0
https://openalex.org/W1971487493,1,1,0,,0
https://openalex.org/W1971502455,2,2,1,TH,0
https://openalex.org/W1971727000,3,4,2,"AU,US",1
https://openalex.org/W1971851075,1,1,0,,0
https://openalex.org/W1971863078,3,3,1,HK,0
https://openalex.org/W1972165684,1,1,0,,0
https://openalex.org/W1972168343,1,1,0,,0
https://openalex.org/W1972778100,2,3,1,FR,0
https://openalex.org/W1973047640,3,3,0,,0
https://openalex.org/W1973101971,1,1,0,,0
https://openalex.org/W1973106778,1,1,0,,0
https://openalex.org/W1973216346,1,1,0,,0
https://openalex.org/W1973447978,1,1,0,,0
https://openalex.org/W1973476812,3,3,2,"FR,US",1
https://openalex.org/W1973714833,2,2,1,GB,0
https://openalex.org/W1973888975,9,10,1,SE,0
https://openalex.org/W1974103539,2,2,1,US,0
https://openalex.org/W1974137683,1,1,0,,0
https://openalex.org/W1974153919,2,2,0,,0
https://openalex.org/W1974630465,2,2,0,,0
https://openalex.org/W1974807528,3,3,2,"GB,US",1
https://openalex.org/W1974808640,4,4,1,GB,0
https://openalex.org/W1974898994,3,3,1,MY,0
https://openalex.org/W1974910739,10,22,2,"CN,US",1
https://openalex.org/W1975060876,3,3,1,CY,0
https://openalex.org/W1975070776,3,3,0,,0
https://openalex.org/W1975499808,2,2,0,,0
https://openalex.org/W1975786683,2,2,1,GB,0
https://openalex.org/W1975867198,3,3,1,US,0
https://openalex.org/W1976155241,3,3,3,"DK,IT,MX",1
https://openalex.org/W1976263950,1,1,0,,0
https://openalex.org/W1976434954,1,1,0,,0
https://openalex.org/W1976867512,3,3,1,US,0
https://openalex.org/W1977121870,2,3,2,"GB,US",1
https://openalex.org/W1977161640,2,2,1,US,0
https://openalex.org/W1977553010,1,1,0,,0
https://openalex.org/W1977607860,2,2,1,US,0
https://openalex.org/W1977608529,3,3,1,HK,0
https://openalex.org/W1977796226,3,3,1,US,0
https://openalex.org/W1977971719,2,2,1,AU,0
https://openalex.org/W1978075503,1,1,0,,0
https://openalex.org/W1978089362,2,2,1,BR,0
https://openalex.org/W1978314647,1,1,0,,0
https://openalex.org/W1978944460,1,1,0,,0
https://openalex.org/W1978998773,3,3,1,GB,0
https://openalex.org/W1979105701,1,1,0,,0
https://openalex.org/W1979181096,2,2,1,GB,0
https://openalex.org/W1979509100,3,3,1,US,0
https://openalex.org/W1979691230,1,1,0,,0
https://openalex.org/W1979869921,1,1,0,,0
https://openalex.org/W1979883225,2,2,1,JP,0
https://openalex.org/W1980029563,1,1,0,,0
https://openalex.org/W1980360850,3,3,1,CA,0
https://openalex.org/W1980850924,1,1,0,,0
https://openalex.org/W1981020606,1,1,0,,0
https://openalex.org/W1981122804,1,1,0,,0
https://openalex.org/W1981318802,2,2,2,"GB,GR",1
https://openalex.org/W1981480806,1,1,0,,0
https://openalex.org/W1981647117,3,3,1,CA,0
https://openalex.org/W1981765810,1,1,0,,0
https://openalex.org/W1981809662,2,2,1,US,0
https://openalex.org/W1981859409,1,1,0,,0
https://openalex.org/W1981907545,2,2,1,GB,0
https://openalex.org/W1982083452,2,2,1,SE,0
https://openalex.org/W1982436122,1,1,0,,0
https://openalex.org/W1982730217,3,3,1,BE,0
https://openalex.org/W1982827488,1,2,0,,0
https://openalex.org/W1982931417,2,2,1,US,0
https://openalex.org/W1983065474,1,1,0,,0
https://openalex.org/W1983120063,2,2,1,ES,0
https://openalex.org/W1983156306,1,1,0,,0
https://openalex.org/W1983307867,2,2,1,US,0
https://openalex.org/W1983485898,2,2,2,"CA,US",1
https://openalex.org/W1983525457,1,1,0,,0
https://openalex.org/W1983652531,3,3,1,GB,0
https://openalex.org/W1983662093,2,2,1,SG,0
https://openalex.org/W1983742908,1,1,0,,0
https://openalex.org/W1983751909,2,2,1,US,0
https://openalex.org/W1984191671,4,5,1,FR,0
https://openalex.org/W1984193002,1,1,0,,0
https://openalex.org/W1984202217,2,2,1,DK,0
https://openalex.org/W1984393002,2,2,0,,0
https://openalex.org/W1984973623,2,2,2,"GB,HK",1
https://openalex.org/W1984980438,1,1,0,,0
https://openalex.org/W1985006600,3,3,1,US,0
https://openalex.org/W1985040102,2,2,0,,0
https://openalex.org/W1985166487,2,2,1,US,0
https://openalex.org/W1985435153,3,3,1,TW,0
https://openalex.org/W1985723194,2,2,1,TW,0
https://openalex.org/W1985849789,1,1,0,,0
https://openalex.org/W1986085348,2,3,1,AU,0
https://openalex.org/W1986137885,2,2,0,,0
https://openalex.org/W1986343471,4,6,2,"GB,NL",1
https://openalex.org/W1986486304,2,2,1,BD,0
https://openalex.org/W1986530653,2,4,1,KW,0
https://openalex.org/W1986651982,1,1,0,,0
https://openalex.org/W1986772231,1,1,0,,0
https://openalex.org/W1986826440,3,3,1,GB,0
https://openalex.org/W1987351450,2,2,2,"GB,US",1
https://openalex.org/W1987520435,1,1,0,,0
https://openalex.org/W1988162817,1,1,0,,0
https://openalex.org/W1988535707,1,1,0,,0
https://openalex.org/W1988659993,4,4,2,"KR,US",1
https://openalex.org/W1988722869,2,2,0,,0
https://openalex.org/W1988985907,1,1,0,,0
https://openalex.org/W1989029211,2,2,1,GB,0
https://openalex.org/W1989119304,2,2,1,US,0
https://openalex.org/W1989145840,3,3,2,"GB,US",1
https://openalex.org/W1989261242,2,2,1,US,0
https://openalex.org/W1989380748,1,1,0,,0
https://openalex.org/W1989530016,2,2,1,US,0
https://openalex.org/W1989688297,2,2,1,AU,0
https://openalex.org/W1989813373,3,3,1,GR,0
https://openalex.org/W1989827685,2,2,1,US,0
https://openalex.org/W1989937739,1,1,0,,0
https://openalex.org/W1989982209,1,1,0,,0
https://openalex.org/W1989992963,1,1,0,,0
https://openalex.org/W1990180703,3,3,0,,0
https://openalex.org/W1990952944,3,3,1,US,0
https://openalex.org/W1991034995,1,1,0,,0
https://openalex.org/W1991155768,4,7,1,PT,0
https://openalex.org/W1991206581,2,2,1,US,0
https://openalex.org/W1991235945,1,1,0,,0
https://openalex.org/W1992322758,2,3,1,US,0
https://openalex.org/W1992364355,2,2,2,"SG,US",1
https://openalex.org/W1992546510,4,4,1,US,0
https://openalex.org/W1992800713,1,1,0,,0
https://openalex.org/W1992802127,1,1,0,,0
https://openalex.org/W1992850277,1,1,0,,0
https://openalex.org/W1992962428,1,1,0,,0
https://openalex.org/W1993064575,3,3,1,GB,0
https://openalex.org/W1993099107,2,2,1,FR,0
https://openalex.org/W1993253840,1,1,0,,0
https://openalex.org/W1993490752,1,1,0,,0
https://openalex.org/W1993610432,1,2,0,,0
https://openalex.org/W1993670904,1,1,0,,0
https://openalex.org/W1993896358,2,2,1,TW,0
https://openalex.org/W1994026632,1,1,0,,0
https://openalex.org/W1994736273,2,2,1,US,0
https://openalex.org/W1995265353,2,2,1,DE,0
https://openalex.org/W1995345115,2,2,1,US,0
https://openalex.org/W1995698309,4,5,3,"GR,JP,SE",1
https://openalex.org/W1995937795,3,3,1,GB,0
https://openalex.org/W1996055275,3,3,2,"BD,US",1
https://openalex.org/W1996122899,1,1,0,,0
https://openalex.org/W1996154545,3,3,0,,0
https://openalex.org/W1996345633,1,1,0,,0
https://openalex.org/W1996594848,2,2,0,,0
https://openalex.org/W1996968398,2,2,1,GB,0
https://openalex.org/W1997406536,3,3,1,JP,0
https://openalex.org/W1997451858,2,2,1,CA,0
https://openalex.org/W1997837316,1,1,0,,0
https://openalex.org/W1998306296,3,3,0,,0
https://openalex.org/W1998452844,3,3,2,"JP,US",1
https://openalex.org/W1998485346,2,2,1,GB,0
https://openalex.org/W1998974421,5,5,1,CA,0
https://openalex.org/W1999156472,1,1,0,,0
https://openalex.org/W1999236033,1,1,0,,0
https://openalex.org/W1999351954,1,1,0,,0
https://openalex.org/W1999423104,2,2,0,,0
https://openalex.org/W1999611975,2,2,1,GB,0
https://openalex.org/W1999918296,6,6,1,AU,0
https://openalex.org/W1999978037,1,1,0,,0
https://openalex.org/W2000007158,3,5,1,US,0
https://openalex.org/W2000304767,1,1,0,,0
https://openalex.org/W2000790460,1,1,0,,0
https://openalex.org/W2000988045,3,4,1,US,0
https://openalex.org/W2001178637,3,3,1,GB,0
https://openalex.org/W2001700983,5,5,2,"CN,US",1
https://openalex.org/W2001972652,3,3,1,CA,0
https://openalex.org/W2002184275,2,2,0,,0
https://openalex.org/W2002354613,3,3,1,US,0
https://openalex.org/W2002625974,2,2,1,US,0
https://openalex.org/W2002815385,7,8,1,JP,0
https://openalex.org/W2002830017,1,1,0,,0
https://openalex.org/W2003106539,1,1,0,,0
https://openalex.org/W2003304478,2,2,1,US,0
https://openalex.org/W2003721182,3,3,1,GB,0
https://openalex.org/W2003845634,2,2,1,ES,0
https://openalex.org/W2003848706,5,5,1,NL,0
https://openalex.org/W2004176742,4,4,1,NL,0
https://openalex.org/W2004396818,2,2,1,DE,0
https://openalex.org/W2004679331,2,2,2,"DE,GB",1
https://openalex.org/W2004738544,1,1,0,,0
https://openalex.org/W2005048491,1,1,0,,0
https://openalex.org/W2005400451,3,3,1,GB,0
https://openalex.org/W2005442560,3,3,1,US,0
https://openalex.org/W2005574000,4,4,0,,0
https://openalex.org/W2005873774,1,1,0,,0
https://openalex.org/W2005899642,2,2,1,GB,0
https://openalex.org/W2005935111,3,3,2,"GB,NL",1
https://openalex.org/W2006127633,2,2,1,GB,0
https://openalex.org/W2006452777,1,1,0,,0
https://openalex.org/W2006480875,2,2,1,AU,0
https://openalex.org/W2006593106,3,3,2,"CA,TR",1
https://openalex.org/W2006910049,4,4,1,CN,0
https://openalex.org/W2006935917,1,1,0,,0
https://openalex.org/W2007179788,3,3,0,,0
https://openalex.org/W2007250918,6,6,1,JP,0
https://openalex.org/W2007315501,2,2,1,ES,0
https://openalex.org/W2007369634,3,3,1,NZ,0
https://openalex.org/W2007371668,6,6,0,,0
https://openalex.org/W2007834724,1,1,0,,0
https://openalex.org/W2007840221,2,2,1,US,0
https://openalex.org/W2008140108,2,2,1,AU,0
https://openalex.org/W2008466749,2,2,1,NZ,0
https://openalex.org/W2008597509,3,3,1,CA,0
https://openalex.org/W2008722128,3,3,0,,0
https://openalex.org/W2008821773,1,1,0,,0
https://openalex.org/W2008945761,3,3,1,SE,0
https://openalex.org/W2009395723,4,4,1,GB,0
https://openalex.org/W2009477321,1,2,0,,0
https://openalex.org/W2009494252,4,4,2,"FI,US",1
https://openalex.org/W2010314968,1,1,0,,0
https://openalex.org/W2010394877,2,2,1,NL,0
https://openalex.org/W2010531284,2,2,0,,0
https://openalex.org/W2010757092,1,1,0,,0
https://openalex.org/W2011280072,3,3,1,MY,0
https://openalex.org/W2011552505,4,4,0,,0
https://openalex.org/W2011630802,5,5,1,US,0
https://openalex.org/W2011997318,5,10,1,GB,0
https://openalex.org/W2012144860,1,1,0,,0
https://openalex.org/W2012409913,2,2,1,CA,0
https://openalex.org/W2012481389,3,3,0,,0
https://openalex.org/W2012641188,1,1,0,,0
https://openalex.org/W2012887899,3,3,1,GB,0
https://openalex.org/W2012923286,4,4,1,US,0
https://openalex.org/W2013258528,3,3,1,TW,0
https://openalex.org/W2013373262,4,4,1,GB,0
https://openalex.org/W2013974186,2,2,1,GB,0
https://openalex.org/W2014072902,1,1,0,,0
https://openalex.org/W2014205887,2,2,1,US,0
https://openalex.org/W2014259908,2,2,1,US,0
https://openalex.org/W2014571352,2,2,0,,0
https://openalex.org/W2014859254,4,4,0,,0
https://openalex.org/W2014904421,1,1,0,,0
https://openalex.org/W2015155205,2,2,2,"AE,GB",1
https://openalex.org/W2015418269,3,3,1,US,0
https://openalex.org/W2015467698,2,2,0,,0
https://openalex.org/W2015523441,2,2,1,CL,0
https://openalex.org/W2015524895,1,1,0,,0
https://openalex.org/W2015791165,2,2,2,"ES,GR",1
https://openalex.org/W2015830556,1,1,0,,0
https://openalex.org/W2015921288,1,1,0,,0
https://openalex.org/W2015930282,3,3,1,IT,0
https://openalex.org/W2016025071,2,2,1,JP,0
https://openalex.org/W2016334639,1,1,0,,0
https://openalex.org/W2016425193,3,3,1,US,0
https://openalex.org/W2016600950,2,2,2,"MX,US",1
https://openalex.org/W2016748626,3,3,1,AU,0
https://openalex.org/W2016812032,2,2,1,NZ,0
https://openalex.org/W2016918048,1,1,0,,0
https://openalex.org/W2016943878,4,4,1,DE,0
https://openalex.org/W2017111781,1,1,0,,0
https://openalex.org/W2017189459,1,1,0,,0
https://openalex.org/W2017231613,2,2,1,US,0
https://openalex.org/W2017561804,1,1,0,,0
https://openalex.org/W2017591043,2,2,1,GB,0
https://openalex.org/W2017812289,3,3,0,,0
https://openalex.org/W2017898402,2,2,1,NZ,0
https://openalex.org/W2018093930,3,3,1,US,0
https://openalex.org/W2018146176,2,2,1,GB,0
https://openalex.org/W2018228546,2,4,1,US,0
https://openalex.org/W2018510686,1,1,0,,0
https://openalex.org/W2018566353,2,2,2,"CN,HK",1
https://openalex.org/W2018714410,2,2,1,IN,0
https://openalex.org/W2018894622,3,3,1,MY,0
https://openalex.org/W2018941575,2,8,1,US,0
https://openalex.org/W2018964643,3,3,1,NO,0
https://openalex.org/W2019021125,3,3,1,US,0
https://openalex.org/W2019030615,1,1,0,,0
https://openalex.org/W2019033019,2,2,1,US,0
https://openalex.org/W2019065230,3,3,2,"CA,US",1
https://openalex.org/W2019110368,2,2,1,US,0
https://openalex.org/W2019290646,3,3,1,SI,0
https://openalex.org/W2019502828,1,1,0,,0
https://openalex.org/W2019547856,3,3,1,GB,0
https://openalex.org/W2019875674,8,8,3,"JP,KR,TW",1
https://openalex.org/W202013815,6,8,1,GB,0
https://openalex.org/W2020276231,4,4,1,IR,0
https://openalex.org/W2020378472,2,2,1,GB,0
https://openalex.org/W2020568807,1,1,0,,0
https://openalex.org/W2020639080,1,1,0,,0
https://openalex.org/W2020716061,3,3,1,GB,0
https://openalex.org/W2020832752,3,3,1,GB,0
https://openalex.org/W2020972990,3,3,1,ES,0
https://openalex.org/W2021029108,4,4,1,US,0
https://openalex.org/W2021088789,6,6,1,US,0
https://openalex.org/W2021100589,1,1,0,,0
https://openalex.org/W2021257839,3,3,1,TW,0
https://openalex.org/W2021633957,3,3,1,CA,0
https://openalex.org/W2021708759,4,4,1,GB,0
https://openalex.org/W2021735092,1,1,0,,0
https://openalex.org/W2021786667,2,2,2,"CY,GB",1
https://openalex.org/W2021870649,2,2,1,BE,0
https://openalex.org/W2021890366,1,1,0,,0
https://openalex.org/W2021915987,1,1,0,,0
https://openalex.org/W2021976509,1,1,0,,0
https://openalex.org/W2022089439,1,1,0,,0
https://openalex.org/W2022105286,3,3,1,GB,0
https://openalex.org/W2022135434,4,4,1,US,0
https://openalex.org/W2022641898,1,1,0,,0
https://openalex.org/W2022843197,2,3,2,"AR,GB",1
https://openalex.org/W2023209771,2,2,1,US,0
https://openalex.org/W2023271168,1,3,0,,0
https://openalex.org/W2023304471,3,3,1,CA,0
https://openalex.org/W2023344007,1,1,0,,0
https://openalex.org/W2023535707,1,1,0,,0
https://openalex.org/W2023546470,2,2,2,"NC,US",1
https://openalex.org/W2023776807,3,3,1,GB,0
https://openalex.org/W2023893798,2,2,0,,0
https://openalex.org/W2023893896,2,2,2,"GB,HK",1
https://openalex.org/W2024106679,2,2,2,"ES,LU",1
https://openalex.org/W2024133353,3,3,1,US,0
https://openalex.org/W2024292136,2,2,1,NL,0
https://openalex.org/W2024379693,1,1,0,,0
https://openalex.org/W2024547730,2,2,0,,0
https://openalex.org/W2024555356,1,1,0,,0
https://openalex.org/W2024752791,1,1,0,,0
https://openalex.org/W2024883828,4,4,1,US,0
https://openalex.org/W2024994570,3,3,2,"DE,LV",1
https://openalex.org/W2025656436,1,1,0,,0
https://openalex.org/W2025998415,4,5,2,"AU,US",1
https://openalex.org/W2026106181,1,1,0,,0
https://openalex.org/W2026202047,2,3,1,US,0
https://openalex.org/W2026251212,3,3,1,GB,0
https://openalex.org/W2026433267,1,1,0,,0
https://openalex.org/W2026452802,3,3,1,HK,0
https://openalex.org/W2026737697,2,2,2,"RU,US",1
https://openalex.org/W2026844793,1,1,0,,0
https://openalex.org/W2027046536,1,1,0,,0
https://openalex.org/W2027067950,2,2,1,GB,0
https://openalex.org/W2027173024,3,3,1,CN,0
https://openalex.org/W2027247249,3,3,1,ES,0
https://openalex.org/W2027283310,4,4,1,US,0
https://openalex.org/W2027285358,1,1,0,,0
https://openalex.org/W2027315537,1,1,0,,0
https://openalex.org/W2027381045,2,2,1,US,0
https://openalex.org/W2027427689,1,2,0,,0
https://openalex.org/W2027560268,1,2,0,,0
https://openalex.org/W2027662776,1,1,0,,0
https://openalex.org/W2027670255,3,3,1,DE,0
https://openalex.org/W2027678432,2,2,1,GB,0
https://openalex.org/W2027724772,2,2,1,JP,0
https://openalex.org/W2027763490,3,3,1,LT,0
https://openalex.org/W2027778440,2,2,1,SG,0
https://openalex.org/W2028032172,2,2,1,GB,0
https://openalex.org/W2028273239,2,2,0,,0
https://openalex.org/W2028582297,5,5,2,"CA,NL",1
https://openalex.org/W2028591529,1,1,0,,0
https://openalex.org/W2028668136,2,2,1,US,0
https://openalex.org/W2028698029,1,1,0,,0
https://openalex.org/W2028830522,1,1,0,,0
https://openalex.org/W2029070948,1,1,0,,0
https://openalex.org/W2029254732,2,2,0,,0
https://openalex.org/W2029268468,2,2,1,US,0
https://openalex.org/W2029273451,1,1,0,,0
https://openalex.org/W2029419782,2,2,1,US,0
https://openalex.org/W2029723662,1,1,0,,0
https://openalex.org/W2029790719,3,3,1,GR,0
https://openalex.org/W2029876126,2,2,1,US,0
https://openalex.org/W2030026648,2,2,1,TW,0
https://openalex.org/W2030216518,1,1,0,,0
https://openalex.org/W2030260123,1,1,0,,0
https://openalex.org/W2030304250,2,3,1,SE,0
https://openalex.org/W2030378065,1,1,0,,0
https://openalex.org/W2030479753,4,4,2,"CA,US",1
https://openalex.org/W2030598890,1,1,0,,0
https://openalex.org/W2030784883,3,3,1,US,0
https://openalex.org/W2030919805,2,2,2,"OM,US",1
https://openalex.org/W2030939153,2,2,1,GB,0
https://openalex.org/W2030984584,5,5,1,US,0
https://openalex.org/W2031053668,1,1,0,,0
https://openalex.org/W2031136057,3,3,1,GB,0
https://openalex.org/W2031794247,1,1,0,,0
https://openalex.org/W2031819601,2,2,1,US,0
https://openalex.org/W2032069446,1,1,0,,0
https://openalex.org/W2032162592,2,2,1,US,0
https://openalex.org/W2032283747,2,2,1,NL,0
https://openalex.org/W2032322275,1,1,0,,0
https://openalex.org/W2032413095,1,1,0,,0
https://openalex.org/W2032457058,2,3,2,"ES,GB",1
https://openalex.org/W2032491356,2,2,1,SG,0
https://openalex.org/W2032503973,3,3,0,,0
https://openalex.org/W2032808143,1,1,0,,0
https://openalex.org/W2032993088,3,3,0,,0
https://openalex.org/W2033405919,3,3,1,AU,0
https://openalex.org/W2033410662,2,2,1,AU,0
https://openalex.org/W2033753105,1,1,0,,0
https://openalex.org/W2033876580,2,2,1,US,0
https://openalex.org/W2033961929,1,2,0,,0
https://openalex.org/W2034118257,3,3,0,,0
https://openalex.org/W2034251512,1,1,0,,0
https://openalex.org/W2034371283,1,1,0,,0
https://openalex.org/W2034463196,4,5,1,US,0
https://openalex.org/W2034626750,2,2,1,TH,0
https://openalex.org/W2034721589,1,1,0,,0
https://openalex.org/W2034803686,1,1,0,,0
https://openalex.org/W2034979875,3,3,1,CA,0
https://openalex.org/W2035024969,3,3,2,"AU,US",1
https://openalex.org/W2035589981,2,2,1,GB,0
https://openalex.org/W2035705228,3,3,1,BR,0
https://openalex.org/W2035761240,2,3,2,"CH,US",1
https://openalex.org/W2035864837,2,2,1,GB,0
https://openalex.org/W2035865062,3,3,1,US,0
https://openalex.org/W2035898173,3,3,1,HK,0
https://openalex.org/W2035964399,5,5,1,US,0
https://openalex.org/W2036157608,2,2,1,GB,0
https://openalex.org/W2036294346,1,1,0,,0
https://openalex.org/W2036574857,1,1,0,,0
https://openalex.org/W2036713420,3,3,2,"CA,US",1
https://openalex.org/W2036859456,1,2,0,,0
https://openalex.org/W2036890377,3,6,1,US,0
https://openalex.org/W2036962868,2,2,1,HK,0
https://openalex.org/W2037569754,2,2,1,US,0
https://openalex.org/W2038301872,3,3,0,,0
https://openalex.org/W2038360839,1,1,0,,0
https://openalex.org/W2038466374,3,3,0,,0
https://openalex.org/W2038682926,1,1,0,,0
https://openalex.org/W2038775110,2,2,1,CH,0
https://openalex.org/W2038812690,2,2,1,KR,0
https://openalex.org/W2039175801,1,1,0,,0
https://openalex.org/W2039509301,2,2,1,AU,0
https://openalex.org/W2039522831,2,2,2,"NL,UA",1
https://openalex.org/W2039584324,2,2,2,"KR,US",1
https://openalex.org/W2039603945,1,1,0,,0
https://openalex.org/W2040536578,2,2,0,,0
https://openalex.org/W2041031855,2,2,0,,0
https://openalex.org/W2041081820,3,3,1,FI,0
https://openalex.org/W2041340562,3,3,1,FR,0
https://openalex.org/W2041808416,1,1,0,,0
https://openalex.org/W2041849891,2,2,0,,0
https://openalex.org/W2041928567,2,3,1,US,0
https://openalex.org/W2041960960,1,1,0,,0
https://openalex.org/W2042018267,3,3,1,IT,0
https://openalex.org/W2042022505,2,3,2,"FI,NO",1
https://openalex.org/W2042052086,2,2,0,,0
https://openalex.org/W2042137499,2,2,1,US,0
https://openalex.org/W2042145384,2,2,2,"BH,GB",1
https://openalex.org/W2042523366,1,1,0,,0
https://openalex.org/W2042688185,2,2,1,US,0
https://openalex.org/W2042822836,3,3,1,US,0
https://openalex.org/W2042944432,1,1,0,,0
https://openalex.org/W2043004752,1,1,0,,0
https://openalex.org/W2043024975,2,2,1,GB,0
https://openalex.org/W2043197022,2,2,1,US,0
https://openalex.org/W2043221574,1,2,0,,0
https://openalex.org/W2043277293,1,1,0,,0
https://openalex.org/W2043298609,3,3,1,US,0
https://openalex.org/W2043519394,1,1,0,,0
https://openalex.org/W2043658412,4,4,1,CA,0
https://openalex.org/W2044155759,4,4,1,MY,0
https://openalex.org/W2044262647,2,2,1,GB,0
https://openalex.org/W2044772150,1,1,0,,0
https://openalex.org/W2044936554,2,2,1,US,0
https://openalex.org/W2044988706,1,1,0,,0
https://openalex.org/W2045062198,2,2,1,US,0
https://openalex.org/W2045193940,3,3,2,"GB,MY",1
https://openalex.org/W2045489554,4,4,1,GB,0
https://openalex.org/W2046106355,1,1,0,,0
https://openalex.org/W2046420906,1,1,0,,0
https://openalex.org/W204664480,1,1,0,,0
https://openalex.org/W2047173108,4,4,0,,0
https://openalex.org/W2047250605,1,1,0,,0
https://openalex.org/W2047302191,3,3,1,US,0
https://openalex.org/W2047362956,1,1,0,,0
https://openalex.org/W2047463497,2,2,1,GB,0
https://openalex.org/W2047548772,2,2,1,US,0
https://openalex.org/W2047603483,3,4,2,"CN,US",1
https://openalex.org/W2047834259,3,3,2,"ES,GB",1
https://openalex.org/W2047882353,1,1,0,,0
https://openalex.org/W2048016588,3,3,1,US,0
https://openalex.org/W2048321637,1,1,0,,0
https://openalex.org/W2048416691,4,4,2,"IL,US",1
https://openalex.org/W2048441002,2,2,0,,0
https://openalex.org/W2048550985,3,3,1,GB,0
https://openalex.org/W2048581710,2,2,1,GB,0
https://openalex.org/W2048612771,5,5,1,FR,0
https://openalex.org/W2048617784,1,2,0,,0
https://openalex.org/W2048678739,2,2,1,ES,0
https://openalex.org/W2048741279,2,2,1,GB,0
https://openalex.org/W2048899191,2,2,1,IT,0
https://openalex.org/W2048902616,1,1,0,,0
https://openalex.org/W2048984945,1,1,0,,0
https://openalex.org/W2049140239,2,2,1,US,0
https://openalex.org/W2049272097,1,1,0,,0
https://openalex.org/W2049433997,1,1,0,,0
https://openalex.org/W2049467089,1,1,0,,0
https://openalex.org/W2049683785,2,2,1,US,0
https://openalex.org/W2049859134,3,3,1,IN,0
https://openalex.org/W2049897181,2,2,1,PL,0
https://openalex.org/W2050441043,3,3,1,GR,0
https://openalex.org/W2050560996,2,2,1,HK,0
https://openalex.org/W2050638111,1,1,0,,0
https://openalex.org/W2051091775,2,4,1,FR,0
https://openalex.org/W2051250216,1,1,0,,0
https://openalex.org/W2051702084,2,2,1,CY,0
https://openalex.org/W2051807665,4,4,2,"AU,US",1
https://openalex.org/W2051841714,1,1,0,,0
https://openalex.org/W2051898670,2,2,1,AU,0
https://openalex.org/W2051938370,1,1,0,,0
https://openalex.org/W2051949659,1,1,0,,0
https://openalex.org/W2052117246,1,1,0,,0
https://openalex.org/W2052160632,3,3,1,US,0
https://openalex.org/W2052164908,1,1,0,,0
https://openalex.org/W2052359485,1,1,0,,0
https://openalex.org/W2052415339,3,4,1,GB,0
https://openalex.org/W2052447638,1,1,0,,0
https://openalex.org/W2052806034,1,1,0,,0
https://openalex.org/W2052825078,3,3,2,"CN,US",1
https://openalex.org/W2053010024,4,4,1,US,0
https://openalex.org/W2053121265,2,3,2,"DE,US",1
https://openalex.org/W2053897632,1,1,0,,0
https://openalex.org/W2054204610,2,2,2,"GB,IN",1
https://openalex.org/W2054222227,1,1,0,,0
https://openalex.org/W2054622705,2,2,0,,0
https://openalex.org/W2054918443,3,3,1,SG,0
https://openalex.org/W2054938187,4,4,2,"AU,LK",1
https://openalex.org/W2054945751,1,1,0,,0
https://openalex.org/W2055071923,5,5,1,US,0
https://openalex.org/W2055177824,1,1,0,,0
https://openalex.org/W2055288364,2,2,1,US,0
https://openalex.org/W2055431462,4,5,2,"CA,CN",1
https://openalex.org/W2055600872,1,1,0,,0
https://openalex.org/W2055633488,2,2,1,US,0
https://openalex.org/W2055648785,3,6,1,TW,0
https://openalex.org/W2055885908,4,4,1,GB,0
https://openalex.org/W2055897716,2,2,1,US,0
https://openalex.org/W2055923512,1,1,0,,0
https://openalex.org/W2055963257,2,2,1,US,0
https://openalex.org/W2056151420,9,9,1,JP,0
https://openalex.org/W2056175747,1,1,0,,0
https://openalex.org/W2056585492,4,4,1,SG,0
https://openalex.org/W2056720463,1,1,0,,0
https://openalex.org/W2056751951,2,2,1,AU,0
https://openalex.org/W2056772226,3,3,1,IE,0
https://openalex.org/W2057114699,1,1,0,,0
https://openalex.org/W205729765,1,1,0,,0
https://openalex.org/W2057348613,1,1,0,,0
https://openalex.org/W2057531379,1,1,0,,0
https://openalex.org/W2058102932,2,2,1,US,0
https://openalex.org/W2058162395,1,1,0,,0
https://openalex.org/W2058428632,3,3,1,SE,0
https://openalex.org/W2058494530,1,1,0,,0
https://openalex.org/W2058657977,2,2,1,US,0
https://openalex.org/W2058740832,1,1,0,,0
https://openalex.org/W2058758116,5,5,1,GB,0
https://openalex.org/W2058801434,3,3,1,JP,0
https://openalex.org/W2058905207,4,4,1,US,0
https://openalex.org/W2059202938,2,2,1,GR,0
https://openalex.org/W2059289700,1,1,0,,0
https://openalex.org/W2060228178,3,3,1,GB,0
https://openalex.org/W2060356726,2,2,2,"CA,US",1
https://openalex.org/W2060455579,2,2,1,IT,0
https://openalex.org/W2060685580,3,3,1,US,0
https://openalex.org/W2060877196,4,4,1,US,0
https://openalex.org/W2061046097,6,7,1,JP,0
https://openalex.org/W2061161656,2,2,1,US,0
https://openalex.org/W2061188223,2,2,1,GB,0
https://openalex.org/W2061428638,4,6,2,"CN,US",1
https://openalex.org/W2061430062,2,2,1,US,0
https://openalex.org/W2061442886,1,1,0,,0
https://openalex.org/W2061573580,2,2,1,GB,0
https://openalex.org/W2061675965,3,3,1,NL,0
https://openalex.org/W2061816618,1,1,0,,0
https://openalex.org/W2061857097,3,3,2,"SG,US",1
https://openalex.org/W2062993487,2,2,1,AU,0
https://openalex.org/W2063048568,2,2,1,US,0
https://openalex.org/W2063053345,3,3,1,GR,0
https://openalex.org/W2063253774,2,2,1,AU,0
https://openalex.org/W2063599846,3,3,1,MY,0
https://openalex.org/W2063708514,1,1,0,,0
https://openalex.org/W2063714935,3,3,1,US,0
https://openalex.org/W2063769791,2,2,1,GB,0
https://openalex.org/W2064790936,1,1,0,,0
https://openalex.org/W2064795301,2,2,1,TR,0
https://openalex.org/W2065078427,2,4,1,US,0
https://openalex.org/W2065545832,3,3,1,AU,0
https://openalex.org/W2065611367,3,3,1,US,0
https://openalex.org/W2065942131,2,2,1,US,0
https://openalex.org/W2066051901,1,1,0,,0
https://openalex.org/W2066275783,4,4,1,US,0
https://openalex.org/W2066352087,1,1,0,,0
https://openalex.org/W2066848646,2,2,1,GB,0
https://openalex.org/W2066921471,2,2,2,"SE,US",1
https://openalex.org/W2067013697,5,5,1,US,0
https://openalex.org/W2067067282,3,3,1,HK,0
https://openalex.org/W2067311076,1,1,0,,0
https://openalex.org/W2067508087,1,1,0,,0
https://openalex.org/W2067715105,1,1,0,,0
https://openalex.org/W2067799449,1,1,0,,0
https://openalex.org/W2067932577,3,3,2,"AU,TH",1
https://openalex.org/W2068144168,2,2,1,US,0
https://openalex.org/W2068612843,2,2,1,US,0
https://openalex.org/W2068615534,1,1,0,,0
https://openalex.org/W2068930087,5,5,1,MY,0
https://openalex.org/W2069187152,1,1,0,,0
https://openalex.org/W2069388937,2,2,1,GB,0
https://openalex.org/W2069705736,3,6,1,US,0
https://openalex.org/W2069838032,2,2,1,US,0
https://openalex.org/W2071151265,1,1,0,,0
https://openalex.org/W2071214091,1,1,0,,0
https://openalex.org/W2071366422,1,1,0,,0
https://openalex.org/W2071402736,1,1,0,,0
https://openalex.org/W2071734960,1,1,0,,0
https://openalex.org/W2071818312,2,2,1,HK,0
https://openalex.org/W2072025216,4,4,1,GB,0
https://openalex.org/W2072078256,1,1,0,,0
https://openalex.org/W2072119721,1,1,0,,0
https://openalex.org/W2072187704,2,2,1,GB,0
https://openalex.org/W2072288548,1,1,0,,0
https://openalex.org/W2072347674,1,1,0,,0
https://openalex.org/W2072446042,1,1,0,,0
https://openalex.org/W2073316928,5,5,0,,0
https://openalex.org/W2073475650,2,2,1,US,0
https://openalex.org/W2073575231,1,1,0,,0
https://openalex.org/W2073609117,3,3,2,"HK,US",1
https://openalex.org/W2073760428,1,1,0,,0
https://openalex.org/W2074068423,1,1,0,,0
https://openalex.org/W2074193272,2,2,1,IN,0
https://openalex.org/W2074291515,2,2,1,AU,0
https://openalex.org/W2074322797,4,4,1,US,0
https://openalex.org/W2074398950,2,2,1,US,0
https://openalex.org/W2074517096,2,2,1,SG,0
https://openalex.org/W2074666204,3,3,1,US,0
https://openalex.org/W2076184742,1,1,0,,0
https://openalex.org/W2076256957,4,4,2,"AU,GB",1
https://openalex.org/W2076269442,2,2,1,US,0
https://openalex.org/W2076584108,3,3,1,US,0
https://openalex.org/W2077106936,4,4,1,LB,0
https://openalex.org/W2077939190,2,2,1,HK,0
https://openalex.org/W2078160533,3,3,1,US,0
https://openalex.org/W2078209036,2,2,1,NL,0
https://openalex.org/W2078409423,2,2,1,IN,0
https://openalex.org/W2078570802,4,4,1,GB,0
https://openalex.org/W2079053544,2,2,1,US,0
https://openalex.org/W2079405682,1,1,0,,0
https://openalex.org/W2079555903,2,5,1,GB,0
https://openalex.org/W2079593243,1,1,0,,0
https://openalex.org/W2080165350,2,2,1,US,0
https://openalex.org/W2080720951,2,2,1,LV,0
https://openalex.org/W2081620926,1,1,0,,0
https://openalex.org/W2082538284,2,2,1,US,0
https://openalex.org/W2082579854,1,1,0,,0
https://openalex.org/W2082635421,1,1,0,,0
https://openalex.org/W2082657303,2,2,1,GB,0
https://openalex.org/W2083109500,1,1,0,,0
https://openalex.org/W2083284100,2,2,2,"PT,US",1
https://openalex.org/W2083375199,2,2,0,,0
https://openalex.org/W2083448772,2,2,1,US,0
https://openalex.org/W2084298212,2,2,1,US,0
https://openalex.org/W2084367686,1,1,0,,0
https://openalex.org/W2084753113,1,1,0,,0
https://openalex.org/W2084780111,1,1,0,,0
https://openalex.org/W2084846933,2,2,1,KR,0
https://openalex.org/W2085174221,2,2,1,US,0
https://openalex.org/W2085254160,1,1,0,,0
https://openalex.org/W2085418679,2,2,1,LT,0
https://openalex.org/W2085598364,2,2,1,US,0
https://openalex.org/W2085928539,1,2,0,,0
https://openalex.org/W2086162170,2,2,1,US,0
https://openalex.org/W2086181202,2,2,2,"AU,US",1
https://openalex.org/W2086261161,2,2,1,NL,0
https://openalex.org/W2086458775,1,1,0,,0
https://openalex.org/W2086466684,1,1,0,,0
https://openalex.org/W2086503529,3,3,1,US,0
https://openalex.org/W2086894540,2,2,1,US,0
https://openalex.org/W2087090031,1,1,0,,0
https://openalex.org/W2087215265,2,2,2,"HK,US",1
https://openalex.org/W2087369298,1,1,0,,0
https://openalex.org/W2087627813,1,3,0,,0
https://openalex.org/W2087657388,3,3,1,US,0
https://openalex.org/W2087791521,1,1,0,,0
https://openalex.org/W2087824451,3,3,1,JP,0
https://openalex.org/W2088062086,1,1,0,,0
https://openalex.org/W2088088672,3,3,2,"NO,NZ",1
https://openalex.org/W2088105249,3,3,1,TR,0
https://openalex.org/W2088464289,1,1,0,,0
https://openalex.org/W2088477264,2,2,1,US,0
https://openalex.org/W2088743976,3,3,2,"IN,US",1
https://openalex.org/W2089005037,1,1,0,,0
https://openalex.org/W2089130042,2,2,0,,0
https://openalex.org/W2089463205,1,1,0,,0
https://openalex.org/W2089494798,2,2,1,SG,0
https://openalex.org/W2089708634,1,2,0,,0
https://openalex.org/W2090070925,2,2,1,GB,0
https://openalex.org/W2090203211,2,2,1,GB,0
https://openalex.org/W2090990671,3,3,1,GB,0
https://openalex.org/W2091265238,2,2,2,"DE,GB",1
https://openalex.org/W2091390249,3,3,1,CA,0
https://openalex.org/W2091453687,1,1,0,,0
https://openalex.org/W2091550832,1,1,0,,0
https://openalex.org/W2091713867,1,1,0,,0
https://openalex.org/W2091894899,1,1,0,,0
https://openalex.org/W2091973149,1,1,0,,0
https://openalex.org/W2091977096,2,2,2,"KR,TH",1
https://openalex.org/W2092235216,3,3,1,US,0
https://openalex.org/W2092729291,4,4,1,US,0
https://openalex.org/W2092973960,3,3,1,US,0
https://openalex.org/W2093074053,2,2,1,US,0
https://openalex.org/W2093153852,2,2,1,IT,0
https://openalex.org/W2093186027,4,4,1,CN,0
https://openalex.org/W2093218334,4,4,1,GB,0
https://openalex.org/W2093248878,2,2,1,US,0
https://openalex.org/W2093406714,1,1,0,,0
https://openalex.org/W2093414414,1,1,0,,0
https://openalex.org/W2093505263,2,3,1,US,0
https://openalex.org/W2093510178,1,1,0,,0
https://openalex.org/W2093553484,3,3,1,HK,0
https://openalex.org/W2093736130,2,2,1,HK,0
https://openalex.org/W2093808457,1,1,0,,0
https://openalex.org/W2093899384,1,1,0,,0
https://openalex.org/W2094076100,6,6,5,"IE,IL,KR,MX,US",1
https://openalex.org/W2094477267,2,3,1,HK,0
https://openalex.org/W2094627734,1,1,0,,0
https://openalex.org/W2094680612,1,2,0,,0
https://openalex.org/W2094713531,3,3,0,,0
https://openalex.org/W2094769623,2,2,2,"DE,GB",1
https://openalex.org/W2094841515,1,1,0,,0
https://openalex.org/W2094855206,1,1,0,,0
https://openalex.org/W2095248295,2,3,2,"NL,US",1
https://openalex.org/W2095464255,1,1,0,,0
https://openalex.org/W2095611502,2,2,1,GB,0
https://openalex.org/W2095772654,1,1,0,,0
https://openalex.org/W2096417945,3,6,1,US,0
https://openalex.org/W2097211043,1,1,0,,0
https://openalex.org/W2097713885,2,2,2,"GB,SG",1
https://openalex.org/W2097825849,1,1,0,,0
https://openalex.org/W2098209588,2,2,0,,0
https://openalex.org/W2098666635,1,1,0,,0
https://openalex.org/W2098869534,2,2,2,"AU,SG",1
https://openalex.org/W2099520044,1,1,0,,0
https://openalex.org/W2099549935,1,1,0,,0
https://openalex.org/W2100047241,1,2,0,,0
https://openalex.org/W2100234225,13,13,1,US,0
https://openalex.org/W2100261260,2,2,1,US,0
https://openalex.org/W2100274451,2,2,1,US,0
https://openalex.org/W2100617431,1,1,0,,0
https://openalex.org/W2101182802,2,3,1,US,0
https://openalex.org/W2102216953,3,3,1,US,0
https://openalex.org/W2102415519,4,4,1,US,0
https://openalex.org/W2103687995,2,2,1,GB,0
https://openalex.org/W2104000845,2,2,0,,0
https://openalex.org/W2104151815,2,2,1,US,0
https://openalex.org/W2104253553,1,1,0,,0
https://openalex.org/W2104341362,1,1,0,,0
https://openalex.org/W2104537814,2,2,0,,0
https://openalex.org/W2104747891,4,4,1,US,0
https://openalex.org/W2105458776,1,1,0,,0
https://openalex.org/W2106075128,1,1,0,,0
https://openalex.org/W2106203615,2,2,0,,0
https://openalex.org/W2106603542,1,1,0,,0
https://openalex.org/W2108400040,1,1,0,,0
https://openalex.org/W2109121321,1,1,0,,0
https://openalex.org/W2109772750,2,2,1,TR,0
https://openalex.org/W2110216948,2,2,1,SG,0
https://openalex.org/W2110806889,2,2,1,US,0
https://openalex.org/W2110860150,1,1,0,,0
https://openalex.org/W2111815565,1,1,0,,0
https://openalex.org/W2112102459,2,3,1,US,0
https://openalex.org/W2112224611,1,1,0,,0
https://openalex.org/W2112381168,3,3,2,"CN,HK",1
https://openalex.org/W2112560258,2,2,2,"GB,US",1
https://openalex.org/W2112715124,1,1,0,,0
https://openalex.org/W2112784907,3,3,1,GB,0
https://openalex.org/W2113047393,1,2,0,,0
https://openalex.org/W2114429515,2,2,1,GB,0
https://openalex.org/W2114474255,4,4,1,AU,0
https://openalex.org/W2114490519,2,2,1,IL,0
https://openalex.org/W2115088280,2,2,1,US,0
https://openalex.org/W2116543791,2,2,1,US,0
https://openalex.org/W2116832772,2,2,1,CH,0
https://openalex.org/W2116940341,1,1,0,,0
https://openalex.org/W2117006252,3,3,1,US,0
https://openalex.org/W2117302499,2,2,1,CA,0
https://openalex.org/W2117467146,1,1,0,,0
https://openalex.org/W2117596417,2,2,0,,0
https://openalex.org/W2118163673,2,2,1,GB,0
https://openalex.org/W2118646792,4,4,1,GB,0
https://openalex.org/W2118798742,2,2,1,US,0
https://openalex.org/W2118809724,2,3,1,FR,0
https://openalex.org/W2118933129,3,3,2,"MX,US",1
https://openalex.org/W2119244704,1,1,0,,0
https://openalex.org/W2119632634,1,1,0,,0
https://openalex.org/W2119680355,1,1,0,,0
https://openalex.org/W2120028265,2,3,1,US,0
https://openalex.org/W2120622803,3,3,0,,0
https://openalex.org/W2120703419,3,3,2,"AU,GB",1
https://openalex.org/W2121467278,2,2,1,IL,0
https://openalex.org/W2121767946,2,2,1,HK,0
https://openalex.org/W2122080232,2,2,1,GB,0
https://openalex.org/W2123000930,3,3,1,LT,0
https://openalex.org/W2123553004,1,1,0,,0
https://openalex.org/W2123564723,1,1,0,,0
https://openalex.org/W2123826473,1,1,0,,0
https://openalex.org/W2124477288,3,3,1,ES,0
https://openalex.org/W2125066348,3,4,2,"FR,GB",1
https://openalex.org/W2125072788,4,4,0,,0
https://openalex.org/W2125885386,2,2,1,US,0
https://openalex.org/W2126421790,2,2,1,US,0
https://openalex.org/W2127670566,3,3,1,TW,0
https://openalex.org/W2128310207,1,1,0,,0
https://openalex.org/W2128468349,3,5,2,"GB,US",1
https://openalex.org/W2129680183,3,3,0,,0
https://openalex.org/W2130098370,2,2,1,US,0
https://openalex.org/W2130568040,4,4,1,GB,0
https://openalex.org/W2130879874,1,1,0,,0
https://openalex.org/W2130922791,5,5,1,CA,0
https://openalex.org/W2131166044,2,2,1,MY,0
https://openalex.org/W2131169909,1,1,0,,0
https://openalex.org/W2131188434,3,3,2,"AU,US",1
https://openalex.org/W2131223556,2,2,1,GB,0
https://openalex.org/W2131379682,1,1,0,,0
https://openalex.org/W2131673292,3,3,1,US,0
https://openalex.org/W2131918768,2,2,2,"DK,GB",1
https://openalex.org/W2132115624,1,2,0,,0
https://openalex.org/W2132328255,2,2,2,"NL,PT",1
https://openalex.org/W2132386861,1,1,0,,0
https://openalex.org/W2133968090,1,1,0,,0
https://openalex.org/W2134046744,2,2,1,US,0
https://openalex.org/W2134374318,1,1,0,,0
https://openalex.org/W2136090268,1,1,0,,0
https://openalex.org/W2137261963,2,2,1,US,0
https://openalex.org/W2137466112,1,1,0,,0
https://openalex.org/W2137740178,1,1,0,,0
https://openalex.org/W2137839838,3,3,1,US,0
https://openalex.org/W2138322764,2,2,1,GB,0
https://openalex.org/W2138581721,1,1,0,,0
https://openalex.org/W2138649378,1,2,0,,0
https://openalex.org/W2139457845,2,2,1,CA,0
https://openalex.org/W2139520467,1,1,0,,0
https://openalex.org/W2139756192,1,1,0,,0
https://openalex.org/W2140186410,1,1,0,,0
https://openalex.org/W2140647031,6,6,2,"HK,US",1
https://openalex.org/W2140926843,1,1,0,,0
https://openalex.org/W2141122753,2,2,1,CA,0
https://openalex.org/W2141186188,2,4,2,"NL,PT",1
https://openalex.org/W2141518371,1,1,0,,0
https://openalex.org/W2142129269,2,2,1,US,0
https://openalex.org/W2142215646,3,3,1,DE,0
https://openalex.org/W2142281635,1,1,0,,0
https://openalex.org/W2142866053,1,1,0,,0
https://openalex.org/W2142994513,1,1,0,,0
https://openalex.org/W2143052129,1,1,0,,0
https://openalex.org/W2143164642,1,1,0,,0
https://openalex.org/W2143640057,1,2,0,,0
https://openalex.org/W2143936316,2,2,1,GB,0
https://openalex.org/W2144316810,1,1,0,,0
https://openalex.org/W2144712327,3,3,1,US,0
https://openalex.org/W2144798955,6,6,0,,0
https://openalex.org/W2146413753,11,55,2,"DE,GB",1
https://openalex.org/W2146857523,1,1,0,,0
https://openalex.org/W2146943142,5,5,2,"CA,US",1
https://openalex.org/W2147880781,2,2,1,GB,0
https://openalex.org/W2148649212,1,1,0,,0
https://openalex.org/W2148683894,5,5,1,GB,0
https://openalex.org/W2148700085,2,2,0,,0
https://openalex.org/W2148997432,1,1,0,,0
https://openalex.org/W2149421615,4,4,3,"AM,GB,US",1
https://openalex.org/W2149423494,3,4,2,"CA,EG",1
https://openalex.org/W2149795433,1,1,0,,0
https://openalex.org/W2150697025,2,2,1,US,0
https://openalex.org/W2151019559,2,2,0,,0
https://openalex.org/W2151358502,2,2,2,"CA,IT",1
https://openalex.org/W2151980650,1,1,0,,0
https://openalex.org/W2151987718,2,2,1,US,0
https://openalex.org/W2152739340,1,1,0,,0
https://openalex.org/W2152866056,2,2,1,US,0
https://openalex.org/W2152890544,1,1,0,,0
https://openalex.org/W2153051515,1,1,0,,0
https://openalex.org/W2153462630,4,4,1,US,0
https://openalex.org/W2153978619,3,3,1,US,0
https://openalex.org/W2154058488,2,4,2,"NL,PT",1
https://openalex.org/W2154492142,3,3,1,NL,0
https://openalex.org/W2154546413,6,6,1,US,0
https://openalex.org/W2154616550,5,5,0,,0
https://openalex.org/W2154701516,1,1,0,,0
https://openalex.org/W2155582408,3,5,1,US,0
https://openalex.org/W2155835883,1,1,0,,0
https://openalex.org/W2155904984,3,4,3,"CA,CN,HK",1
https://openalex.org/W2156479488,2,2,1,GB,0
https://openalex.org/W2156490867,2,2,1,US,0
https://openalex.org/W2157448990,4,4,1,IT,0
https://openalex.org/W2157466089,2,2,1,GB,0
https://openalex.org/W2157900628,2,2,1,US,0
https://openalex.org/W2157940858,3,3,1,US,0
https://openalex.org/W2157976529,4,4,1,TW,0
https://openalex.org/W2158085284,2,2,2,"GB,IT",1
https://openalex.org/W2158152267,5,5,1,US,0
https://openalex.org/W2158224498,1,1,0,,0
https://openalex.org/W2158688845,2,2,1,GB,0
https://openalex.org/W2158776625,1,1,0,,0
https://openalex.org/W2159088156,4,4,1,IN,0
https://openalex.org/W2159378616,3,5,3,"CN,GB,SG",1
https://openalex.org/W2159457323,2,2,0,,0
https://openalex.org/W2159999640,3,3,1,TW,0
https://openalex.org/W2160021985,2,2,1,GB,0
https://openalex.org/W2161022553,1,1,0,,0
https://openalex.org/W2161063843,2,2,2,"AU,GB",1
https://openalex.org/W2161338022,1,1,0,,0
https://openalex.org/W2161346504,2,3,1,US,0
https://openalex.org/W2161554017,1,1,0,,0
https://openalex.org/W2162115843,1,1,0,,0
https://openalex.org/W2162216687,1,1,0,,0
https://openalex.org/W2162320713,1,2,0,,0
https://openalex.org/W2162557220,1,1,0,,0
https://openalex.org/W2162564886,6,6,1,CA,0
https://openalex.org/W2162771157,1,1,0,,0
https://openalex.org/W2164144612,2,2,1,GB,0
https://openalex.org/W2164377852,2,2,1,GB,0
https://openalex.org/W2165492568,3,3,1,PL,0
https://openalex.org/W2165900438,1,1,0,,0
https://openalex.org/W2166197767,3,3,1,GB,0
https://openalex.org/W2166623418,2,2,1,GB,0
https://openalex.org/W2167303868,2,2,1,US,0
https://openalex.org/W2167405038,4,4,2,"CA,US",1
https://openalex.org/W2167540568,3,3,1,GB,0
https://openalex.org/W2167575623,4,4,2,"TR,US",1
https://openalex.org/W2168114582,3,3,1,NZ,0
https://openalex.org/W2168151147,2,2,1,US,0
https://openalex.org/W2168489679,2,2,1,GB,0
https://openalex.org/W2168962926,4,4,2,"AT,IT",1
https://openalex.org/W2168975813,3,3,1,LT,0
https://openalex.org/W2169681274,2,2,1,US,0
https://openalex.org/W2169977353,3,3,1,US,0
https://openalex.org/W2170387374,1,1,0,,0
https://openalex.org/W2170812028,3,3,1,AU,0
https://openalex.org/W2170817778,3,3,1,SE,0
https://openalex.org/W2171216914,1,1,0,,0
https://openalex.org/W2171279601,2,3,1,KR,0
https://openalex.org/W2171340812,1,1,0,,0
https://openalex.org/W2171942834,1,1,0,,0
https://openalex.org/W2171992303,1,1,0,,0
https://openalex.org/W2172224330,2,2,1,GB,0
https://openalex.org/W2178768592,1,1,0,,0
https://openalex.org/W2214916417,3,5,1,BE,0
https://openalex.org/W230475563,2,2,0,,0
https://openalex.org/W230475638,2,2,0,,0
https://openalex.org/W2324797938,2,2,0,,0
https://openalex.org/W2326577022,1,1,0,,0
https://openalex.org/W2335166809,3,3,1,US,0
https://openalex.org/W2335203694,1,1,0,,0
https://openalex.org/W2338013205,1,1,0,,0
https://openalex.org/W2419431196,1,1,0,,0
https://openalex.org/W2495162742,2,2,0,,0
https://openalex.org/W2515726670,1,1,0,,0
https://openalex.org/W2569224500,2,2,2,"CN,HK",1
https://openalex.org/W2570516957,5,5,1,US,0
https://openalex.org/W2585643653,3,3,0,,0
https://openalex.org/W2593752443,2,2,0,,0
https://openalex.org/W2626005816,1,1,0,,0
https://openalex.org/W2729169974,5,5,0,,0
https://openalex.org/W2769773461,1,1,0,,0
https://openalex.org/W2941967318,1,1,0,,0
https://openalex.org/W2993329660,1,1,0,,0
https://openalex.org/W3022803644,3,3,1,GB,0
https://openalex.org/W30518688,1,1,0,,0
https://openalex.org/W3104215712,2,2,1,US,0
https://openalex.org/W3115115460,3,9,1,US,0
https://openalex.org/W3118060506,1,2,0,,0
https://openalex.org/W3121213673,1,1,0,,0
https://openalex.org/W3121367887,1,1,0,,0
https://openalex.org/W3121408658,1,1,0,,0
https://openalex.org/W3121424338,1,1,0,,0
https://openalex.org/W3121436747,2,2,1,US,0
https://openalex.org/W3121534696,2,2,1,DE,0
https://openalex.org/W3121550459,2,2,1,GB,0
https://openalex.org/W3121555641,2,3,2,"CH,IT",1
https://openalex.org/W3121646171,1,1,0,,0
https://openalex.org/W3121672673,4,4,1,US,0
https://openalex.org/W3121742838,3,3,1,US,0
https://openalex.org/W3121752578,2,2,1,GB,0
https://openalex.org/W3121758165,2,2,1,US,0
https://openalex.org/W3121870490,1,1,0,,0
https://openalex.org/W3122062332,2,2,2,"DK,VN",1
https://openalex.org/W3122078497,1,2,0,,0
https://openalex.org/W3122133236,2,2,1,CA,0
https://openalex.org/W3122134657,2,2,1,US,0
https://openalex.org/W3122147462,3,3,1,US,0
https://openalex.org/W3122155449,2,2,0,,0
https://openalex.org/W3122193816,1,1,0,,0
https://openalex.org/W3122214602,1,1,0,,0
https://openalex.org/W3122236327,1,1,0,,0
https://openalex.org/W3122322595,1,1,0,,0
https://openalex.org/W3122410373,2,2,0,,0
https://openalex.org/W3122425019,1,1,0,,0
https://openalex.org/W3122500034,1,1,0,,0
https://openalex.org/W3122602369,1,1,0,,0
https://openalex.org/W3122677429,1,1,0,,0
https://openalex.org/W3122757452,2,2,0,,0
https://openalex.org/W3122903499,1,1,0,,0
https://openalex.org/W3122942339,2,3,1,US,0
https://openalex.org/W3122952492,3,3,1,GB,0
https://openalex.org/W3122964210,3,6,1,US,0
https://openalex.org/W3122979832,2,2,1,US,0
https://openalex.org/W3122985024,2,2,2,"FR,GB",1
https://openalex.org/W3123262839,1,2,0,,0
https://openalex.org/W3123320805,2,2,2,"GB,US",1
https://openalex.org/W3123339918,1,1,0,,0
https://openalex.org/W3123360069,2,2,2,"HK,US",1
https://openalex.org/W3123363184,1,1,0,,0
https://openalex.org/W3123503065,3,4,1,GB,0
https://openalex.org/W3123667949,1,1,0,,0
https://openalex.org/W3123859648,1,1,0,,0
https://openalex.org/W3123869526,1,1,0,,0
https://openalex.org/W3123895875,1,1,0,,0
https://openalex.org/W3123902743,2,2,1,US,0
https://openalex.org/W3123927344,1,1,0,,0
https://openalex.org/W3124016008,2,4,2,"DE,GB",1
https://openalex.org/W3124025019,3,3,0,,0
https://openalex.org/W3124076038,3,3,1,US,0
https://openalex.org/W3124092583,2,2,1,GB,0
https://openalex.org/W3124180953,4,4,1,US,0
https://openalex.org/W3124336448,1,1,0,,0
https://openalex.org/W3124388301,3,3,2,"AU,GB",1
https://openalex.org/W3124445702,1,1,0,,0
https://openalex.org/W3124475441,2,2,1,GB,0
https://openalex.org/W3124490848,2,4,3,"SE,SI,US",1
https://openalex.org/W3124545306,2,2,1,DE,0
https://openalex.org/W3124681946,1,1,0,,0
https://openalex.org/W3124703245,2,3,2,"BE,FR",1
https://openalex.org/W3124780179,2,4,1,US,0
https://openalex.org/W3124890615,1,1,0,,0
https://openalex.org/W3124957891,1,2,0,,0
https://openalex.org/W3125012817,2,2,1,US,0
https://openalex.org/W3125019873,4,4,0,,0
https://openalex.org/W3125047047,1,2,0,,0
https://openalex.org/W3125057284,2,2,2,"AT,US",1
https://openalex.org/W3125086669,4,4,1,US,0
https://openalex.org/W3125152439,2,2,2,"FR,GB",1
https://openalex.org/W3125172345,2,2,0,,0
https://openalex.org/W3125251721,1,1,0,,0
https://openalex.org/W3125303055,1,1,0,,0
https://openalex.org/W3125408074,1,1,0,,0
https://openalex.org/W3125535125,1,2,0,,0
https://openalex.org/W3125580572,2,2,1,US,0
https://openalex.org/W3125632391,1,1,0,,0
https://openalex.org/W3125693251,1,1,0,,0
https://openalex.org/W3125727578,3,3,1,AU,0
https://openalex.org/W3125790520,2,2,2,"CH,GB",1
https://openalex.org/W3125805336,1,1,0,,0
https://openalex.org/W3126134182,1,3,0,,0
https://openalex.org/W31289266,3,3,1,US,0
https://openalex.org/W3138030584,2,2,1,US,0
https://openalex.org/W365729486,2,2,2,"GB,US",1
https://openalex.org/W4230177530,2,2,1,AU,0
https://openalex.org/W4234751461,1,2,0,,0
https://openalex.org/W4235294356,1,1,0,,0
https://openalex.org/W4235920087,1,1,0,,0
https://openalex.org/W4236493572,1,1,0,,0
https://openalex.org/W4237116451,1,1,0,,0
https://openalex.org/W4237823944,1,1,0,,0
https://openalex.org/W4242361479,2,2,1,LT,0
https://openalex.org/W4242620842,2,2,0,,0
https://openalex.org/W4242919575,2,4,2,"AU,US",1
https://openalex.org/W4243649681,1,1,0,,0
https://openalex.org/W4243691294,6,6,1,US,0
https://openalex.org/W4243765897,3,3,1,LT,0
https://openalex.org/W4244331047,1,1,0,,0
https://openalex.org/W4245255514,3,3,1,LT,0
https://openalex.org/W4245788460,4,4,1,US,0
https://openalex.org/W4246647746,1,1,0,,0
https://openalex.org/W4247426606,2,2,0,,0
https://openalex.org/W4248443350,1,1,0,,0
https://openalex.org/W4249539887,4,4,1,LT,0
https://openalex.org/W4250325844,2,2,2,"MU,US",1
https://openalex.org/W4251396271,2,2,1,US,0
https://openalex.org/W4252252246,1,1,0,,0
https://openalex.org/W4254367909,4,4,1,JP,0
https://openalex.org/W4254587423,1,1,0,,0
https://openalex.org/W4255776301,1,1,0,,0
https://openalex.org/W45970655,2,2,1,CN,0
https://openalex.org/W583845388,1,1,0,,0
https://openalex.org/W595477152,3,3,0,,0
https://openalex.org/W744292962,2,2,1,NL,0
https://openalex.org/W786562826,1,1,0,,0
https://openalex.org/W97261193,1,1,0,,0
