focal_id,pub_year,delay_year,home,foreign,unknown
https://openalex.org/W107217319,2009,0,0,3,1
https://openalex.org/W123188105,2009,1,1,1,0
https://openalex.org/W1479814598,2009,0,0,1,0
https://openalex.org/W1480629010,2009,0,0,0,4
https://openalex.org/W1481111992,2009,0,2,0,0
https://openalex.org/W1482558344,2009,0,8,4,2
https://openalex.org/W1486755379,2009,2,2,2,2
https://openalex.org/W1487929100,2009,0,4,8,4
https://openalex.org/W1490297444,2009,0,5,4,3
https://openalex.org/W1490980681,2009,0,4,1,1
https://openalex.org/W1491592762,2009,9,8,5,4
https://openalex.org/W1492783723,2009,0,8,4,4
https://openalex.org/W1492926222,2009,0,0,3,0
https://openalex.org/W1497558812,2009,2,1,6,0
https://openalex.org/W1499189443,2009,0,0,3,1
https://openalex.org/W1500119169,2009,8,12,13,55
https://openalex.org/W1500161133,2009,0,3,1,4
https://openalex.org/W1501279353,2009,0,1,0,1
https://openalex.org/W1501680780,2009,0,2,0,2
https://openalex.org/W1503406504,2009,0,2,1,1
https://openalex.org/W1504088411,2009,3,0,1,0
https://openalex.org/W1506926549,2009,0,3,0,5
https://openalex.org/W1508726954,2009,0,9,3,0
https://openalex.org/W1509503550,2009,0,0,4,0
https://openalex.org/W1510008862,2009,0,2,2,0
https://openalex.org/W1510372124,2009,0,4,3,5
https://openalex.org/W1515150191,2009,0,0,2,1
https://openalex.org/W1517766195,2009,4,1,3,6
https://openalex.org/W1517895055,2009,3,24,18,25
https://openalex.org/W1520325625,2009,0,0,3,0
https://openalex.org/W1520868324,2009,0,6,1,3
https://openalex.org/W1523600018,2009,0,0,1,3
https://openalex.org/W1526040826,2009,8,1,3,1
https://openalex.org/W1526367710,2009,0,4,3,2
https://openalex.org/W1527606363,2009,0,2,1,0
https://openalex.org/W1531663342,2009,4,7,2,1
https://openalex.org/W1532382899,2009,0,1,0,0
https://openalex.org/W1533457706,2009,8,5,3,3
https://openalex.org/W1537390161,2009,0,4,1,1
https://openalex.org/W1538461120,2009,6,19,15,5
https://openalex.org/W1538734137,2009,0,0,3,3
https://openalex.org/W1539412522,2009,0,0,0,1
https://openalex.org/W1544844990,2009,0,9,3,9
https://openalex.org/W1544882376,2009,0,2,12,4
https://openalex.org/W1545935624,2009,0,4,1,2
https://openalex.org/W1546101667,2009,0,1,0,2
https://openalex.org/W1546276850,2009,0,0,2,1
https://openalex.org/W1548158219,2009,0,6,3,7
https://openalex.org/W1548438696,2009,1,0,5,1
https://openalex.org/W1548978242,2009,0,1,2,1
https://openalex.org/W1550587422,2009,6,23,16,11
https://openalex.org/W1552542971,2009,0,4,1,2
https://openalex.org/W1552833372,2009,0,1,12,7
https://openalex.org/W1554869033,2009,0,4,1,0
https://openalex.org/W1555202545,2009,1,0,2,0
https://openalex.org/W1559654041,2009,5,3,4,3
https://openalex.org/W1561288701,2009,3,1,0,0
https://openalex.org/W1561744490,2009,0,0,1,0
https://openalex.org/W1563186942,2009,0,1,2,1
https://openalex.org/W1564045561,2009,0,1,0,1
https://openalex.org/W1565066815,2009,8,9,8,2
https://openalex.org/W1566095976,2009,0,1,0,1
https://openalex.org/W1568951420,2009,0,2,0,1
https://openalex.org/W1569268674,2009,0,0,2,2
https://openalex.org/W1569812131,2009,0,12,0,2
https://openalex.org/W1575890188,2009,0,1,3,3
https://openalex.org/W1577281789,2009,0,1,1,1
https://openalex.org/W1577354165,2009,8,4,5,5
https://openalex.org/W1577457946,2009,6,18,32,16
https://openalex.org/W1578015465,2009,0,9,2,4
https://openalex.org/W1580938316,2009,0,2,0,1
https://openalex.org/W1581529449,2009,0,2,1,0
https://openalex.org/W1583713394,2009,0,10,8,8
https://openalex.org/W1584264522,2009,1,0,0,1
https://openalex.org/W1588343409,2009,2,0,3,0
https://openalex.org/W1589381715,2009,4,8,4,4
https://openalex.org/W1591274218,2009,0,1,2,0
https://openalex.org/W1591557202,2009,0,2,2,0
https://openalex.org/W1593532812,2009,4,1,1,2
https://openalex.org/W1595944160,2009,6,4,26,19
https://openalex.org/W1596366965,2009,2,1,2,0
https://openalex.org/W1596779353,2009,0,0,2,0
https://openalex.org/W1597070228,2009,0,4,1,2
https://openalex.org/W1598309499,2009,3,3,1,2
https://openalex.org/W1598831813,2009,0,2,5,6
https://openalex.org/W1602131874,2009,3,2,0,1
https://openalex.org/W1603868075,2009,3,0,2,0
https://openalex.org/W1606994609,2009,0,1,2,1
https://openalex.org/W1693666044,2009,5,2,3,2
https://openalex.org/W171645296,2009,2,0,3,2
https://openalex.org/W1747590846,2009,1,1,1,1
https://openalex.org/W1749775190,2009,6,0,7,0
https://openalex.org/W1768836102,2009,0,1,0,3
https://openalex.org/W1790814781,2009,0,2,5,2
https://openalex.org/W183165991,2009,0,2,6,2
https://openalex.org/W1853631770,2009,0,2,8,7
https://openalex.org/W1888372799,2009,0,0,8,0
https://openalex.org/W1900083135,2009,0,0,1,1
https://openalex.org/W1923577852,2009,0,2,2,0
https://openalex.org/W1924169242,2009,0,5,8,12
https://openalex.org/W1929602805,2009,0,4,3,0
https://openalex.org/W1931278885,2009,1,0,5,2
https://openalex.org/W1934165844,2009,12,25,52,58
https://openalex.org/W1957430436,2009,0,1,1,2
https://openalex.org/W1958356987,2009,0,0,1,0
https://openalex.org/W1963565392,2009,0,1,3,0
https://openalex.org/W1963770421,2009,4,6,3,11
https://openalex.org/W1963997091,2009,0,4,1,2
https://openalex.org/W1964002149,2009,0,3,4,3
https://openalex.org/W1964028600,2009,0,1,0,2
https://openalex.org/W1964197607,2009,0,2,4,8
https://openalex.org/W1964301671,2009,0,6,7,5
https://openalex.org/W1964406403,2009,0,0,2,0
https://openalex.org/W1964458028,2009,1,2,2,0
https://openalex.org/W1964718882,2009,0,4,3,3
https://openalex.org/W1964844451,2009,10,8,13,2
https://openalex.org/W1964874940,2009,1,3,26,4
https://openalex.org/W1965013255,2009,5,4,15,5
https://openalex.org/W1965084916,2009,0,2,6,8
https://openalex.org/W1965293843,2009,2,3,1,0
https://openalex.org/W1965519946,2009,3,2,2,0
https://openalex.org/W1965592917,2009,0,0,1,0
https://openalex.org/W1965731287,2009,0,6,5,9
https://openalex.org/W1965785176,2009,0,0,1,4
https://openalex.org/W1965928204,2009,0,1,7,4
https://openalex.org/W1965957502,2009,0,6,3,1
https://openalex.org/W1966409163,2009,0,2,2,6
https://openalex.org/W1966881660,2009,1,0,0,1
https://openalex.org/W1967280721,2009,0,0,1,1
https://openalex.org/W1967294538,2009,12,5,10,23
https://openalex.org/W1967307079,2009,1,2,1,1
https://openalex.org/W1967705750,2009,0,2,2,2
https://openalex.org/W1967750547,2009,0,15,11,5
https://openalex.org/W1967808113,2009,0,0,2,0
https://openalex.org/W1967847288,2009,3,1,2,1
https://openalex.org/W1967927965,2009,3,4,2,0
https://openalex.org/W1968161471,2009,0,6,8,5
https://openalex.org/W1968239600,2009,0,2,2,4
https://openalex.org/W1968252890,2009,5,0,6,3
https://openalex.org/W1968326943,2009,2,2,0,0
https://openalex.org/W1968488039,2009,0,2,5,0
https://openalex.org/W1968586472,2009,0,2,3,4
https://openalex.org/W1968792832,2009,0,0,0,1
https://openalex.org/W1969105374,2009,8,70,256,125
https://openalex.org/W1969128274,2009,0,5,5,3
https://openalex.org/W1969179008,2009,0,3,3,0
https://openalex.org/W1969324615,2009,0,0,1,5
https://openalex.org/W1969374468,2009,7,31,66,15
https://openalex.org/W1969455413,2009,0,1,4,3
https://openalex.org/W1969466384,2009,6,25,32,20
https://openalex.org/W1969563432,2009,0,0,0,3
https://openalex.org/W1969598250,2009,0,1,0,1
https://openalex.org/W1969710865,2009,0,1,1,0
https://openalex.org/W1969735008,2009,0,4,1,0
https://openalex.org/W1969757007,2009,2,0,11,3
https://openalex.org/W1970066858,2009,0,14,15,0
https://openalex.org/W1970098960,2009,0,0,1,2
https://openalex.org/W1970155905,2009,2,7,3,8
https://openalex.org/W1970280647,2009,3,0,4,1
https://openalex.org/W1970479998,2009,0,5,72,18
https://openalex.org/W1970482181,2009,1,1,1,5
https://openalex.org/W1970483086,2009,2,8,23,19
https://openalex.org/W1970517601,2009,0,4,3,4
https://openalex.org/W1970607835,2009,0,5,2,3
https://openalex.org/W1970674646,2009,0,5,2,3
https://openalex.org/W1970749173,2009,0,2,0,0
https://openalex.org/W1970770534,2009,1,0,3,1
https://openalex.org/W1970861097,2009,2,0,3,2
https://openalex.org/W1971018989,2009,0,7,1,2
https://openalex.org/W1971049828,2009,2,0,3,1
https://openalex.org/W1971073829,2009,0,4,5,2
https://openalex.org/W1971107932,2009,0,0,2,0
https://openalex.org/W1971110819,2009,5,5,0,0
https://openalex.org/W1971453805,2009,0,2,3,3
https://openalex.org/W1971509556,2009,0,2,0,1
https://openalex.org/W1971636685,2009,3,3,1,0
https://openalex.org/W1971665890,2009,3,14,37,22
https://openalex.org/W1971692018,2009,0,5,8,7
https://openalex.org/W1972001016,2009,2,9,4,3
https://openalex.org/W1972068867,2009,0,0,4,0
https://openalex.org/W1972305188,2009,1,0,6,3
https://openalex.org/W1972349450,2009,0,2,6,4
https://openalex.org/W1972377881,2009,5,0,1,0
https://openalex.org/W1972394853,2009,0,3,5,6
https://openalex.org/W1972409753,2009,0,1,0,0
https://openalex.org/W1972421118,2009,0,2,4,3
https://openalex.org/W1972615611,2009,0,3,0,1
https://openalex.org/W1972633708,2009,0,1,4,1
https://openalex.org/W1972806264,2009,0,1,0,0
https://openalex.org/W1973114486,2009,0,1,2,3
https://openalex.org/W1973174404,2009,0,1,4,3
https://openalex.org/W1973180962,2009,4,2,1,0
https://openalex.org/W1973306857,2009,3,2,1,0
https://openalex.org/W1973370192,2009,1,1,3,2
https://openalex.org/W1973397143,2009,12,2,9,4
https://openalex.org/W1973407383,2009,7,6,92,16
https://openalex.org/W1973477539,2009,0,0,2,2
https://openalex.org/W1973566886,2009,4,6,25,10
https://openalex.org/W1973706127,2009,0,1,4,0
https://openalex.org/W1973734551,2009,11,43,32,16
https://openalex.org/W1973814864,2009,2,11,15,15
https://openalex.org/W1973830412,2009,0,6,2,0
https://openalex.org/W1973921702,2009,2,12,164,168
https://openalex.org/W1973985864,2009,0,4,2,2
https://openalex.org/W1974015069,2009,0,0,5,2
https://openalex.org/W1974180571,2009,11,9,22,13
https://openalex.org/W1974320104,2009,0,0,0,2
https://openalex.org/W1974377638,2009,0,1,0,2
https://openalex.org/W1974403647,2009,0,0,3,4
https://openalex.org/W1974626149,2009,1,1,7,0
https://openalex.org/W1974673452,2009,0,7,6,8
https://openalex.org/W1974710519,2009,0,5,2,4
https://openalex.org/W1974857408,2009,0,0,1,1
https://openalex.org/W1974873567,2009,5,2,20,23
https://openalex.org/W1974953481,2009,0,1,6,1
https://openalex.org/W1975053332,2009,0,1,1,2
https://openalex.org/W1975357645,2009,3,1,0,1
https://openalex.org/W1975518332,2009,0,4,0,0
https://openalex.org/W1975608725,2009,0,6,4,7
https://openalex.org/W1975742378,2009,0,0,7,2
https://openalex.org/W1975744444,2009,0,4,6,6
https://openalex.org/W1975851307,2009,1,1,0,0
https://openalex.org/W1975873756,2009,0,2,3,3
https://openalex.org/W1975892253,2009,0,1,0,1
https://openalex.org/W1975901355,2009,4,3,15,3
https://openalex.org/W1975933665,2009,0,0,4,6
https://openalex.org/W1976044835,2009,1,0,4,1
https://openalex.org/W1976086094,2009,0,0,2,2
https://openalex.org/W1976357442,2009,0,1,3,0
https://openalex.org/W1976469693,2009,0,2,1,2
https://openalex.org/W1976661921,2009,0,1,1,2
https://openalex.org/W1976752219,2009,0,1,0,7
https://openalex.org/W1976805027,2009,0,6,11,8
https://openalex.org/W1976905191,2009,0,3,3,6
https://openalex.org/W1977042511,2009,0,2,1,3
https://openalex.org/W1977117864,2009,1,2,1,5
https://openalex.org/W1977153088,2009,0,4,3,4
https://openalex.org/W1977473655,2009,0,1,1,1
https://openalex.org/W1977601428,2009,0,1,0,0
https://openalex.org/W1977657777,2009,9,78,95,36
https://openalex.org/W1977673845,2009,12,15,39,10
https://openalex.org/W1977688508,2009,0,0,1,0
https://openalex.org/W1977769563,2009,0,5,1,0
https://openalex.org/W1977900687,2009,0,1,5,9
https://openalex.org/W1977967925,2009,0,0,1,2
https://openalex.org/W1978080713,2009,0,5,6,4
https://openalex.org/W1978325613,2009,0,1,0,0
https://openalex.org/W1978463037,2009,0,1,5,3
https://openalex.org/W1978543319,2009,0,1,3,7
https://openalex.org/W1978548271,2009,3,0,1,2
https://openalex.org/W1978604608,2009,0,3,3,2
https://openalex.org/W1978745505,2009,1,10,14,6
https://openalex.org/W1978868243,2009,1,0,2,3
https://openalex.org/W1979213017,2009,0,1,1,0
https://openalex.org/W1979291467,2009,1,2,0,1
https://openalex.org/W1979478287,2009,0,3,0,0
https://openalex.org/W1979563066,2009,1,3,7,8
https://openalex.org/W1979756109,2009,0,4,1,0
https://openalex.org/W1979836911,2009,3,4,1,1
https://openalex.org/W1979875262,2009,1,1,3,6
https://openalex.org/W1979982380,2009,4,4,5,6
https://openalex.org/W1980013049,2009,2,3,2,2
https://openalex.org/W1980228006,2009,0,5,0,1
https://openalex.org/W1980332756,2009,0,0,0,3
https://openalex.org/W1980348284,2009,0,0,6,5
https://openalex.org/W1980557062,2009,0,2,0,0
https://openalex.org/W1980604115,2009,3,4,109,14
https://openalex.org/W1980668539,2009,0,7,4,1
https://openalex.org/W1980797566,2009,0,7,3,6
https://openalex.org/W1981137850,2009,0,0,1,0
https://openalex.org/W1981201515,2009,1,2,0,3
https://openalex.org/W1981366378,2009,0,0,3,0
https://openalex.org/W1981822660,2009,0,4,4,7
https://openalex.org/W1981932397,2009,0,0,2,0
https://openalex.org/W1982070127,2009,0,5,3,3
https://openalex.org/W1982627002,2009,4,0,6,2
https://openalex.org/W1982682166,2009,2,2,3,2
https://openalex.org/W1982747352,2009,0,0,1,0
https://openalex.org/W1982945285,2009,8,2,44,17
https://openalex.org/W1983075782,2009,0,3,0,0
https://openalex.org/W1983114006,2009,1,0,13,5
https://openalex.org/W1983147082,2009,0,7,2,4
https://openalex.org/W1983428430,2009,10,90,75,55
https://openalex.org/W1983546370,2009,0,3,0,0
https://openalex.org/W1983627106,2009,1,3,6,10
https://openalex.org/W1983824587,2009,0,1,0,1
https://openalex.org/W1983868773,2009,0,0,1,2
https://openalex.org/W1984029327,2009,0,3,0,2
https://openalex.org/W1984127044,2009,1,2,6,3
https://openalex.org/W1984226206,2009,0,0,4,1
https://openalex.org/W1984559645,2009,0,3,2,2
https://openalex.org/W1984569349,2009,0,2,0,0
https://openalex.org/W1984825532,2009,0,2,6,1
https://openalex.org/W1984922799,2009,3,0,1,0
https://openalex.org/W1984943428,2009,1,4,1,0
https://openalex.org/W1985021390,2009,8,9,40,12
https://openalex.org/W1985053687,2009,1,2,2,0
https://openalex.org/W1985386483,2009,0,1,0,1
https://openalex.org/W1985490138,2009,0,16,2,4
https://openalex.org/W1985585756,2009,2,0,1,2
https://openalex.org/W1985651013,2009,0,1,2,1
https://openalex.org/W1985809266,2009,11,26,33,39
https://openalex.org/W1985858115,2009,0,4,8,3
https://openalex.org/W1985923955,2009,3,2,3,2
https://openalex.org/W1986176293,2009,0,2,1,0
https://openalex.org/W1986209976,2009,3,0,0,3
https://openalex.org/W1986296659,2009,3,4,4,4
https://openalex.org/W1986590585,2009,0,0,1,0
https://openalex.org/W1986755897,2009,0,1,1,1
https://openalex.org/W1986876574,2009,8,2,31,7
https://openalex.org/W1986949592,2009,0,3,2,3
https://openalex.org/W1987094014,2009,2,4,4,2
https://openalex.org/W1987190081,2009,0,0,1,1
https://openalex.org/W1987205927,2009,0,1,0,0
https://openalex.org/W1987257137,2009,0,3,2,0
https://openalex.org/W1987459547,2009,2,5,17,6
https://openalex.org/W1987493448,2009,0,1,5,13
https://openalex.org/W1987521372,2009,1,10,5,6
https://openalex.org/W1987685696,2009,0,1,1,1
https://openalex.org/W1987885565,2009,1,2,3,1
https://openalex.org/W1988077747,2009,1,1,0,0
https://openalex.org/W1988126686,2009,0,1,1,0
https://openalex.org/W1988161556,2009,0,0,0,1
https://openalex.org/W1988200275,2009,0,1,1,1
https://openalex.org/W1988214048,2009,2,1,1,1
https://openalex.org/W1988219048,2009,1,0,2,1
https://openalex.org/W1988317830,2009,0,0,2,0
https://openalex.org/W1988317851,2009,0,2,1,2
https://openalex.org/W1988608837,2009,0,2,1,0
https://openalex.org/W1988637641,2009,1,0,3,2
https://openalex.org/W1988733136,2009,0,1,2,1
https://openalex.org/W1988767691,2009,0,1,4,2
https://openalex.org/W1988846971,2009,0,1,2,2
https://openalex.org/W1988851041,2009,0,2,1,3
https://openalex.org/W1988919376,2009,0,1,6,1
https://openalex.org/W1988944074,2009,0,4,0,2
https://openalex.org/W1989002973,2009,0,0,2,1
https://openalex.org/W1989094197,2009,4,7,7,7
https://openalex.org/W1989300231,2009,0,1,0,0
https://openalex.org/W1989649436,2009,1,11,10,5
https://openalex.org/W1989770654,2009,0,4,0,1
https://openalex.org/W1989911733,2009,0,2,1,0
https://openalex.org/W1989969345,2009,5,2,3,0
https://openalex.org/W1990010548,2009,0,1,3,0
https://openalex.org/W1990114073,2009,0,4,5,4
https://openalex.org/W1990459402,2009,0,0,1,0
https://openalex.org/W1990667412,2009,3,14,3,4
https://openalex.org/W1990686117,2009,0,3,0,2
https://openalex.org/W1990809517,2009,0,1,2,0
https://openalex.org/W1990851651,2009,12,5,7,3
https://openalex.org/W1990874443,2009,0,1,1,1
https://openalex.org/W1990941713,2009,0,1,2,0
https://openalex.org/W1990960936,2009,0,0,3,0
https://openalex.org/W1991013668,2009,0,7,6,3
https://openalex.org/W1991018677,2009,0,1,5,8
https://openalex.org/W1991022829,2009,1,6,8,3
https://openalex.org/W1991238852,2009,1,0,1,1
https://openalex.org/W1991263951,2009,0,0,3,8
https://openalex.org/W1991310618,2009,0,1,1,0
https://openalex.org/W1991327851,2009,0,0,1,1
https://openalex.org/W1991335422,2009,0,1,4,3
https://openalex.org/W1991793782,2009,0,1,2,0
https://openalex.org/W1991838223,2009,1,1,3,2
https://openalex.org/W1991877566,2009,0,0,2,0
https://openalex.org/W1991908812,2009,0,1,4,0
https://openalex.org/W1991965697,2009,1,0,1,0
https://openalex.org/W1991979008,2009,1,3,1,3
https://openalex.org/W1992077445,2009,3,0,3,0
https://openalex.org/W1992249318,2009,0,5,1,0
https://openalex.org/W1992282514,2009,0,1,0,2
https://openalex.org/W1992415219,2009,4,0,1,4
https://openalex.org/W1992449308,2009,0,1,3,6
https://openalex.org/W1992488749,2009,0,8,9,8
https://openalex.org/W1992498233,2009,4,1,3,3
https://openalex.org/W1992565093,2009,4,4,1,2
https://openalex.org/W1992569985,2009,0,0,3,0
https://openalex.org/W1992732860,2009,3,0,2,3
https://openalex.org/W1992768503,2009,5,14,15,10
https://openalex.org/W1993067437,2009,0,14,44,12
https://openalex.org/W1993337483,2009,0,2,0,1
https://openalex.org/W1993429983,2009,0,4,0,1
https://openalex.org/W1993512997,2009,0,1,1,0
https://openalex.org/W1993888744,2009,9,1,5,0
https://openalex.org/W1993958191,2009,0,1,0,5
https://openalex.org/W1994154658,2009,3,3,0,2
https://openalex.org/W1994178817,2009,0,1,0,4
https://openalex.org/W1994240133,2009,5,5,6,1
https://openalex.org/W1994300791,2009,0,6,7,4
https://openalex.org/W1994448266,2009,0,2,0,1
https://openalex.org/W1994491353,2009,0,1,0,1
https://openalex.org/W1994770445,2009,0,0,2,0
https://openalex.org/W1994912512,2009,7,4,76,47
https://openalex.org/W1994980673,2009,0,1,1,1
https://openalex.org/W1995162211,2009,0,1,0,0
https://openalex.org/W1995316835,2009,0,4,6,1
https://openalex.org/W1995522676,2009,0,15,6,6
https://openalex.org/W1995627730,2009,3,6,17,4
https://openalex.org/W1995763588,2009,0,1,0,4
https://openalex.org/W1995775288,2009,6,4,3,1
https://openalex.org/W1995816240,2009,10,7,25,21
https://openalex.org/W1995827418,2009,6,33,21,25
https://openalex.org/W1995983897,2009,1,3,8,1
https://openalex.org/W1996043991,2009,0,0,1,3
https://openalex.org/W1996157435,2009,1,0,30,0
https://openalex.org/W1996181589,2009,0,2,0,0
https://openalex.org/W1996262501,2009,2,8,0,1
https://openalex.org/W1996339383,2009,0,4,3,4
https://openalex.org/W1996710102,2009,3,10,0,2
https://openalex.org/W1996891827,2009,0,0,3,1
https://openalex.org/W1997208812,2009,0,1,11,17
https://openalex.org/W1997281108,2009,2,0,1,2
https://openalex.org/W1997333033,2009,0,1,1,2
https://openalex.org/W1997340866,2009,0,1,0,0
https://openalex.org/W1997556681,2009,12,16,27,23
https://openalex.org/W1997749921,2009,4,10,12,2
https://openalex.org/W1997768258,2009,1,3,8,4
https://openalex.org/W1997824968,2009,5,1,6,9
https://openalex.org/W1997866076,2009,0,2,8,6
https://openalex.org/W1997910713,2009,8,34,18,20
https://openalex.org/W1997921746,2009,0,0,1,4
https://openalex.org/W1997952692,2009,0,10,1,2
https://openalex.org/W1997956943,2009,1,3,0,0
https://openalex.org/W1997999450,2009,1,1,3,5
https://openalex.org/W1998049778,2009,0,1,0,2
https://openalex.org/W1998055337,2009,0,0,0,1
https://openalex.org/W1998120897,2009,0,2,0,0
https://openalex.org/W1998183971,2009,0,12,9,2
https://openalex.org/W1998294407,2009,0,0,2,1
https://openalex.org/W1998326200,2009,0,1,1,1
https://openalex.org/W1998485289,2009,0,1,0,4
https://openalex.org/W1998537195,2009,0,10,5,8
https://openalex.org/W1998545577,2009,0,0,2,2
https://openalex.org/W1998725370,2009,0,1,1,3
https://openalex.org/W1998730262,2009,1,2,9,0
https://openalex.org/W1998969654,2009,3,54,38,40
https://openalex.org/W1999022524,2009,0,0,1,4
https://openalex.org/W1999264100,2009,0,4,39,11
https://openalex.org/W1999384424,2009,0,0,2,4
https://openalex.org/W1999532581,2009,0,2,1,6
https://openalex.org/W1999641155,2009,0,1,2,1
https://openalex.org/W1999757391,2009,0,0,1,0
https://openalex.org/W1999807140,2009,0,35,22,11
https://openalex.org/W1999869770,2009,0,0,0,1
https://openalex.org/W2000058611,2009,0,9,15,7
https://openalex.org/W2000119886,2009,0,0,2,0
https://openalex.org/W2000217383,2009,0,1,5,0
https://openalex.org/W2000242707,2009,0,0,0,3
https://openalex.org/W2000387201,2009,9,12,40,9
https://openalex.org/W2000631419,2009,1,4,6,6
https://openalex.org/W2000648192,2009,0,3,4,2
https://openalex.org/W2000737702,2009,0,4,3,0
https://openalex.org/W2000895174,2009,0,2,1,2
https://openalex.org/W2000899929,2009,1,3,2,0
https://openalex.org/W2000904212,2009,4,1,6,1
https://openalex.org/W2001340863,2009,0,0,2,4
https://openalex.org/W2001363998,2009,0,1,3,4
https://openalex.org/W2001486506,2009,10,35,42,15
https://openalex.org/W2001522925,2009,0,1,2,3
https://openalex.org/W2001607956,2009,5,7,8,4
https://openalex.org/W2001680003,2009,0,6,5,1
https://openalex.org/W2001835230,2009,0,1,1,3
https://openalex.org/W2001912957,2009,4,2,3,12
https://openalex.org/W2001974156,2009,2,0,4,4
https://openalex.org/W2002099163,2009,0,1,0,2
https://openalex.org/W2002260156,2009,1,6,47,13
https://openalex.org/W2002272249,2009,0,0,0,1
https://openalex.org/W2002304579,2009,0,1,2,0
https://openalex.org/W2002449908,2009,3,1,4,0
https://openalex.org/W2002465124,2009,11,6,8,2
https://openalex.org/W2002834393,2009,0,0,0,1
https://openalex.org/W2003138836,2009,6,22,8,16
https://openalex.org/W2003337112,2009,0,6,10,11
https://openalex.org/W2003346874,2009,0,1,0,2
https://openalex.org/W2003589940,2009,1,4,0,1
https://openalex.org/W2003599583,2009,0,0,1,2
https://openalex.org/W2003832631,2009,0,2,0,0
https://openalex.org/W2003908660,2009,3,0,1,0
https://openalex.org/W2004410119,2009,0,3,3,3
https://openalex.org/W2004449543,2009,2,9,5,2
https://openalex.org/W2004523724,2009,2,0,7,1
https://openalex.org/W2004579257,2009,3,3,1,1
https://openalex.org/W2004742708,2009,2,3,1,3
https://openalex.org/W2005076426,2009,2,7,2,1
https://openalex.org/W2005132277,2009,0,2,1,0
https://openalex.org/W2005161784,2009,0,1,0,0
https://openalex.org/W2005206755,2009,0,4,5,7
https://openalex.org/W2005283497,2009,1,0,11,1
https://openalex.org/W2005511151,2009,0,0,3,3
https://openalex.org/W2005569508,2009,3,0,11,4
https://openalex.org/W2005671113,2009,0,5,14,7
https://openalex.org/W2005741397,2009,3,2,6,1
https://openalex.org/W2006022501,2009,1,0,0,1
https://openalex.org/W2006435360,2009,10,13,23,14
https://openalex.org/W2006649621,2009,2,0,5,0
https://openalex.org/W2006771150,2009,0,1,2,0
https://openalex.org/W2006902923,2009,0,5,5,5
https://openalex.org/W2006998789,2009,0,2,7,1
https://openalex.org/W2007122423,2009,1,1,1,3
https://openalex.org/W2007227619,2009,7,53,100,91
https://openalex.org/W2007287269,2009,10,0,1,21
https://openalex.org/W2007396991,2009,0,1,0,1
https://openalex.org/W2007599963,2009,0,0,8,1
https://openalex.org/W2007641947,2009,1,1,1,3
https://openalex.org/W2007763625,2009,0,10,10,13
https://openalex.org/W2008063607,2009,0,2,0,2
https://openalex.org/W2008070236,2009,1,1,1,1
https://openalex.org/W2008082990,2009,0,2,0,0
https://openalex.org/W2008088821,2009,11,207,218,170
https://openalex.org/W2008139220,2009,5,3,4,3
https://openalex.org/W2008369289,2009,1,1,1,1
https://openalex.org/W2008495597,2009,0,3,1,3
https://openalex.org/W2008551017,2009,0,3,1,5
https://openalex.org/W2008595716,2009,2,7,3,4
https://openalex.org/W2008626160,2009,0,1,6,2
https://openalex.org/W2008811252,2009,1,3,3,4
https://openalex.org/W2008811987,2009,0,14,7,10
https://openalex.org/W2009034484,2009,2,1,1,1
https://openalex.org/W2009124448,2009,0,15,10,11
https://openalex.org/W2009202850,2009,0,3,0,3
https://openalex.org/W2009437696,2009,0,1,1,0
https://openalex.org/W2009602219,2009,1,7,9,6
https://openalex.org/W2009755588,2009,0,9,5,2
https://openalex.org/W2009769619,2009,0,0,1,0
https://openalex.org/W2009817372,2009,12,21,29,12
https://openalex.org/W2010002595,2009,1,4,4,3
https://openalex.org/W2010483221,2009,0,0,1,1
https://openalex.org/W2010499157,2009,0,12,33,0
https://openalex.org/W2010547734,2009,1,0,1,3
https://openalex.org/W2010629189,2009,3,33,39,30
https://openalex.org/W2010739955,2009,3,6,13,10
https://openalex.org/W2010828919,2009,0,3,0,0
https://openalex.org/W2010949064,2009,0,1,6,1
https://openalex.org/W2010977939,2009,2,3,12,8
https://openalex.org/W2011057205,2009,0,0,1,1
https://openalex.org/W2011166342,2009,0,2,8,3
https://openalex.org/W2011305947,2009,0,1,0,0
https://openalex.org/W2011347987,2009,0,6,35,7
https://openalex.org/W2011367283,2009,0,4,0,2
https://openalex.org/W2011388129,2009,1,1,3,5
https://openalex.org/W2011431818,2009,0,3,8,3
https://openalex.org/W2011549267,2009,1,0,2,1
https://openalex.org/W2011585786,2009,0,0,2,0
https://openalex.org/W2011644029,2009,0,1,2,0
https://openalex.org/W2011737340,2009,2,0,4,1
https://openalex.org/W2011783135,2009,2,0,4,0
https://openalex.org/W2012195272,2009,0,2,1,2
https://openalex.org/W2012323777,2009,0,0,2,1
https://openalex.org/W2012357366,2009,0,1,0,3
https://openalex.org/W2012440890,2009,0,3,1,4
https://openalex.org/W2012494866,2009,0,1,1,3
https://openalex.org/W2012528326,2009,0,3,0,2
https://openalex.org/W2012751882,2009,0,0,5,1
https://openalex.org/W2012882138,2009,0,0,1,1
https://openalex.org/W2012926726,2009,0,1,0,0
https://openalex.org/W2012965999,2009,11,17,42,12
https://openalex.org/W2013046635,2009,0,4,4,2
https://openalex.org/W2013141274,2009,0,0,3,1
https://openalex.org/W2013424190,2009,0,3,2,0
https://openalex.org/W2013439435,2009,1,1,1,2
https://openalex.org/W2013597629,2009,0,0,0,1
https://openalex.org/W2013612260,2009,0,1,2,3
https://openalex.org/W2013616850,2009,1,0,5,2
https://openalex.org/W2013699744,2009,3,12,1,0
https://openalex.org/W2013929945,2009,3,0,1,2
https://openalex.org/W2014046243,2009,0,4,4,1
https://openalex.org/W2014135140,2009,4,5,3,0
https://openalex.org/W2014153355,2009,0,3,1,0
https://openalex.org/W2014251704,2009,1,0,1,0
https://openalex.org/W2014548433,2009,0,1,0,1
https://openalex.org/W2014596548,2009,7,0,1,3
https://openalex.org/W2014622014,2009,1,0,1,0
https://openalex.org/W2014633453,2009,0,11,7,2
https://openalex.org/W2014801357,2009,0,1,0,0
https://openalex.org/W2014973104,2009,0,0,3,1
https://openalex.org/W2015281814,2009,1,16,16,20
https://openalex.org/W2015359397,2009,2,0,0,1
https://openalex.org/W2015443460,2009,0,18,8,17
https://openalex.org/W2015455980,2009,0,6,2,1
https://openalex.org/W2015549928,2009,0,1,2,2
https://openalex.org/W2015704518,2009,6,12,13,9
https://openalex.org/W2015712108,2009,0,5,1,5
https://openalex.org/W2016086195,2009,0,1,6,3
https://openalex.org/W2016091081,2009,0,2,1,1
https://openalex.org/W2016121541,2009,0,1,0,1
https://openalex.org/W2016195946,2009,0,3,5,5
https://openalex.org/W2016218339,2009,1,38,28,34
https://openalex.org/W2016250124,2009,1,10,0,5
https://openalex.org/W2016384282,2009,0,6,3,12
https://openalex.org/W2016788303,2009,0,1,1,1
https://openalex.org/W2017092070,2009,3,5,5,11
https://openalex.org/W2017266462,2009,0,2,0,1
https://openalex.org/W2017308561,2009,0,4,5,11
https://openalex.org/W2017384698,2009,1,2,13,10
https://openalex.org/W2017599421,2009,1,4,14,13
https://openalex.org/W2017752363,2009,0,1,3,2
https://openalex.org/W2017957411,2009,0,1,0,1
https://openalex.org/W2018049226,2009,0,0,2,3
https://openalex.org/W2018395581,2009,0,1,4,3
https://openalex.org/W2018476704,2009,6,1,2,2
https://openalex.org/W2018515188,2009,0,14,1,0
https://openalex.org/W2018585692,2009,0,2,0,1
https://openalex.org/W2018659955,2009,0,0,1,3
https://openalex.org/W2018674789,2009,0,0,4,3
https://openalex.org/W2018720938,2009,2,0,4,8
https://openalex.org/W2018843462,2009,1,4,12,4
https://openalex.org/W2018974113,2009,0,5,1,5
https://openalex.org/W2019070465,2009,0,1,3,2
https://openalex.org/W2019101594,2009,1,2,3,2
https://openalex.org/W2019408632,2009,6,123,105,134
https://openalex.org/W2019418632,2009,0,0,0,2
https://openalex.org/W2019611581,2009,0,2,0,2
https://openalex.org/W2019615569,2009,0,2,1,2
https://openalex.org/W2019641891,2009,0,0,1,0
https://openalex.org/W2019687188,2009,0,0,4,0
https://openalex.org/W2019769637,2009,12,1,23,3
https://openalex.org/W2019820163,2009,0,0,1,1
https://openalex.org/W2019833972,2009,1,6,3,4
https://openalex.org/W2019840491,2009,10,10,18,4
https://openalex.org/W2019910887,2009,0,6,4,4
https://openalex.org/W2019913789,2009,1,1,3,2
https://openalex.org/W2020015154,2009,0,1,2,3
https://openalex.org/W2020310230,2009,2,1,1,1
https://openalex.org/W2020315529,2009,2,1,5,5
https://openalex.org/W2020397594,2009,5,1,7,10
https://openalex.org/W2020541333,2009,0,1,3,2
https://openalex.org/W2020668587,2009,0,2,3,0
https://openalex.org/W2020825625,2009,0,4,4,3
https://openalex.org/W2020828147,2009,10,1,6,10
https://openalex.org/W2021069377,2009,0,6,2,1
https://openalex.org/W2021169879,2009,0,0,1,0
https://openalex.org/W2021262093,2009,7,2,1,3
https://openalex.org/W2021508603,2009,0,1,4,1
https://openalex.org/W2021534230,2009,1,2,3,1
https://openalex.org/W2021550136,2009,0,0,8,8
https://openalex.org/W2021662852,2009,0,1,0,2
https://openalex.org/W2021784348,2009,4,3,11,8
https://openalex.org/W2021798146,2009,8,49,57,37
https://openalex.org/W2021871226,2009,0,1,2,0
https://openalex.org/W2021964906,2009,6,4,3,2
https://openalex.org/W2022018038,2009,0,0,2,1
https://openalex.org/W2022024977,2009,0,1,1,0
https://openalex.org/W2022225014,2009,4,10,13,10
https://openalex.org/W2022275474,2009,2,0,0,2
https://openalex.org/W2022409268,2009,2,2,0,1
https://openalex.org/W2022462182,2009,0,2,0,1
https://openalex.org/W2022589600,2009,2,0,32,14
https://openalex.org/W2022661554,2009,3,1,3,2
https://openalex.org/W2022701585,2009,0,5,5,3
https://openalex.org/W2022822346,2009,0,0,2,0
https://openalex.org/W2022910631,2009,0,2,1,4
https://openalex.org/W2022912578,2009,0,2,1,0
https://openalex.org/W2023088123,2009,1,0,1,1
https://openalex.org/W2023153720,2009,0,6,2,4
https://openalex.org/W2023241667,2009,7,0,2,1
https://openalex.org/W2023263116,2009,0,4,7,2
https://openalex.org/W2023327963,2009,0,2,3,2
https://openalex.org/W202333686,2009,4,2,9,1
https://openalex.org/W2023558575,2009,0,2,1,1
https://openalex.org/W2023658301,2009,6,1,1,1
https://openalex.org/W2023781153,2009,2,0,1,0
https://openalex.org/W2023841218,2009,0,0,0,1
https://openalex.org/W2023845923,2009,0,2,0,0
https://openalex.org/W2024044928,2009,9,39,27,7
https://openalex.org/W2024065932,2009,2,7,8,12
https://openalex.org/W2024189011,2009,0,1,3,1
https://openalex.org/W2024353698,2009,0,2,2,2
https://openalex.org/W2024359745,2009,5,1,4,1
https://openalex.org/W2024583629,2009,0,5,3,2
https://openalex.org/W2024662602,2009,2,0,1,2
https://openalex.org/W2024716010,2009,0,0,9,0
https://openalex.org/W2024879617,2009,9,37,75,47
https://openalex.org/W2024913930,2009,0,10,1,7
https://openalex.org/W2025329928,2009,1,3,16,2
https://openalex.org/W2025471179,2009,0,0,1,2
https://openalex.org/W2025638993,2009,1,1,4,0
https://openalex.org/W2026211352,2009,10,2,10,1
https://openalex.org/W2026306693,2009,0,0,7,9
https://openalex.org/W2026338834,2009,0,1,2,2
https://openalex.org/W2026623434,2009,0,0,1,1
https://openalex.org/W2026763879,2009,0,2,2,3
https://openalex.org/W2026912695,2009,3,0,1,0
https://openalex.org/W2026974405,2009,0,25,17,15
https://openalex.org/W2027144707,2009,0,0,2,2
https://openalex.org/W2027194016,2009,1,2,0,0
https://openalex.org/W2027221870,2009,6,5,10,7
https://openalex.org/W2027223662,2009,0,1,0,0
https://openalex.org/W2027230578,2009,4,4,2,1
https://openalex.org/W2027536824,2009,5,3,14,5
https://openalex.org/W2027691946,2009,0,1,0,0
https://openalex.org/W2027721741,2009,4,30,10,13
https://openalex.org/W2027786460,2009,0,4,4,2
https://openalex.org/W2027791485,2009,0,0,0,3
https://openalex.org/W2027988839,2009,4,0,2,1
https://openalex.org/W2028059554,2009,0,0,1,0
https://openalex.org/W2028132505,2009,1,1,2,0
https://openalex.org/W2028210159,2009,1,4,4,6
https://openalex.org/W2028220468,2009,10,3,13,25
https://openalex.org/W2028411437,2009,1,0,2,0
https://openalex.org/W2028414659,2009,0,3,5,5
https://openalex.org/W2028487147,2009,3,4,20,15
https://openalex.org/W2028524376,2009,2,0,5,1
https://openalex.org/W2028631226,2009,4,1,0,1
https://openalex.org/W2028665507,2009,0,0,5,3
https://openalex.org/W2028712687,2009,0,2,2,5
https://openalex.org/W2028751730,2009,1,4,2,2
https://openalex.org/W2028837638,2009,0,0,0,1
https://openalex.org/W2028928784,2009,0,3,0,0
https://openalex.org/W2028972604,2009,4,0,13,2
https://openalex.org/W2029089017,2009,0,1,6,4
https://openalex.org/W2029146008,2009,0,6,3,12
https://openalex.org/W2029165529,2009,0,8,0,4
https://openalex.org/W2029171935,2009,0,0,0,2
https://openalex.org/W2029190318,2009,4,9,5,3
https://openalex.org/W2029455455,2009,0,0,1,1
https://openalex.org/W2029640531,2009,0,0,1,1
https://openalex.org/W2029801927,2009,0,13,18,9
https://openalex.org/W2029882841,2009,2,6,3,5
https://openalex.org/W2029897168,2009,0,2,1,0
https://openalex.org/W2030097853,2009,0,25,17,4
https://openalex.org/W2030221004,2009,0,2,6,8
https://openalex.org/W2030268579,2009,0,0,3,2
https://openalex.org/W2030385035,2009,0,1,4,2
https://openalex.org/W2030484305,2009,0,8,1,0
https://openalex.org/W2030568909,2009,0,1,0,3
https://openalex.org/W2030646288,2009,0,0,2,4
https://openalex.org/W2031212885,2009,0,0,3,0
https://openalex.org/W2031545789,2009,0,5,1,3
https://openalex.org/W2031617170,2009,4,8,12,9
https://openalex.org/W2031761862,2009,0,3,4,2
https://openalex.org/W2031771579,2009,0,4,2,0
https://openalex.org/W2031821222,2009,0,3,1,1
https://openalex.org/W2031929861,2009,0,1,6,6
https://openalex.org/W2031944408,2009,5,10,14,8
https://openalex.org/W2032016089,2009,0,12,5,15
https://openalex.org/W2032223773,2009,0,0,2,5
https://openalex.org/W2032264996,2009,3,0,2,1
https://openalex.org/W2032339638,2009,0,9,3,2
https://openalex.org/W2032394396,2009,0,0,2,0
https://openalex.org/W2032451854,2009,1,8,6,4
https://openalex.org/W2032504756,2009,1,5,6,0
https://openalex.org/W2032581600,2009,0,0,2,0
https://openalex.org/W2032620300,2009,0,1,1,2
https://openalex.org/W2032716808,2009,0,2,1,0
https://openalex.org/W2033157715,2009,0,2,3,2
https://openalex.org/W2033196725,2009,0,1,0,0
https://openalex.org/W2033427293,2009,5,9,5,7
https://openalex.org/W2033496553,2009,0,0,0,1
https://openalex.org/W2033531032,2009,0,0,1,1
https://openalex.org/W2033693360,2009,0,8,0,1
https://openalex.org/W2033736649,2009,0,3,0,3
https://openalex.org/W2033773300,2009,9,12,116,42
https://openalex.org/W2033781216,2009,0,2,0,0
https://openalex.org/W2033816837,2009,0,1,4,7
https://openalex.org/W2034087197,2009,0,2,2,0
https://openalex.org/W2034161109,2009,0,9,0,4
https://openalex.org/W2034294824,2009,1,0,3,0
https://openalex.org/W2034343796,2009,0,1,0,1
https://openalex.org/W2034411370,2009,0,0,1,0
https://openalex.org/W2034624982,2009,0,2,1,1
https://openalex.org/W2034659648,2009,6,15,16,14
https://openalex.org/W2034821474,2009,0,1,0,2
https://openalex.org/W2034911631,2009,0,2,3,1
https://openalex.org/W2034944923,2009,0,0,3,1
https://openalex.org/W2034946317,2009,0,1,1,0
https://openalex.org/W2035082534,2009,0,1,2,1
https://openalex.org/W2035108032,2009,8,10,100,47
https://openalex.org/W2035164277,2009,8,1,6,5
https://openalex.org/W2035307867,2009,0,2,2,2
https://openalex.org/W2035354474,2009,0,0,1,1
https://openalex.org/W2035365297,2009,0,1,0,2
https://openalex.org/W2035531157,2009,6,6,19,10
https://openalex.org/W2035829696,2009,4,3,9,1
https://openalex.org/W2035984385,2009,4,0,1,0
https://openalex.org/W2035990928,2009,0,2,0,1
https://openalex.org/W2036034735,2009,10,2,3,2
https://openalex.org/W2036183689,2009,0,0,0,1
https://openalex.org/W2036306002,2009,0,0,0,1
https://openalex.org/W2036322563,2009,0,1,2,0
https://openalex.org/W2036377536,2009,0,4,2,2
https://openalex.org/W2036497460,2009,0,1,1,0
https://openalex.org/W2036526688,2009,0,2,5,2
https://openalex.org/W2036686082,2009,9,40,14,15
https://openalex.org/W2036728971,2009,0,3,8,3
https://openalex.org/W2036772657,2009,2,5,7,8
https://openalex.org/W2036788512,2009,0,4,0,1
https://openalex.org/W2036834463,2009,0,0,6,5
https://openalex.org/W2036873495,2009,2,19,43,21
https://openalex.org/W2036886462,2009,0,3,0,2
https://openalex.org/W2036933801,2009,2,2,13,13
https://openalex.org/W2037195191,2009,0,5,5,1
https://openalex.org/W2037303969,2009,0,0,1,1
https://openalex.org/W2037329071,2009,1,0,1,0
https://openalex.org/W2037352210,2009,0,1,9,6
https://openalex.org/W2037379935,2009,0,2,0,1
https://openalex.org/W2037416413,2009,0,5,9,3
https://openalex.org/W2037656190,2009,0,0,2,0
https://openalex.org/W2037690108,2009,0,0,2,0
https://openalex.org/W2037717640,2009,3,2,1,2
https://openalex.org/W2037893564,2009,0,1,0,0
https://openalex.org/W2037935052,2009,0,4,1,1
https://openalex.org/W2038277237,2009,0,1,1,2
https://openalex.org/W2038314536,2009,2,3,12,4
https://openalex.org/W2038461311,2009,0,6,0,0
https://openalex.org/W2038716945,2009,0,2,3,3
https://openalex.org/W2038759370,2009,0,1,0,1
https://openalex.org/W2038891722,2009,1,1,1,0
https://openalex.org/W2039175374,2009,0,0,12,0
https://openalex.org/W2039316214,2009,0,6,8,10
https://openalex.org/W2039353972,2009,0,2,1,0
https://openalex.org/W2039575312,2009,0,6,1,0
https://openalex.org/W2039649319,2009,0,2,2,4
https://openalex.org/W2039656488,2009,0,2,7,6
https://openalex.org/W2039841038,2009,2,0,1,1
https://openalex.org/W2039907456,2009,0,2,4,3
https://openalex.org/W2040015574,2009,0,1,2,0
https://openalex.org/W2040040267,2009,0,1,0,0
https://openalex.org/W2040156385,2009,4,24,44,14
https://openalex.org/W2040282232,2009,0,4,1,2
https://openalex.org/W2040284951,2009,10,22,31,15
https://openalex.org/W2040476252,2009,0,1,0,0
https://openalex.org/W2040503182,2009,0,4,2,0
https://openalex.org/W2041080008,2009,8,181,127,113
https://openalex.org/W2041133414,2009,0,5,1,1
https://openalex.org/W2041249465,2009,0,29,2,5
https://openalex.org/W2041266537,2009,0,3,2,0
https://openalex.org/W2041385466,2009,1,3,1,1
https://openalex.org/W2041399754,2009,3,6,1,3
https://openalex.org/W2041495358,2009,1,3,2,2
https://openalex.org/W2041554205,2009,0,4,6,2
https://openalex.org/W2041759668,2009,1,2,0,1
https://openalex.org/W2041841943,2009,0,0,1,0
https://openalex.org/W2042074088,2009,0,0,2,1
https://openalex.org/W2042092746,2009,11,140,166,32
https://openalex.org/W2042304954,2009,0,0,15,7
https://openalex.org/W2042336495,2009,0,1,0,0
https://openalex.org/W2042371394,2009,0,1,1,2
https://openalex.org/W2042638102,2009,0,1,1,2
https://openalex.org/W2042733986,2009,0,1,3,3
https://openalex.org/W2042760918,2009,0,1,0,2
https://openalex.org/W2042872506,2009,0,4,10,6
https://openalex.org/W2042926942,2009,0,15,1,2
https://openalex.org/W2042948462,2009,1,1,1,4
https://openalex.org/W2043164977,2009,0,1,7,6
https://openalex.org/W2043425450,2009,8,21,61,26
https://openalex.org/W2043455331,2009,1,0,0,1
https://openalex.org/W2043486796,2009,0,2,1,2
https://openalex.org/W2043571969,2009,0,0,4,1
https://openalex.org/W2043583957,2009,0,0,0,2
https://openalex.org/W2043702860,2009,7,80,97,39
https://openalex.org/W2044136538,2009,0,2,0,3
https://openalex.org/W2044289791,2009,0,6,25,15
https://openalex.org/W2044425328,2009,2,0,1,0
https://openalex.org/W2044432867,2009,0,1,2,4
https://openalex.org/W2044554697,2009,0,6,12,9
https://openalex.org/W2044714302,2009,0,0,2,0
https://openalex.org/W2044790349,2009,5,1,3,3
https://openalex.org/W2044833871,2009,0,1,2,0
https://openalex.org/W2045050415,2009,3,1,14,6
https://openalex.org/W2045180015,2009,0,0,10,5
https://openalex.org/W2045180999,2009,0,1,5,0
https://openalex.org/W2045328421,2009,4,5,2,2
https://openalex.org/W2045340658,2009,0,0,2,0
https://openalex.org/W2045485644,2009,0,0,0,2
https://openalex.org/W2045488301,2009,1,10,9,9
https://openalex.org/W2045655204,2009,1,0,1,1
https://openalex.org/W2045750379,2009,0,5,5,1
https://openalex.org/W2045796517,2009,0,0,4,1
https://openalex.org/W2045805484,2009,4,0,2,0
https://openalex.org/W2045869233,2009,0,5,5,3
https://openalex.org/W2046047307,2009,0,0,2,1
https://openalex.org/W2046204237,2009,0,0,3,2
https://openalex.org/W2046306778,2009,6,0,4,0
https://openalex.org/W2046368088,2009,0,0,1,2
https://openalex.org/W2046491093,2009,0,0,0,1
https://openalex.org/W2046497780,2009,0,1,0,0
https://openalex.org/W2046653781,2009,0,1,0,1
https://openalex.org/W2046974738,2009,0,9,14,7
https://openalex.org/W2047149740,2009,0,0,15,1
https://openalex.org/W2047328133,2009,0,6,3,4
https://openalex.org/W2047358266,2009,0,1,1,1
https://openalex.org/W2047366276,2009,2,1,4,1
https://openalex.org/W2047389433,2009,0,0,8,0
https://openalex.org/W2047398321,2009,0,1,2,1
https://openalex.org/W2047599837,2009,0,1,0,1
https://openalex.org/W2047615687,2009,6,51,20,3
https://openalex.org/W2047883309,2009,10,17,33,8
https://openalex.org/W2047925161,2009,0,1,1,2
https://openalex.org/W2047946490,2009,0,0,2,2
https://openalex.org/W2048097889,2009,0,0,2,1
https://openalex.org/W2048287423,2009,0,0,3,1
https://openalex.org/W2048426851,2009,0,1,1,0
https://openalex.org/W2048526010,2009,0,0,1,0
https://openalex.org/W2049052342,2009,0,0,1,0
https://openalex.org/W2049074085,2009,0,6,5,3
https://openalex.org/W2049108828,2009,1,1,4,3
https://openalex.org/W2049175689,2009,1,0,2,3
https://openalex.org/W2049543215,2009,0,2,2,1
https://openalex.org/W2049753902,2009,0,2,0,2
https://openalex.org/W2049792178,2009,0,2,3,2
https://openalex.org/W2049831013,2009,0,0,1,0
https://openalex.org/W2049895694,2009,0,3,2,2
https://openalex.org/W2050008940,2009,1,5,3,1
https://openalex.org/W2050132836,2009,1,1,3,1
https://openalex.org/W2050166780,2009,0,1,1,2
https://openalex.org/W2050172556,2009,0,1,5,18
https://openalex.org/W2050192473,2009,0,6,11,14
https://openalex.org/W2050280492,2009,0,0,2,1
https://openalex.org/W2050342299,2009,0,0,2,3
https://openalex.org/W2050345753,2009,0,0,0,2
https://openalex.org/W2050612014,2009,8,0,3,0
https://openalex.org/W2050682318,2009,0,0,1,1
https://openalex.org/W2050719102,2009,0,1,1,0
https://openalex.org/W2050825157,2009,0,4,3,0
https://openalex.org/W2050915431,2009,0,1,3,4
https://openalex.org/W2050956131,2009,9,8,4,1
https://openalex.org/W2050981169,2009,3,0,6,4
https://openalex.org/W2051025488,2009,0,8,9,11
https://openalex.org/W2051027958,2009,10,43,58,17
https://openalex.org/W2051131476,2009,0,0,5,3
https://openalex.org/W2051175704,2009,1,1,2,1
https://openalex.org/W2051186976,2009,0,8,7,3
https://openalex.org/W2051365428,2009,0,11,5,10
https://openalex.org/W2051654907,2009,10,29,87,34
https://openalex.org/W2051900834,2009,0,5,11,3
https://openalex.org/W2051907145,2009,0,2,2,1
https://openalex.org/W2052058907,2009,0,1,1,1
https://openalex.org/W2052066503,2009,0,0,3,0
https://openalex.org/W2052144207,2009,0,8,18,13
https://openalex.org/W2052209578,2009,0,0,2,0
https://openalex.org/W2052213112,2009,9,1,12,2
https://openalex.org/W2052224719,2009,0,0,6,6
https://openalex.org/W2052458522,2009,5,8,13,9
https://openalex.org/W2052483894,2009,0,3,1,0
https://openalex.org/W2052734957,2009,0,0,0,2
https://openalex.org/W2052766867,2009,0,4,1,4
https://openalex.org/W2052767490,2009,0,1,3,1
https://openalex.org/W2052837763,2009,0,0,2,1
https://openalex.org/W2053006745,2009,0,4,2,1
https://openalex.org/W2053011769,2009,0,0,8,4
https://openalex.org/W2053035282,2009,0,2,0,3
https://openalex.org/W2053108195,2009,11,18,41,13
https://openalex.org/W2053612594,2009,0,0,1,1
https://openalex.org/W2053766291,2009,0,1,1,1
https://openalex.org/W2054064583,2009,0,8,1,4
https://openalex.org/W2054122946,2009,0,3,4,5
https://openalex.org/W2054124520,2009,0,1,1,2
https://openalex.org/W2054224290,2009,0,10,4,5
https://openalex.org/W2054480470,2009,0,1,3,4
https://openalex.org/W2054516340,2009,0,0,0,3
https://openalex.org/W2054715448,2009,0,0,0,10
https://openalex.org/W2055205013,2009,0,2,7,5
https://openalex.org/W2055432175,2009,2,0,1,0
https://openalex.org/W2055456505,2009,2,1,6,4
https://openalex.org/W2055513487,2009,1,1,5,3
https://openalex.org/W2055593895,2009,4,5,5,10
https://openalex.org/W2055702984,2009,0,0,1,0
https://openalex.org/W2055951521,2009,0,1,1,0
https://openalex.org/W2056043441,2009,0,4,0,1
https://openalex.org/W2056046385,2009,0,0,0,3
https://openalex.org/W2056493144,2009,1,0,1,4
https://openalex.org/W2056493872,2009,0,4,3,1
https://openalex.org/W2056672094,2009,0,3,0,4
https://openalex.org/W2056733705,2009,0,0,3,1
https://openalex.org/W2057036851,2009,8,47,27,25
https://openalex.org/W2057053064,2009,0,3,7,3
https://openalex.org/W2057095399,2009,1,2,3,0
https://openalex.org/W2057167117,2009,0,2,3,0
https://openalex.org/W2057191718,2009,3,6,8,4
https://openalex.org/W2057280625,2009,2,0,3,1
https://openalex.org/W2057345464,2009,3,35,39,46
https://openalex.org/W2057349952,2009,0,3,5,3
https://openalex.org/W2057351182,2009,0,2,2,2
https://openalex.org/W2057351803,2009,0,2,1,3
https://openalex.org/W2057655052,2009,0,2,0,0
https://openalex.org/W2057753645,2009,8,55,45,45
https://openalex.org/W2057779294,2009,0,0,3,1
https://openalex.org/W2057843613,2009,9,16,27,22
https://openalex.org/W2058036525,2009,0,0,2,3
https://openalex.org/W2058221139,2009,0,0,1,3
https://openalex.org/W2058254191,2009,0,5,0,0
https://openalex.org/W2058271778,2009,0,0,2,2
https://openalex.org/W2058342674,2009,0,2,0,1
https://openalex.org/W2058406112,2009,0,3,1,1
https://openalex.org/W2058415152,2009,0,0,9,4
https://openalex.org/W2058422507,2009,0,0,4,1
https://openalex.org/W2058766293,2009,1,3,0,1
https://openalex.org/W2058887968,2009,0,1,1,5
https://openalex.org/W2059056081,2009,0,2,2,0
https://openalex.org/W2059091133,2009,0,2,5,2
https://openalex.org/W2059277612,2009,8,2,5,1
https://openalex.org/W2059440885,2009,0,10,7,4
https://openalex.org/W2059465966,2009,0,5,1,5
https://openalex.org/W2059601599,2009,1,16,9,18
https://openalex.org/W2059611977,2009,1,4,3,1
https://openalex.org/W2059706576,2009,6,3,12,6
https://openalex.org/W2060531155,2009,0,1,4,5
https://openalex.org/W2061077988,2009,0,1,2,3
https://openalex.org/W2061079716,2009,3,11,1,1
https://openalex.org/W2061233104,2009,0,2,0,1
https://openalex.org/W2061377800,2009,0,0,9,4
https://openalex.org/W2061524055,2009,0,6,1,0
https://openalex.org/W2061624712,2009,0,5,0,0
https://openalex.org/W2061781883,2009,6,0,6,3
https://openalex.org/W2061787368,2009,0,1,4,2
https://openalex.org/W2061796218,2009,0,1,3,2
https://openalex.org/W2061825374,2009,0,3,0,0
https://openalex.org/W2061832380,2009,3,8,6,2
https://openalex.org/W2061884027,2009,0,0,1,1
https://openalex.org/W2061956344,2009,0,1,4,1
https://openalex.org/W2062065274,2009,3,0,2,3
https://openalex.org/W2062176249,2009,0,1,0,0
https://openalex.org/W2062196284,2009,1,1,2,0
https://openalex.org/W2062268135,2009,3,1,8,3
https://openalex.org/W2062269398,2009,3,5,8,2
https://openalex.org/W2062277106,2009,0,0,2,1
https://openalex.org/W2062403587,2009,0,0,31,3
https://openalex.org/W2062563834,2009,0,5,0,3
https://openalex.org/W2062733189,2009,0,5,0,2
https://openalex.org/W2062775199,2009,0,2,1,1
https://openalex.org/W2062928390,2009,0,2,4,1
https://openalex.org/W2062974187,2009,9,0,10,3
https://openalex.org/W2062991844,2009,0,3,0,1
https://openalex.org/W2062996534,2009,0,1,5,6
https://openalex.org/W2063100425,2009,0,10,1,1
https://openalex.org/W2063108116,2009,0,5,1,4
https://openalex.org/W2063161501,2009,7,10,8,5
https://openalex.org/W2063200338,2009,0,1,2,1
https://openalex.org/W2063232323,2009,1,1,3,3
https://openalex.org/W2063244724,2009,8,2,4,3
https://openalex.org/W2063318439,2009,3,10,10,4
https://openalex.org/W2063393038,2009,1,0,4,1
https://openalex.org/W2063566599,2009,0,3,0,1
https://openalex.org/W2063566827,2009,0,0,0,1
https://openalex.org/W2063584719,2009,6,10,12,8
https://openalex.org/W2063654817,2009,0,1,2,0
https://openalex.org/W2063679870,2009,0,0,0,1
https://openalex.org/W2064091094,2009,6,4,35,11
https://openalex.org/W2064139436,2009,0,3,1,2
https://openalex.org/W2064163144,2009,0,0,9,3
https://openalex.org/W2064729942,2009,0,3,1,1
https://openalex.org/W2064802716,2009,6,13,19,9
https://openalex.org/W2064817194,2009,1,0,5,4
https://openalex.org/W2065006755,2009,0,2,0,0
https://openalex.org/W2065145736,2009,0,21,48,2
https://openalex.org/W2065179775,2009,0,0,2,1
https://openalex.org/W2065360535,2009,2,1,3,4
https://openalex.org/W2065375863,2009,2,4,0,1
https://openalex.org/W2065455571,2009,1,15,10,11
https://openalex.org/W2065674069,2009,1,1,1,0
https://openalex.org/W2065717779,2009,0,3,2,4
https://openalex.org/W2066023154,2009,0,2,5,4
https://openalex.org/W2066103542,2009,0,0,1,0
https://openalex.org/W2066178638,2009,0,0,2,0
https://openalex.org/W2066659825,2009,4,2,5,5
https://openalex.org/W2066879255,2009,0,1,2,2
https://openalex.org/W2067108011,2009,1,0,2,0
https://openalex.org/W2067206337,2009,0,3,0,1
https://openalex.org/W2067275569,2009,0,3,1,2
https://openalex.org/W2067329850,2009,0,0,5,0
https://openalex.org/W2067668080,2009,3,1,2,4
https://openalex.org/W2067767241,2009,6,53,126,81
https://openalex.org/W2067889769,2009,4,17,23,37
https://openalex.org/W2068068438,2009,2,7,4,7
https://openalex.org/W2068159649,2009,5,4,7,13
https://openalex.org/W2068246688,2009,0,0,3,1
https://openalex.org/W2068358256,2009,0,4,5,2
https://openalex.org/W2068420430,2009,0,0,0,3
https://openalex.org/W2068524631,2009,0,2,3,0
https://openalex.org/W2068748518,2009,0,0,0,1
https://openalex.org/W2068780868,2009,0,1,2,2
https://openalex.org/W2068800722,2009,0,1,0,2
https://openalex.org/W2068902651,2009,1,6,2,4
https://openalex.org/W2069054953,2009,0,0,3,3
https://openalex.org/W2069075640,2009,7,0,3,24
https://openalex.org/W2069100305,2009,12,9,37,4
https://openalex.org/W2069139825,2009,5,3,1,2
https://openalex.org/W2069275215,2009,0,0,1,1
https://openalex.org/W2069379173,2009,0,0,0,2
https://openalex.org/W2069511006,2009,0,0,1,1
https://openalex.org/W2069540391,2009,0,2,2,0
https://openalex.org/W2069551920,2009,0,3,0,11
https://openalex.org/W2069631046,2009,2,0,1,0
https://openalex.org/W2069688249,2009,10,373,264,136
https://openalex.org/W2069695899,2009,1,0,1,1
https://openalex.org/W2069706734,2009,3,1,3,2
https://openalex.org/W2069867706,2009,0,1,1,1
https://openalex.org/W2069944242,2009,0,0,1,0
https://openalex.org/W2070040037,2009,0,2,3,0
https://openalex.org/W2070166389,2009,0,3,0,1
https://openalex.org/W2070178456,2009,0,1,2,0
https://openalex.org/W2070318074,2009,1,1,2,3
https://openalex.org/W2070411660,2009,0,1,3,2
https://openalex.org/W2070483498,2009,3,2,10,7
https://openalex.org/W2070511540,2009,0,1,0,1
https://openalex.org/W2070684192,2009,0,0,1,0
https://openalex.org/W2070768982,2009,0,7,14,14
https://openalex.org/W2070830136,2009,0,3,0,0
https://openalex.org/W2070853178,2009,0,1,0,3
https://openalex.org/W2070968380,2009,4,2,3,4
https://openalex.org/W2071010363,2009,0,1,4,0
https://openalex.org/W2071051189,2009,0,7,11,10
https://openalex.org/W2071065085,2009,0,8,1,2
https://openalex.org/W2071226225,2009,0,0,7,2
https://openalex.org/W2071258161,2009,0,1,2,2
https://openalex.org/W2071278734,2009,0,0,3,4
https://openalex.org/W2071326002,2009,6,1,0,0
https://openalex.org/W2071408060,2009,0,5,0,0
https://openalex.org/W2071443899,2009,9,16,9,8
https://openalex.org/W2071693518,2009,4,2,2,2
https://openalex.org/W2071760843,2009,9,22,28,7
https://openalex.org/W2071791926,2009,0,1,0,0
https://openalex.org/W2071973000,2009,1,8,11,14
https://openalex.org/W2072041116,2009,0,2,12,6
https://openalex.org/W2072344347,2009,0,1,2,1
https://openalex.org/W2072398075,2009,11,14,14,42
https://openalex.org/W2072428106,2009,2,0,1,0
https://openalex.org/W207245482,2009,0,5,4,9
https://openalex.org/W2072562607,2009,0,4,0,1
https://openalex.org/W2072600780,2009,1,1,2,1
https://openalex.org/W2072650225,2009,5,3,2,2
https://openalex.org/W2072747741,2009,0,4,1,1
https://openalex.org/W2072835069,2009,0,1,0,0
https://openalex.org/W2072919920,2009,4,1,2,4
https://openalex.org/W2072938795,2009,0,2,3,0
https://openalex.org/W2073048552,2009,0,3,17,9
https://openalex.org/W2073079981,2009,11,4,6,21
https://openalex.org/W2073116698,2009,0,1,9,1
https://openalex.org/W2073480450,2009,10,65,33,6
https://openalex.org/W2073524791,2009,0,5,9,6
https://openalex.org/W2073568220,2009,0,0,0,2
https://openalex.org/W2073956874,2009,2,2,8,2
https://openalex.org/W2074317619,2009,0,0,0,1
https://openalex.org/W2074320593,2009,0,5,12,8
https://openalex.org/W2074441423,2009,8,6,24,13
https://openalex.org/W2074564286,2009,0,2,1,3
https://openalex.org/W2074608801,2009,0,1,6,4
https://openalex.org/W2074836608,2009,0,1,0,1
https://openalex.org/W2074895359,2009,0,8,1,0
https://openalex.org/W2075007523,2009,3,11,9,7
https://openalex.org/W2075111879,2009,0,0,0,3
https://openalex.org/W2075424456,2009,0,2,3,0
https://openalex.org/W2075555902,2009,0,1,3,5
https://openalex.org/W2075557454,2009,0,1,3,3
https://openalex.org/W2075645594,2009,0,2,1,1
https://openalex.org/W2075667278,2009,0,1,6,6
https://openalex.org/W2075689907,2009,0,0,2,2
https://openalex.org/W2075878041,2009,0,1,2,4
https://openalex.org/W2075883386,2009,0,1,0,1
https://openalex.org/W2075908161,2009,0,1,3,0
https://openalex.org/W2075912427,2009,4,0,2,1
https://openalex.org/W2075964688,2009,1,7,0,3
https://openalex.org/W2075987970,2009,0,0,1,1
https://openalex.org/W2076136113,2009,3,2,12,9
https://openalex.org/W2076221593,2009,0,0,0,3
https://openalex.org/W2076352631,2009,0,0,1,1
https://openalex.org/W2076376877,2009,0,2,4,0
https://openalex.org/W2076403930,2009,3,13,16,12
https://openalex.org/W2076415323,2009,2,0,2,3
https://openalex.org/W2076452646,2009,1,1,2,4
https://openalex.org/W2076489685,2009,0,0,1,2
https://openalex.org/W2076675476,2009,0,2,1,1
https://openalex.org/W2076716399,2009,8,26,110,68
https://openalex.org/W2076864102,2009,3,2,2,3
https://openalex.org/W2076905752,2009,0,1,0,6
https://openalex.org/W2077006731,2009,6,7,4,60
https://openalex.org/W2077049604,2009,0,1,1,1
https://openalex.org/W2077062538,2009,0,1,13,4
https://openalex.org/W2077065269,2009,0,1,2,5
https://openalex.org/W2077070139,2009,0,0,2,0
https://openalex.org/W2077113097,2009,0,2,1,3
https://openalex.org/W2077171392,2009,0,0,3,0
https://openalex.org/W2077496952,2009,0,4,6,7
https://openalex.org/W2077553600,2009,7,27,36,14
https://openalex.org/W2077614495,2009,1,1,0,0
https://openalex.org/W2077677227,2009,0,0,2,4
https://openalex.org/W2077679469,2009,5,3,1,3
https://openalex.org/W2077894861,2009,0,0,3,2
https://openalex.org/W2078001694,2009,0,1,2,0
https://openalex.org/W2078083500,2009,0,4,1,1
https://openalex.org/W2078176974,2009,1,0,3,1
https://openalex.org/W2078263230,2009,0,1,4,0
https://openalex.org/W2078293357,2009,1,1,1,0
https://openalex.org/W2078319271,2009,10,40,178,48
https://openalex.org/W2078550053,2009,1,1,1,2
https://openalex.org/W2078861244,2009,8,5,12,18
https://openalex.org/W2078884994,2009,0,0,3,0
https://openalex.org/W2078934558,2009,0,5,2,0
https://openalex.org/W2079097983,2009,0,2,8,0
https://openalex.org/W2079105967,2009,0,2,0,3
https://openalex.org/W2079218308,2009,0,3,1,3
https://openalex.org/W2079323349,2009,10,56,41,16
https://openalex.org/W2079396799,2009,0,4,2,0
https://openalex.org/W2079445333,2009,0,1,4,0
https://openalex.org/W2079549265,2009,0,1,7,0
https://openalex.org/W2079587834,2009,0,3,1,1
https://openalex.org/W2079656493,2009,9,12,22,7
https://openalex.org/W2079684318,2009,0,19,2,10
https://openalex.org/W2079792481,2009,0,3,8,3
https://openalex.org/W2079855650,2009,0,3,3,5
https://openalex.org/W2079935922,2009,0,0,6,9
https://openalex.org/W2080088950,2009,0,4,0,1
https://openalex.org/W2080090456,2009,0,1,2,1
https://openalex.org/W2080093770,2009,0,4,2,6
https://openalex.org/W2080120874,2009,0,2,4,0
https://openalex.org/W2080134701,2009,0,2,0,1
https://openalex.org/W2080140661,2009,0,2,0,0
https://openalex.org/W2080183726,2009,0,0,5,10
https://openalex.org/W2080213831,2009,5,1,1,1
https://openalex.org/W2080275009,2009,0,2,2,2
https://openalex.org/W2080394822,2009,0,1,3,1
https://openalex.org/W2080433840,2009,1,3,6,5
https://openalex.org/W2080573397,2009,0,6,7,8
https://openalex.org/W2080856627,2009,0,0,13,2
https://openalex.org/W2080905095,2009,6,1,4,0
https://openalex.org/W2081059758,2009,4,5,1,2
https://openalex.org/W2081066268,2009,0,0,0,2
https://openalex.org/W2081076708,2009,0,1,2,3
https://openalex.org/W2081214476,2009,0,1,1,0
https://openalex.org/W2081260362,2009,0,3,2,0
https://openalex.org/W2081296302,2009,2,3,4,1
https://openalex.org/W2081297644,2009,5,33,31,8
https://openalex.org/W2081564062,2009,0,0,3,1
https://openalex.org/W2081576750,2009,1,0,0,1
https://openalex.org/W2081651386,2009,0,5,12,3
https://openalex.org/W2081798406,2009,1,0,7,4
https://openalex.org/W2081852743,2009,0,4,1,1
https://openalex.org/W2081875929,2009,2,9,8,7
https://openalex.org/W2081983781,2009,1,1,0,0
https://openalex.org/W2082025758,2009,5,7,58,41
https://openalex.org/W2082040414,2009,0,4,0,0
https://openalex.org/W2082081769,2009,0,1,12,3
https://openalex.org/W2082093068,2009,0,3,0,3
https://openalex.org/W2082139209,2009,0,4,2,3
https://openalex.org/W2082183654,2009,2,7,20,16
https://openalex.org/W2082223296,2009,0,1,2,2
https://openalex.org/W2082301910,2009,0,0,7,2
https://openalex.org/W2082579833,2009,0,2,1,0
https://openalex.org/W2082751499,2009,2,1,3,1
https://openalex.org/W2082783191,2009,6,46,33,29
https://openalex.org/W2082850053,2009,5,3,4,0
https://openalex.org/W2083245898,2009,1,2,2,1
https://openalex.org/W2083649716,2009,0,0,1,1
https://openalex.org/W2083695268,2009,0,1,3,1
https://openalex.org/W2083754224,2009,0,3,4,2
https://openalex.org/W2084166352,2009,0,2,4,5
https://openalex.org/W2084216179,2009,0,1,3,5
https://openalex.org/W2084240991,2009,3,4,21,11
https://openalex.org/W2084346782,2009,7,1,22,2
https://openalex.org/W2084703760,2009,0,5,0,0
https://openalex.org/W2084733308,2009,0,0,0,4
https://openalex.org/W2084768086,2009,2,0,0,1
https://openalex.org/W2084803972,2009,0,0,0,2
https://openalex.org/W2084856515,2009,1,5,1,3
https://openalex.org/W2084924967,2009,5,29,32,15
https://openalex.org/W2085043535,2009,0,0,1,2
https://openalex.org/W2085312714,2009,7,6,15,6
https://openalex.org/W2085332734,2009,0,8,2,3
https://openalex.org/W2085450926,2009,2,5,1,1
https://openalex.org/W2085516454,2009,0,2,2,4
https://openalex.org/W2085702360,2009,0,1,2,0
https://openalex.org/W2085775137,2009,0,4,6,8
https://openalex.org/W2086101105,2009,0,5,2,1
https://openalex.org/W2086504829,2009,0,0,1,0
https://openalex.org/W2086911261,2009,1,5,6,5
https://openalex.org/W2086919084,2009,0,1,2,0
https://openalex.org/W2087217377,2009,0,3,4,1
https://openalex.org/W2087286107,2009,0,0,2,0
https://openalex.org/W2087304150,2009,0,1,4,1
https://openalex.org/W2087436720,2009,0,3,2,3
https://openalex.org/W2087439717,2009,11,128,107,53
https://openalex.org/W2087499742,2009,1,1,9,1
https://openalex.org/W2087647435,2009,0,0,4,2
https://openalex.org/W2087707641,2009,0,2,1,2
https://openalex.org/W2087905139,2009,0,0,2,1
https://openalex.org/W2087920779,2009,0,0,0,2
https://openalex.org/W2088065944,2009,2,0,1,3
https://openalex.org/W2088150361,2009,0,0,2,0
https://openalex.org/W2088234911,2009,0,6,7,3
https://openalex.org/W2088301479,2009,0,1,6,5
https://openalex.org/W2088363755,2009,8,21,59,13
https://openalex.org/W2088661135,2009,0,7,12,3
https://openalex.org/W2088831413,2009,0,1,0,1
https://openalex.org/W2088893711,2009,6,8,13,8
https://openalex.org/W2088894301,2009,0,5,2,2
https://openalex.org/W2088994820,2009,0,0,3,0
https://openalex.org/W2089068121,2009,2,0,11,7
https://openalex.org/W2089212539,2009,4,12,14,7
https://openalex.org/W2089262023,2009,0,1,1,2
https://openalex.org/W2089267577,2009,0,1,2,3
https://openalex.org/W2089403234,2009,0,4,8,4
https://openalex.org/W2089425242,2009,0,0,5,1
https://openalex.org/W2089470889,2009,0,0,1,0
https://openalex.org/W2089594960,2009,0,5,0,7
https://openalex.org/W2089618271,2009,3,0,0,2
https://openalex.org/W2089647894,2009,0,3,0,2
https://openalex.org/W2089660656,2009,1,1,1,4
https://openalex.org/W2089697141,2009,0,2,1,1
https://openalex.org/W2089843487,2009,1,0,1,0
https://openalex.org/W2090007240,2009,0,3,3,0
https://openalex.org/W2090414972,2009,0,0,0,2
https://openalex.org/W2090712730,2009,0,1,3,2
https://openalex.org/W2090751193,2009,0,13,8,8
https://openalex.org/W2090752345,2009,0,2,6,3
https://openalex.org/W2090767044,2009,0,0,1,0
https://openalex.org/W2090852221,2009,0,1,5,2
https://openalex.org/W2090993656,2009,0,18,2,5
https://openalex.org/W2091136761,2009,2,2,4,2
https://openalex.org/W2091141053,2009,0,2,0,2
https://openalex.org/W2091168080,2009,6,2,5,4
https://openalex.org/W2091174314,2009,0,2,2,8
https://openalex.org/W2091209592,2009,8,0,7,4
https://openalex.org/W2091275656,2009,0,0,5,2
https://openalex.org/W2091457174,2009,0,0,1,1
https://openalex.org/W2091526600,2009,12,59,169,18
https://openalex.org/W2091676029,2009,0,4,12,5
https://openalex.org/W2091809857,2009,0,0,2,3
https://openalex.org/W2091841386,2009,0,4,1,1
https://openalex.org/W2092116307,2009,12,168,134,97
https://openalex.org/W2092174991,2009,1,1,2,1
https://openalex.org/W2092186132,2009,12,3,10,3
https://openalex.org/W2092235032,2009,0,3,1,1
https://openalex.org/W2092238643,2009,0,0,4,0
https://openalex.org/W2092312612,2009,0,1,1,0
https://openalex.org/W2092405968,2009,0,1,1,0
https://openalex.org/W2092443239,2009,3,0,3,3
https://openalex.org/W2092825147,2009,0,1,3,1
https://openalex.org/W2092985594,2009,0,3,3,7
https://openalex.org/W2093010646,2009,0,0,2,3
https://openalex.org/W2093292800,2009,4,1,14,4
https://openalex.org/W2093822232,2009,0,5,2,0
https://openalex.org/W2094012071,2009,0,2,1,2
https://openalex.org/W2094015181,2009,0,2,9,2
https://openalex.org/W2094054185,2009,1,1,29,11
https://openalex.org/W2094100331,2009,0,6,3,4
https://openalex.org/W2094161093,2009,7,25,20,26
https://openalex.org/W2094748126,2009,0,3,0,1
https://openalex.org/W2094762672,2009,0,3,0,2
https://openalex.org/W2094980996,2009,8,1,16,22
https://openalex.org/W2095070006,2009,0,0,3,0
https://openalex.org/W2095076133,2009,1,0,0,1
https://openalex.org/W2095131345,2009,1,2,3,2
https://openalex.org/W2095307558,2009,0,0,2,0
https://openalex.org/W2095461030,2009,0,0,3,1
https://openalex.org/W2095472534,2009,0,0,2,2
https://openalex.org/W2095547438,2009,1,3,3,4
https://openalex.org/W2095744250,2009,0,1,0,0
https://openalex.org/W2095744706,2009,0,0,1,0
https://openalex.org/W2095758864,2009,1,0,0,2
https://openalex.org/W2095792714,2009,0,8,1,1
https://openalex.org/W2095861045,2009,1,0,1,0
https://openalex.org/W2095983507,2009,0,6,4,2
https://openalex.org/W2096094315,2009,0,0,6,7
https://openalex.org/W2096097699,2009,0,1,2,1
https://openalex.org/W2096200516,2009,3,1,4,1
https://openalex.org/W2096239454,2009,0,6,5,4
https://openalex.org/W2096718245,2009,0,1,0,0
https://openalex.org/W2096758970,2009,0,1,0,0
https://openalex.org/W2096897763,2009,3,3,7,5
https://openalex.org/W2097155621,2009,0,6,1,0
https://openalex.org/W2097165586,2009,2,5,16,6
https://openalex.org/W2097290812,2009,0,3,1,1
https://openalex.org/W2097649460,2009,6,2,12,0
https://openalex.org/W2097819406,2009,0,0,2,0
https://openalex.org/W2097959590,2009,0,1,0,2
https://openalex.org/W2098177038,2009,5,4,2,3
https://openalex.org/W2098316491,2009,0,8,4,5
https://openalex.org/W2098660565,2009,4,0,60,19
https://openalex.org/W2098821744,2009,0,8,1,10
https://openalex.org/W2099365066,2009,0,2,2,1
https://openalex.org/W2099613881,2009,0,2,1,0
https://openalex.org/W2100573451,2009,1,0,10,7
https://openalex.org/W2100664278,2009,3,1,7,5
https://openalex.org/W2100783576,2009,0,1,7,2
https://openalex.org/W2101735455,2009,1,2,0,1
https://openalex.org/W2101740275,2009,3,6,10,12
https://openalex.org/W2101786234,2009,0,10,28,8
https://openalex.org/W2101791334,2009,3,10,27,17
https://openalex.org/W2102475620,2009,0,4,1,0
https://openalex.org/W2102745666,2009,2,0,2,0
https://openalex.org/W2102752206,2009,1,0,4,4
https://openalex.org/W2102758059,2009,9,8,15,4
https://openalex.org/W2103665592,2009,0,0,2,2
https://openalex.org/W2103712456,2009,0,0,1,3
https://openalex.org/W2103743998,2009,1,0,3,0
https://openalex.org/W2103832033,2009,0,2,0,0
https://openalex.org/W2103870187,2009,3,11,10,6
https://openalex.org/W2104044638,2009,0,0,2,1
https://openalex.org/W2104065472,2009,0,3,10,28
https://openalex.org/W2104098663,2009,1,1,3,1
https://openalex.org/W2104137495,2009,0,8,20,28
https://openalex.org/W2104297431,2009,1,0,3,5
https://openalex.org/W2104431334,2009,0,0,2,1
https://openalex.org/W2104757691,2009,2,8,7,7
https://openalex.org/W2104910153,2009,0,3,11,3
https://openalex.org/W2105034096,2009,3,5,10,9
https://openalex.org/W2105217490,2009,9,16,1,5
https://openalex.org/W2105637838,2009,0,3,4,4
https://openalex.org/W2105706231,2009,0,2,6,7
https://openalex.org/W2106062935,2009,9,34,37,11
https://openalex.org/W2106108313,2009,1,1,7,0
https://openalex.org/W2106248449,2009,3,0,4,2
https://openalex.org/W2106744033,2009,0,1,2,1
https://openalex.org/W2106765110,2009,0,1,1,0
https://openalex.org/W2106950236,2009,0,11,10,5
https://openalex.org/W2107107082,2009,1,0,1,1
https://openalex.org/W2107118980,2009,8,0,5,2
https://openalex.org/W2107483579,2009,0,1,0,1
https://openalex.org/W2107690627,2009,0,3,3,0
https://openalex.org/W2107880387,2009,0,13,12,8
https://openalex.org/W2108692972,2009,0,2,9,3
https://openalex.org/W2108782729,2009,0,1,0,1
https://openalex.org/W2108844438,2009,7,3,3,3
https://openalex.org/W2108873129,2009,0,16,18,19
https://openalex.org/W2109396803,2009,4,2,4,7
https://openalex.org/W2109788558,2009,0,6,17,5
https://openalex.org/W2109893126,2009,3,10,11,7
https://openalex.org/W2110018436,2009,7,54,85,58
https://openalex.org/W2110285583,2009,8,56,64,92
https://openalex.org/W2110486552,2009,0,11,7,16
https://openalex.org/W2110493987,2009,0,1,0,2
https://openalex.org/W2110745310,2009,0,7,1,1
https://openalex.org/W2110803558,2009,0,0,2,1
https://openalex.org/W2111156090,2009,0,0,2,0
https://openalex.org/W2111271924,2009,10,32,25,24
https://openalex.org/W2111329023,2009,0,1,3,2
https://openalex.org/W2111351023,2009,0,2,1,2
https://openalex.org/W2111542036,2009,4,4,56,22
https://openalex.org/W2111567137,2009,0,0,5,0
https://openalex.org/W2111852263,2009,0,0,1,2
https://openalex.org/W2111903321,2009,2,10,25,20
https://openalex.org/W2112003372,2009,0,4,2,1
https://openalex.org/W2112116751,2009,0,7,0,0
https://openalex.org/W2112486777,2009,0,6,3,1
https://openalex.org/W2112864234,2009,0,3,0,0
https://openalex.org/W2113095282,2009,0,0,4,0
https://openalex.org/W2113231897,2009,4,31,64,34
https://openalex.org/W2113626674,2009,2,1,0,0
https://openalex.org/W2113638688,2009,2,2,3,2
https://openalex.org/W2114028937,2009,0,3,2,2
https://openalex.org/W2114033705,2009,0,2,0,1
https://openalex.org/W2114153514,2009,0,1,3,0
https://openalex.org/W2114385776,2009,2,0,2,3
https://openalex.org/W2114395454,2009,0,0,0,1
https://openalex.org/W2114478907,2009,4,21,8,15
https://openalex.org/W2114645742,2009,1,4,4,4
https://openalex.org/W2114689011,2009,0,2,3,0
https://openalex.org/W2114975299,2009,3,30,44,38
https://openalex.org/W2115166144,2009,12,0,4,4
https://openalex.org/W2115202211,2009,0,1,0,1
https://openalex.org/W2115304243,2009,12,182,191,43
https://openalex.org/W2115580267,2009,0,1,1,0
https://openalex.org/W2115771556,2009,0,1,3,0
https://openalex.org/W2115847781,2009,0,2,2,0
https://openalex.org/W2116030510,2009,3,0,8,0
https://openalex.org/W2116237184,2009,0,0,2,0
https://openalex.org/W2116387115,2009,1,1,0,0
https://openalex.org/W2116806956,2009,0,3,2,1
https://openalex.org/W2116849266,2009,1,1,3,3
https://openalex.org/W2117013007,2009,0,2,2,4
https://openalex.org/W2117228974,2009,0,3,1,1
https://openalex.org/W2117564543,2009,2,5,4,1
https://openalex.org/W2117688200,2009,1,3,5,3
https://openalex.org/W2118186909,2009,0,3,1,8
https://openalex.org/W2118475123,2009,3,7,10,9
https://openalex.org/W2118638860,2009,0,1,59,95
https://openalex.org/W2118683229,2009,0,1,3,1
https://openalex.org/W2119353054,2009,2,1,2,2
https://openalex.org/W2119419353,2009,0,2,1,0
https://openalex.org/W2119945560,2009,0,1,5,2
https://openalex.org/W2119981469,2009,11,11,16,12
https://openalex.org/W2120205148,2009,0,1,1,0
https://openalex.org/W2120310725,2009,6,27,35,19
https://openalex.org/W2120634176,2009,4,3,2,4
https://openalex.org/W2120780219,2009,0,10,2,4
https://openalex.org/W2120988599,2009,0,2,1,0
https://openalex.org/W2121001699,2009,0,135,274,545
https://openalex.org/W2121068422,2009,0,1,1,3
https://openalex.org/W2121146081,2009,0,11,1,1
https://openalex.org/W2121343222,2009,0,3,0,1
https://openalex.org/W2121583048,2009,0,28,50,82
https://openalex.org/W2121642713,2009,10,29,16,6
https://openalex.org/W2121691123,2009,1,0,5,2
https://openalex.org/W2121750334,2009,0,1,16,1
https://openalex.org/W2122201615,2009,2,4,17,7
https://openalex.org/W2122585464,2009,0,0,0,1
https://openalex.org/W2122632777,2009,0,1,0,0
https://openalex.org/W2122783654,2009,0,0,0,1
https://openalex.org/W2123219370,2009,0,1,3,4
https://openalex.org/W2123233170,2009,0,2,3,0
https://openalex.org/W2123486216,2009,12,115,197,88
https://openalex.org/W2123502675,2009,0,5,7,4
https://openalex.org/W2123891684,2009,0,5,2,2
https://openalex.org/W2123973720,2009,0,8,7,16
https://openalex.org/W2124244656,2009,0,8,5,13
https://openalex.org/W2124532131,2009,0,14,3,6
https://openalex.org/W2124652172,2009,0,0,3,4
https://openalex.org/W2124826360,2009,0,8,10,9
https://openalex.org/W2125044414,2009,0,1,0,1
https://openalex.org/W2125055451,2009,0,12,7,2
https://openalex.org/W2125120454,2009,6,3,11,6
https://openalex.org/W2125133816,2009,0,0,3,0
https://openalex.org/W2125247608,2009,1,1,1,1
https://openalex.org/W2125507866,2009,0,5,1,2
https://openalex.org/W2125708845,2009,2,4,1,6
https://openalex.org/W2125761333,2009,8,16,84,54
https://openalex.org/W2125893832,2009,0,3,1,1
https://openalex.org/W2125899152,2009,0,1,0,0
https://openalex.org/W2125901756,2009,0,1,0,0
https://openalex.org/W2126159440,2009,0,17,6,2
https://openalex.org/W2127019654,2009,1,1,1,3
https://openalex.org/W2127054880,2009,0,0,1,0
https://openalex.org/W2127451964,2009,2,10,4,10
https://openalex.org/W2127653227,2009,3,5,14,7
https://openalex.org/W2127759254,2009,5,16,4,4
https://openalex.org/W2127831345,2009,1,3,3,2
https://openalex.org/W2127853968,2009,6,1,1,0
https://openalex.org/W2128197834,2009,7,10,26,10
https://openalex.org/W2128238322,2009,0,1,17,11
https://openalex.org/W2128301971,2009,7,0,2,2
https://openalex.org/W2128795557,2009,1,3,0,1
https://openalex.org/W2128863381,2009,0,5,1,3
https://openalex.org/W2129511927,2009,0,1,2,0
https://openalex.org/W2129930794,2009,0,1,0,1
https://openalex.org/W2130098930,2009,10,1,16,3
https://openalex.org/W2130469854,2009,0,22,16,14
https://openalex.org/W2130925823,2009,0,2,9,5
https://openalex.org/W2131021961,2009,0,4,3,1
https://openalex.org/W2132099799,2009,1,3,5,5
https://openalex.org/W2132267434,2009,0,5,1,0
https://openalex.org/W2132616110,2009,1,6,4,5
https://openalex.org/W2132950535,2009,7,9,18,13
https://openalex.org/W2132960397,2009,0,3,2,3
https://openalex.org/W2133245104,2009,7,10,36,33
https://openalex.org/W2133254841,2009,0,0,0,1
https://openalex.org/W2133259689,2009,0,1,0,0
https://openalex.org/W2133397258,2009,0,0,0,1
https://openalex.org/W2133447956,2009,0,1,0,0
https://openalex.org/W2133522855,2009,1,0,5,8
https://openalex.org/W2134830953,2009,3,1,0,0
https://openalex.org/W2135298404,2009,0,0,0,2
https://openalex.org/W2135624424,2009,0,0,0,1
https://openalex.org/W2135678475,2009,9,1,5,0
https://openalex.org/W2135795915,2009,0,1,2,2
https://openalex.org/W2136428959,2009,0,5,1,0
https://openalex.org/W2136722082,2009,2,4,10,12
https://openalex.org/W2136734842,2009,2,20,15,11
https://openalex.org/W2136812419,2009,0,1,15,4
https://openalex.org/W2137213116,2009,0,0,3,1
https://openalex.org/W2137227356,2009,0,0,4,0
https://openalex.org/W2138122541,2009,10,246,179,90
https://openalex.org/W2138172433,2009,0,1,2,1
https://openalex.org/W2138270527,2009,0,1,1,2
https://openalex.org/W2138336715,2009,0,7,13,3
https://openalex.org/W2138383851,2009,0,13,4,12
https://openalex.org/W2138384271,2009,1,2,4,2
https://openalex.org/W2138470414,2009,0,0,4,1
https://openalex.org/W2138709376,2009,0,2,0,0
https://openalex.org/W2138865281,2009,1,1,5,8
https://openalex.org/W2138996428,2009,0,1,0,4
https://openalex.org/W2139055385,2009,0,0,0,1
https://openalex.org/W2139423418,2009,0,0,1,2
https://openalex.org/W2139737871,2009,5,2,4,1
https://openalex.org/W2139969605,2009,1,1,0,0
https://openalex.org/W2140269608,2009,0,2,10,3
https://openalex.org/W2140391260,2009,11,9,40,25
https://openalex.org/W2141106272,2009,6,15,52,49
https://openalex.org/W2141190133,2009,0,1,0,1
https://openalex.org/W2141244999,2009,5,9,8,2
https://openalex.org/W2141307728,2009,0,1,1,0
https://openalex.org/W2141599211,2009,0,1,0,0
https://openalex.org/W2141848402,2009,5,51,63,33
https://openalex.org/W2141849885,2009,0,2,0,2
https://openalex.org/W2142009669,2009,0,6,5,14
https://openalex.org/W2142015838,2009,0,0,1,0
https://openalex.org/W2142016804,2009,0,1,11,9
https://openalex.org/W2142154335,2009,1,0,0,1
https://openalex.org/W2142300264,2009,6,6,8,3
https://openalex.org/W2142481079,2009,1,0,1,4
https://openalex.org/W2142713749,2009,0,3,0,1
https://openalex.org/W2142866859,2009,0,0,1,4
https://openalex.org/W2142908656,2009,0,0,2,2
https://openalex.org/W2142949458,2009,1,1,1,7
https://openalex.org/W2142996576,2009,0,26,51,41
https://openalex.org/W2143207899,2009,1,0,0,1
https://openalex.org/W2143254843,2009,9,87,44,39
https://openalex.org/W2143349636,2009,0,0,3,3
https://openalex.org/W2143944645,2009,1,2,0,1
https://openalex.org/W2144032325,2009,3,1,1,2
https://openalex.org/W2144150527,2009,4,8,21,23
https://openalex.org/W2144328754,2009,0,0,1,0
https://openalex.org/W2144380166,2009,0,3,15,4
https://openalex.org/W2144564499,2009,5,31,27,14
https://openalex.org/W2145021319,2009,2,0,2,1
https://openalex.org/W2145321838,2009,2,2,0,1
https://openalex.org/W2145474900,2009,4,6,11,9
https://openalex.org/W2145551722,2009,6,29,99,57
https://openalex.org/W2145678281,2009,0,0,6,3
https://openalex.org/W2145686722,2009,0,1,1,1
https://openalex.org/W2146036952,2009,6,3,68,49
https://openalex.org/W2146473823,2009,0,1,0,0
https://openalex.org/W2146548516,2009,1,4,4,1
https://openalex.org/W2146695999,2009,1,2,5,1
https://openalex.org/W2147059402,2009,2,0,1,0
https://openalex.org/W2147174122,2009,0,0,3,1
https://openalex.org/W2147205300,2009,0,0,1,2
https://openalex.org/W2147314063,2009,1,5,7,7
https://openalex.org/W2147389687,2009,7,65,29,21
https://openalex.org/W2147764905,2009,11,0,40,9
https://openalex.org/W2147818984,2009,0,0,4,3
https://openalex.org/W2147899005,2009,0,3,4,3
https://openalex.org/W2148129444,2009,0,0,2,0
https://openalex.org/W2148140107,2009,1,5,0,0
https://openalex.org/W2148460438,2009,0,3,1,0
https://openalex.org/W2148513758,2009,0,0,5,2
https://openalex.org/W2148615270,2009,3,28,54,102
https://openalex.org/W2148673076,2009,0,1,9,7
https://openalex.org/W2148793842,2009,0,0,1,3
https://openalex.org/W2148864034,2009,0,0,1,1
https://openalex.org/W2149142441,2009,0,61,61,121
https://openalex.org/W2149534432,2009,2,7,98,67
https://openalex.org/W2150137766,2009,0,15,5,6
https://openalex.org/W2150521608,2009,0,4,1,0
https://openalex.org/W2150811752,2009,0,3,6,6
https://openalex.org/W2150979342,2009,1,0,2,0
https://openalex.org/W2151147856,2009,12,35,48,20
https://openalex.org/W2151304540,2009,0,2,4,3
https://openalex.org/W2151306413,2009,7,1,4,4
https://openalex.org/W2151454265,2009,0,0,0,1
https://openalex.org/W2151672063,2009,1,1,2,0
https://openalex.org/W2151700377,2009,7,1,4,1
https://openalex.org/W2151869210,2009,6,1,10,1
https://openalex.org/W2152054214,2009,0,7,1,2
https://openalex.org/W2152292327,2009,9,25,36,15
https://openalex.org/W2152671917,2009,0,3,0,1
https://openalex.org/W2152992662,2009,0,4,1,2
https://openalex.org/W2153096715,2009,0,0,1,1
https://openalex.org/W2153224800,2009,12,31,36,16
https://openalex.org/W2153263044,2009,0,1,1,0
https://openalex.org/W2153421399,2009,2,2,9,3
https://openalex.org/W2153555446,2009,2,3,11,6
https://openalex.org/W2153878212,2009,0,1,4,2
https://openalex.org/W2154216517,2009,0,10,5,5
https://openalex.org/W2154655649,2009,0,0,3,0
https://openalex.org/W2155557857,2009,1,5,0,0
https://openalex.org/W2155698279,2009,0,0,1,0
https://openalex.org/W2156154042,2009,0,2,6,2
https://openalex.org/W2156232009,2009,5,5,4,1
https://openalex.org/W2156382411,2009,0,8,46,65
https://openalex.org/W2156445140,2009,1,10,12,3
https://openalex.org/W2156671938,2009,7,175,84,100
https://openalex.org/W2156820191,2009,0,4,0,0
https://openalex.org/W2156822152,2009,7,25,31,15
https://openalex.org/W2157046290,2009,0,0,3,3
https://openalex.org/W2157226692,2009,0,1,2,1
https://openalex.org/W2157488561,2009,0,1,0,0
https://openalex.org/W2157563018,2009,2,8,5,5
https://openalex.org/W2157684454,2009,1,0,1,2
https://openalex.org/W2157785021,2009,0,0,2,0
https://openalex.org/W2158000828,2009,0,1,0,2
https://openalex.org/W2158023171,2009,0,3,0,1
https://openalex.org/W2158160664,2009,11,7,2,4
https://openalex.org/W2158224952,2009,9,38,43,11
https://openalex.org/W2158382349,2009,0,16,1,4
https://openalex.org/W2158467407,2009,4,3,18,6
https://openalex.org/W2158927397,2009,3,0,1,0
https://openalex.org/W2158930162,2009,0,1,1,1
https://openalex.org/W2159018343,2009,1,1,5,4
https://openalex.org/W2159165611,2009,0,2,2,2
https://openalex.org/W2159346960,2009,9,2,3,1
https://openalex.org/W2159448391,2009,10,5,64,6
https://openalex.org/W2159507124,2009,1,1,19,21
https://openalex.org/W2159707428,2009,0,6,4,2
https://openalex.org/W2159768762,2009,0,5,1,6
https://openalex.org/W2159844393,2009,7,46,15,23
https://openalex.org/W2160138254,2009,1,0,7,0
https://openalex.org/W2160157980,2009,0,1,1,3
https://openalex.org/W2160164336,2009,7,0,6,2
https://openalex.org/W2160243112,2009,0,6,9,3
https://openalex.org/W2160298398,2009,0,9,4,2
https://openalex.org/W2160447490,2009,0,2,1,0
https://openalex.org/W2160572476,2009,0,2,8,2
https://openalex.org/W2160791177,2009,0,3,3,0
https://openalex.org/W2160810972,2009,0,0,3,6
https://openalex.org/W2161138149,2009,3,3,2,5
https://openalex.org/W2161251700,2009,0,0,1,2
https://openalex.org/W2161345026,2009,0,2,1,5
https://openalex.org/W2161412552,2009,5,2,1,4
https://openalex.org/W2161471882,2009,0,11,7,21
https://openalex.org/W2161887026,2009,0,1,2,1
https://openalex.org/W2161887515,2009,0,1,2,0
https://openalex.org/W2161955891,2009,0,1,5,0
https://openalex.org/W2162028666,2009,3,4,3,1
https://openalex.org/W2162247792,2009,0,2,4,2
https://openalex.org/W2162258520,2009,0,2,2,0
https://openalex.org/W2162522707,2009,0,3,1,1
https://openalex.org/W2162598075,2009,0,9,2,0
https://openalex.org/W2162645613,2009,2,5,2,1
https://openalex.org/W2162686386,2009,0,0,1,2
https://openalex.org/W2162721454,2009,0,1,13,7
https://openalex.org/W2163174228,2009,3,3,4,12
https://openalex.org/W2163234144,2009,10,26,20,8
https://openalex.org/W2163266727,2009,0,2,7,1
https://openalex.org/W2163392396,2009,0,0,0,1
https://openalex.org/W2163629237,2009,1,1,2,3
https://openalex.org/W2163834675,2009,5,34,23,10
https://openalex.org/W2164016869,2009,0,2,1,0
https://openalex.org/W2164633167,2009,0,6,9,4
https://openalex.org/W2164935846,2009,0,1,12,1
https://openalex.org/W2164938374,2009,0,0,0,2
https://openalex.org/W2165000666,2009,3,3,1,5
https://openalex.org/W2165409286,2009,0,3,6,2
https://openalex.org/W2165570190,2009,0,2,3,2
https://openalex.org/W2166095146,2009,1,1,7,5
https://openalex.org/W2166116069,2009,1,3,2,6
https://openalex.org/W2166171755,2009,0,0,1,0
https://openalex.org/W2166374244,2009,0,12,24,1
https://openalex.org/W2166574310,2009,0,0,8,1
https://openalex.org/W2166705228,2009,0,1,4,2
https://openalex.org/W2166775424,2009,4,1,16,1
https://openalex.org/W2167043875,2009,1,7,3,3
https://openalex.org/W2167824164,2009,0,0,164,1
https://openalex.org/W2167878304,2009,0,0,0,2
https://openalex.org/W2168194054,2009,2,16,18,5
https://openalex.org/W2168356231,2009,6,1,4,1
https://openalex.org/W2168413361,2009,8,9,14,18
https://openalex.org/W2168576776,2009,10,46,73,35
https://openalex.org/W2169321242,2009,0,0,0,1
https://openalex.org/W2169341591,2009,3,16,25,21
https://openalex.org/W2169833630,2009,0,1,0,1
https://openalex.org/W2169849920,2009,0,2,11,6
https://openalex.org/W2169893880,2009,0,1,4,5
https://openalex.org/W2169939339,2009,0,4,0,1
https://openalex.org/W2170047729,2009,0,0,2,2
https://openalex.org/W2170536688,2009,0,1,3,1
https://openalex.org/W2170748507,2009,0,0,1,1
https://openalex.org/W2170894436,2009,0,2,0,2
https://openalex.org/W2171042519,2009,7,10,7,7
https://openalex.org/W2171054300,2009,1,2,3,4
https://openalex.org/W2171121560,2009,0,3,1,3
https://openalex.org/W2171218253,2009,0,4,7,5
https://openalex.org/W2171254687,2009,0,2,6,2
https://openalex.org/W2171823925,2009,0,0,2,3
https://openalex.org/W2173243838,2009,0,4,8,2
https://openalex.org/W2178006028,2009,0,0,0,1
https://openalex.org/W2181383840,2009,0,1,2,0
https://openalex.org/W218259764,2009,0,2,0,0
https://openalex.org/W2182750623,2009,0,0,1,3
https://openalex.org/W2183606000,2009,0,0,1,0
https://openalex.org/W2185496632,2009,4,8,6,1
https://openalex.org/W2186168486,2009,1,0,2,7
https://openalex.org/W2186693368,2009,10,0,4,0
https://openalex.org/W2186783827,2009,2,3,3,1
https://openalex.org/W2187011254,2009,0,0,1,1
https://openalex.org/W2187267437,2009,5,0,4,4
https://openalex.org/W2187606176,2009,0,2,1,0
https://openalex.org/W2188487988,2009,0,0,0,1
https://openalex.org/W2189089826,2009,0,0,1,1
https://openalex.org/W2216185860,2009,0,4,2,1
https://openalex.org/W2232752356,2009,3,5,4,4
https://openalex.org/W2233985917,2009,0,4,0,0
https://openalex.org/W2235030978,2009,2,1,1,0
https://openalex.org/W2236347344,2009,0,20,8,26
https://openalex.org/W2245467532,2009,0,2,4,6
https://openalex.org/W2279399022,2009,1,0,2,1
https://openalex.org/W2288602237,2009,0,0,3,0
https://openalex.org/W2314589423,2009,3,2,6,0
https://openalex.org/W2314961792,2009,9,5,8,12
https://openalex.org/W2315926873,2009,2,3,0,1
https://openalex.org/W2317256683,2009,0,0,3,0
https://openalex.org/W2317765138,2009,0,11,2,2
https://openalex.org/W2318722423,2009,0,0,4,0
https://openalex.org/W2319761257,2009,0,0,0,1
https://openalex.org/W2320600175,2009,0,1,0,1
https://openalex.org/W2320939199,2009,8,3,0,17
https://openalex.org/W2321027578,2009,0,0,1,1
https://openalex.org/W2321806535,2009,2,1,1,1
https://openalex.org/W2321916902,2009,0,1,13,2
https://openalex.org/W2326922462,2009,0,6,1,1
https://openalex.org/W2328380421,2009,1,1,0,0
https://openalex.org/W2328782514,2009,0,1,0,0
https://openalex.org/W2328791375,2009,9,3,1,2
https://openalex.org/W2332581776,2009,1,2,0,0
https://openalex.org/W2334038599,2009,0,0,5,1
https://openalex.org/W240059865,2009,0,5,7,1
https://openalex.org/W2415217864,2009,1,1,9,7
https://openalex.org/W2416039488,2009,0,2,12,1
https://openalex.org/W2468406189,2009,9,4,9,8
https://openalex.org/W250232057,2009,0,1,1,1
https://openalex.org/W2514639294,2009,1,1,4,0
https://openalex.org/W2524573364,2009,1,5,0,2
https://openalex.org/W2560626320,2009,0,0,2,0
https://openalex.org/W2580944599,2009,0,1,0,0
https://openalex.org/W2587988749,2009,0,1,0,1
https://openalex.org/W2588997638,2009,0,1,0,1
https://openalex.org/W2592731345,2009,0,3,1,2
https://openalex.org/W25936508,2009,0,0,9,3
https://openalex.org/W2613187142,2009,0,4,1,3
https://openalex.org/W265556720,2009,0,1,0,0
https://openalex.org/W272410784,2009,11,69,55,36
https://openalex.org/W2766881448,2009,0,0,0,6
https://openalex.org/W2767576557,2009,1,0,1,0
https://openalex.org/W279672731,2009,1,0,5,5
https://openalex.org/W2802410694,2009,1,0,3,3
https://openalex.org/W2892155523,2009,0,3,18,7
https://openalex.org/W2915944924,2009,0,2,9,0
https://openalex.org/W2918152315,2009,0,4,1,0
https://openalex.org/W2955741109,2009,3,6,3,2
https://openalex.org/W3020131824,2009,0,0,0,1
https://openalex.org/W3022296297,2009,0,2,2,1
https://openalex.org/W3023653245,2009,0,6,10,1
https://openalex.org/W3096460001,2009,3,3,6,0
https://openalex.org/W3121232493,2009,8,1,3,0
https://openalex.org/W3121494557,2009,1,31,36,11
https://openalex.org/W3121572695,2009,7,96,133,41
https://openalex.org/W3121698665,2009,0,0,2,4
https://openalex.org/W3121775245,2009,0,0,2,1
https://openalex.org/W3121961800,2009,1,0,3,0
https://openalex.org/W3122125135,2009,4,19,34,18
https://openalex.org/W3122239287,2009,0,0,2,4
https://openalex.org/W3122262501,2009,0,1,0,0
https://openalex.org/W3122386974,2009,0,6,4,4
https://openalex.org/W3122500882,2009,0,2,14,8
https://openalex.org/W3122520148,2009,1,2,7,10
https://openalex.org/W3122708725,2009,0,1,6,2
https://openalex.org/W3122808522,2009,5,5,10,5
https://openalex.org/W3122823832,2009,0,0,3,0
https://openalex.org/W3122894683,2009,0,3,4,1
https://openalex.org/W3123018664,2009,2,8,6,1
https://openalex.org/W3123021504,2009,0,2,1,1
https://openalex.org/W3123027312,2009,0,6,3,4
https://openalex.org/W3123082030,2009,0,0,4,4
https://openalex.org/W3123259623,2009,0,2,0,2
https://openalex.org/W3123363322,2009,0,1,5,2
https://openalex.org/W3123428239,2009,0,1,3,2
https://openalex.org/W3123456988,2009,2,0,1,2
https://openalex.org/W3123728398,2009,3,1,1,1
https://openalex.org/W3123739111,2009,1,1,0,0
https://openalex.org/W3123970308,2009,0,3,2,3
https://openalex.org/W3124137655,2009,0,8,179,12
https://openalex.org/W3124160574,2009,0,1,2,1
https://openalex.org/W3124575759,2009,0,7,6,1
https://openalex.org/W3124836727,2009,0,2,3,1
https://openalex.org/W3124887442,2009,0,1,3,1
https://openalex.org/W3125383185,2009,3,8,6,3
https://openalex.org/W3125390506,2009,0,3,5,2
https://openalex.org/W3125460052,2009,0,1,2,2
https://openalex.org/W3125613033,2009,0,1,4,5
https://openalex.org/W3125638770,2009,0,8,6,3
https://openalex.org/W3125841713,2009,0,3,1,3
https://openalex.org/W3125907536,2009,0,0,6,2
https://openalex.org/W3126016191,2009,0,5,1,2
https://openalex.org/W3145748671,2009,0,1,1,2
https://openalex.org/W3168167983,2009,0,2,2,2
https://openalex.org/W3187412403,2009,0,0,15,1
https://openalex.org/W347501854,2009,0,0,0,2
https://openalex.org/W40525639,2009,0,0,1,0
https://openalex.org/W4229809439,2009,0,0,0,1
https://openalex.org/W4231579436,2009,1,2,3,0
https://openalex.org/W4233867040,2009,0,3,4,0
https://openalex.org/W4234530292,2009,9,1,7,0
https://openalex.org/W4236797067,2009,0,0,2,0
https://openalex.org/W4239695544,2009,7,3,10,1
https://openalex.org/W4240044889,2009,8,0,5,2
https://openalex.org/W4241957989,2009,0,24,103,35
https://openalex.org/W4244078212,2009,0,4,5,0
https://openalex.org/W4247493439,2009,12,2,4,0
https://openalex.org/W4249111144,2009,12,6,18,2
https://openalex.org/W4251385712,2009,0,0,1,2
https://openalex.org/W4253352393,2009,0,2,6,0
https://openalex.org/W4255902136,2009,3,1,0,0
https://openalex.org/W47658217,2009,1,2,2,1
https://openalex.org/W51587516,2009,1,2,0,3
https://openalex.org/W51618806,2009,3,0,5,0
https://openalex.org/W70747502,2009,1,2,3,4
https://openalex.org/W73810283,2009,0,6,11,14
