focal_id,delay_years_to_top5
https://openalex.org/W107217319,0
https://openalex.org/W123188105,1
https://openalex.org/W1479814598,0
https://openalex.org/W1480629010,0
https://openalex.org/W1481111992,0
https://openalex.org/W1482558344,0
https://openalex.org/W1486755379,2
https://openalex.org/W1487929100,0
https://openalex.org/W1490297444,0
https://openalex.org/W1490980681,0
https://openalex.org/W1491592762,9
https://openalex.org/W1492783723,0
https://openalex.org/W1492926222,0
https://openalex.org/W1497558812,2
https://openalex.org/W1499189443,0
https://openalex.org/W1500119169,8
https://openalex.org/W1500161133,0
https://openalex.org/W1501279353,0
https://openalex.org/W1501680780,0
https://openalex.org/W1503406504,0
https://openalex.org/W1504088411,3
https://openalex.org/W1506926549,0
https://openalex.org/W1508726954,0
https://openalex.org/W1509503550,0
https://openalex.org/W1510008862,0
https://openalex.org/W1510372124,0
https://openalex.org/W1515150191,0
https://openalex.org/W1517766195,4
https://openalex.org/W1517895055,3
https://openalex.org/W1520325625,0
https://openalex.org/W1520868324,0
https://openalex.org/W1523600018,0
https://openalex.org/W1526040826,8
https://openalex.org/W1526367710,0
https://openalex.org/W1527606363,0
https://openalex.org/W1531663342,4
https://openalex.org/W1532382899,0
https://openalex.org/W1533457706,8
https://openalex.org/W1537390161,0
https://openalex.org/W1538461120,6
https://openalex.org/W1538734137,0
https://openalex.org/W1539412522,0
https://openalex.org/W1544844990,0
https://openalex.org/W1544882376,0
https://openalex.org/W1545935624,0
https://openalex.org/W1546101667,0
https://openalex.org/W1546276850,0
https://openalex.org/W1548158219,0
https://openalex.org/W1548438696,1
https://openalex.org/W1548978242,0
https://openalex.org/W1550587422,6
https://openalex.org/W1552542971,0
https://openalex.org/W1552833372,0
https://openalex.org/W1554869033,0
https://openalex.org/W1555202545,1
https://openalex.org/W1559654041,5
https://openalex.org/W1561288701,3
https://openalex.org/W1561744490,0
https://openalex.org/W1563186942,0
https://openalex.org/W1564045561,0
https://openalex.org/W1565066815,8
https://openalex.org/W1566095976,0
https://openalex.org/W1568951420,0
https://openalex.org/W1569268674,0
https://openalex.org/W1569812131,0
https://openalex.org/W1575890188,0
https://openalex.org/W1577281789,0
https://openalex.org/W1577354165,8
https://openalex.org/W1577457946,6
https://openalex.org/W1578015465,0
https://openalex.org/W1580938316,0
https://openalex.org/W1581529449,0
https://openalex.org/W1583713394,0
https://openalex.org/W1584264522,1
https://openalex.org/W1588343409,2
https://openalex.org/W1589381715,4
https://openalex.org/W1591274218,0
https://openalex.org/W1591557202,0
https://openalex.org/W1593532812,4
https://openalex.org/W1595944160,6
https://openalex.org/W1596366965,2
https://openalex.org/W1596779353,0
https://openalex.org/W1597070228,0
https://openalex.org/W1598309499,3
https://openalex.org/W1598831813,0
https://openalex.org/W1602131874,3
https://openalex.org/W1603868075,3
https://openalex.org/W1606994609,0
https://openalex.org/W1693666044,5
https://openalex.org/W171645296,2
https://openalex.org/W1747590846,1
https://openalex.org/W1749775190,6
https://openalex.org/W1768836102,0
https://openalex.org/W1790814781,0
https://openalex.org/W183165991,0
https://openalex.org/W1853631770,0
https://openalex.org/W1888372799,0
https://openalex.org/W1900083135,0
https://openalex.org/W1923577852,0
https://openalex.org/W1924169242,0
https://openalex.org/W1929602805,0
https://openalex.org/W1931278885,1
https://openalex.org/W1934165844,12
https://openalex.org/W1957430436,0
https://openalex.org/W1958356987,0
https://openalex.org/W1963565392,0
https://openalex.org/W1963770421,4
https://openalex.org/W1963997091,0
https://openalex.org/W1964002149,0
https://openalex.org/W1964028600,0
https://openalex.org/W1964197607,0
https://openalex.org/W1964301671,0
https://openalex.org/W1964406403,0
https://openalex.org/W1964458028,1
https://openalex.org/W1964718882,0
https://openalex.org/W1964844451,10
https://openalex.org/W1964874940,1
https://openalex.org/W1965013255,5
https://openalex.org/W1965084916,0
https://openalex.org/W1965293843,2
https://openalex.org/W1965519946,3
https://openalex.org/W1965592917,0
https://openalex.org/W1965731287,0
https://openalex.org/W1965785176,0
https://openalex.org/W1965928204,0
https://openalex.org/W1965957502,0
https://openalex.org/W1966409163,0
https://openalex.org/W1966881660,1
https://openalex.org/W1967280721,0
https://openalex.org/W1967294538,12
https://openalex.org/W1967307079,1
https://openalex.org/W1967705750,0
https://openalex.org/W1967750547,0
https://openalex.org/W1967808113,0
https://openalex.org/W1967847288,3
https://openalex.org/W1967927965,3
https://openalex.org/W1968161471,0
https://openalex.org/W1968239600,0
https://openalex.org/W1968252890,5
https://openalex.org/W1968326943,2
https://openalex.org/W1968488039,0
https://openalex.org/W1968586472,0
https://openalex.org/W1968792832,0
https://openalex.org/W1969105374,8
https://openalex.org/W1969128274,0
https://openalex.org/W1969179008,0
https://openalex.org/W1969324615,0
https://openalex.org/W1969374468,7
https://openalex.org/W1969455413,0
https://openalex.org/W1969466384,6
https://openalex.org/W1969563432,0
https://openalex.org/W1969598250,0
https://openalex.org/W1969710865,0
https://openalex.org/W1969735008,0
https://openalex.org/W1969757007,2
https://openalex.org/W1970066858,0
https://openalex.org/W1970098960,0
https://openalex.org/W1970155905,2
https://openalex.org/W1970280647,3
https://openalex.org/W1970479998,0
https://openalex.org/W1970482181,1
https://openalex.org/W1970483086,2
https://openalex.org/W1970517601,0
https://openalex.org/W1970607835,0
https://openalex.org/W1970674646,0
https://openalex.org/W1970749173,0
https://openalex.org/W1970770534,1
https://openalex.org/W1970861097,2
https://openalex.org/W1971018989,0
https://openalex.org/W1971049828,2
https://openalex.org/W1971073829,0
https://openalex.org/W1971107932,0
https://openalex.org/W1971110819,5
https://openalex.org/W1971453805,0
https://openalex.org/W1971509556,0
https://openalex.org/W1971636685,3
https://openalex.org/W1971665890,3
https://openalex.org/W1971692018,0
https://openalex.org/W1972001016,2
https://openalex.org/W1972068867,0
https://openalex.org/W1972305188,1
https://openalex.org/W1972349450,0
https://openalex.org/W1972377881,5
https://openalex.org/W1972394853,0
https://openalex.org/W1972409753,0
https://openalex.org/W1972421118,0
https://openalex.org/W1972615611,0
https://openalex.org/W1972633708,0
https://openalex.org/W1972806264,0
https://openalex.org/W1973114486,0
https://openalex.org/W1973174404,0
https://openalex.org/W1973180962,4
https://openalex.org/W1973306857,3
https://openalex.org/W1973370192,1
https://openalex.org/W1973397143,12
https://openalex.org/W1973407383,7
https://openalex.org/W1973477539,0
https://openalex.org/W1973566886,4
https://openalex.org/W1973706127,0
https://openalex.org/W1973734551,11
https://openalex.org/W1973814864,2
https://openalex.org/W1973830412,0
https://openalex.org/W1973921702,2
https://openalex.org/W1973985864,0
https://openalex.org/W1974015069,0
https://openalex.org/W1974180571,11
https://openalex.org/W1974320104,0
https://openalex.org/W1974377638,0
https://openalex.org/W1974403647,0
https://openalex.org/W1974626149,1
https://openalex.org/W1974673452,0
https://openalex.org/W1974710519,0
https://openalex.org/W1974857408,0
https://openalex.org/W1974873567,5
https://openalex.org/W1974953481,0
https://openalex.org/W1975053332,0
https://openalex.org/W1975357645,3
https://openalex.org/W1975518332,0
https://openalex.org/W1975608725,0
https://openalex.org/W1975742378,0
https://openalex.org/W1975744444,0
https://openalex.org/W1975851307,1
https://openalex.org/W1975873756,0
https://openalex.org/W1975892253,0
https://openalex.org/W1975901355,4
https://openalex.org/W1975933665,0
https://openalex.org/W1976044835,1
https://openalex.org/W1976086094,0
https://openalex.org/W1976357442,0
https://openalex.org/W1976469693,0
https://openalex.org/W1976661921,0
https://openalex.org/W1976752219,0
https://openalex.org/W1976805027,0
https://openalex.org/W1976905191,0
https://openalex.org/W1977042511,0
https://openalex.org/W1977117864,1
https://openalex.org/W1977153088,0
https://openalex.org/W1977473655,0
https://openalex.org/W1977601428,0
https://openalex.org/W1977657777,9
https://openalex.org/W1977673845,12
https://openalex.org/W1977688508,0
https://openalex.org/W1977769563,0
https://openalex.org/W1977900687,0
https://openalex.org/W1977967925,0
https://openalex.org/W1978080713,0
https://openalex.org/W1978325613,0
https://openalex.org/W1978463037,0
https://openalex.org/W1978543319,0
https://openalex.org/W1978548271,3
https://openalex.org/W1978604608,0
https://openalex.org/W1978745505,1
https://openalex.org/W1978868243,1
https://openalex.org/W1979213017,0
https://openalex.org/W1979291467,1
https://openalex.org/W1979478287,0
https://openalex.org/W1979563066,1
https://openalex.org/W1979756109,0
https://openalex.org/W1979836911,3
https://openalex.org/W1979875262,1
https://openalex.org/W1979982380,4
https://openalex.org/W1980013049,2
https://openalex.org/W1980228006,0
https://openalex.org/W1980332756,0
https://openalex.org/W1980348284,0
https://openalex.org/W1980557062,0
https://openalex.org/W1980604115,3
https://openalex.org/W1980668539,0
https://openalex.org/W1980797566,0
https://openalex.org/W1981137850,0
https://openalex.org/W1981201515,1
https://openalex.org/W1981366378,0
https://openalex.org/W1981822660,0
https://openalex.org/W1981932397,0
https://openalex.org/W1982070127,0
https://openalex.org/W1982627002,4
https://openalex.org/W1982682166,2
https://openalex.org/W1982747352,0
https://openalex.org/W1982945285,8
https://openalex.org/W1983075782,0
https://openalex.org/W1983114006,1
https://openalex.org/W1983147082,0
https://openalex.org/W1983428430,10
https://openalex.org/W1983546370,0
https://openalex.org/W1983627106,1
https://openalex.org/W1983824587,0
https://openalex.org/W1983868773,0
https://openalex.org/W1984029327,0
https://openalex.org/W1984127044,1
https://openalex.org/W1984226206,0
https://openalex.org/W1984559645,0
https://openalex.org/W1984569349,0
https://openalex.org/W1984825532,0
https://openalex.org/W1984922799,3
https://openalex.org/W1984943428,1
https://openalex.org/W1985021390,8
https://openalex.org/W1985053687,1
https://openalex.org/W1985386483,0
https://openalex.org/W1985490138,0
https://openalex.org/W1985585756,2
https://openalex.org/W1985651013,0
https://openalex.org/W1985809266,11
https://openalex.org/W1985858115,0
https://openalex.org/W1985923955,3
https://openalex.org/W1986176293,0
https://openalex.org/W1986209976,3
https://openalex.org/W1986296659,3
https://openalex.org/W1986590585,0
https://openalex.org/W1986755897,0
https://openalex.org/W1986876574,8
https://openalex.org/W1986949592,0
https://openalex.org/W1987094014,2
https://openalex.org/W1987190081,0
https://openalex.org/W1987205927,0
https://openalex.org/W1987257137,0
https://openalex.org/W1987459547,2
https://openalex.org/W1987493448,0
https://openalex.org/W1987521372,1
https://openalex.org/W1987685696,0
https://openalex.org/W1987885565,1
https://openalex.org/W1988077747,1
https://openalex.org/W1988126686,0
https://openalex.org/W1988161556,0
https://openalex.org/W1988200275,0
https://openalex.org/W1988214048,2
https://openalex.org/W1988219048,1
https://openalex.org/W1988317830,0
https://openalex.org/W1988317851,0
https://openalex.org/W1988608837,0
https://openalex.org/W1988637641,1
https://openalex.org/W1988733136,0
https://openalex.org/W1988767691,0
https://openalex.org/W1988846971,0
https://openalex.org/W1988851041,0
https://openalex.org/W1988919376,0
https://openalex.org/W1988944074,0
https://openalex.org/W1989002973,0
https://openalex.org/W1989094197,4
https://openalex.org/W1989300231,0
https://openalex.org/W1989649436,1
https://openalex.org/W1989770654,0
https://openalex.org/W1989911733,0
https://openalex.org/W1989969345,5
https://openalex.org/W1990010548,0
https://openalex.org/W1990114073,0
https://openalex.org/W1990459402,0
https://openalex.org/W1990667412,3
https://openalex.org/W1990686117,0
https://openalex.org/W1990809517,0
https://openalex.org/W1990851651,12
https://openalex.org/W1990874443,0
https://openalex.org/W1990941713,0
https://openalex.org/W1990960936,0
https://openalex.org/W1991013668,0
https://openalex.org/W1991018677,0
https://openalex.org/W1991022829,1
https://openalex.org/W1991238852,1
https://openalex.org/W1991263951,0
https://openalex.org/W1991310618,0
https://openalex.org/W1991327851,0
https://openalex.org/W1991335422,0
https://openalex.org/W1991793782,0
https://openalex.org/W1991838223,1
https://openalex.org/W1991877566,0
https://openalex.org/W1991908812,0
https://openalex.org/W1991965697,1
https://openalex.org/W1991979008,1
https://openalex.org/W1992077445,3
https://openalex.org/W1992249318,0
https://openalex.org/W1992282514,0
https://openalex.org/W1992415219,4
https://openalex.org/W1992449308,0
https://openalex.org/W1992488749,0
https://openalex.org/W1992498233,4
https://openalex.org/W1992565093,4
https://openalex.org/W1992569985,0
https://openalex.org/W1992732860,3
https://openalex.org/W1992768503,5
https://openalex.org/W1993067437,0
https://openalex.org/W1993337483,0
https://openalex.org/W1993429983,0
https://openalex.org/W1993512997,0
https://openalex.org/W1993888744,9
https://openalex.org/W1993958191,0
https://openalex.org/W1994154658,3
https://openalex.org/W1994178817,0
https://openalex.org/W1994240133,5
https://openalex.org/W1994300791,0
https://openalex.org/W1994448266,0
https://openalex.org/W1994491353,0
https://openalex.org/W1994770445,0
https://openalex.org/W1994912512,7
https://openalex.org/W1994980673,0
https://openalex.org/W1995162211,0
https://openalex.org/W1995316835,0
https://openalex.org/W1995522676,0
https://openalex.org/W1995627730,3
https://openalex.org/W1995763588,0
https://openalex.org/W1995775288,6
https://openalex.org/W1995816240,10
https://openalex.org/W1995827418,6
https://openalex.org/W1995983897,1
https://openalex.org/W1996043991,0
https://openalex.org/W1996157435,1
https://openalex.org/W1996181589,0
https://openalex.org/W1996262501,2
https://openalex.org/W1996339383,0
https://openalex.org/W1996710102,3
https://openalex.org/W1996891827,0
https://openalex.org/W1997208812,0
https://openalex.org/W1997281108,2
https://openalex.org/W1997333033,0
https://openalex.org/W1997340866,0
https://openalex.org/W1997556681,12
https://openalex.org/W1997749921,4
https://openalex.org/W1997768258,1
https://openalex.org/W1997824968,5
https://openalex.org/W1997866076,0
https://openalex.org/W1997910713,8
https://openalex.org/W1997921746,0
https://openalex.org/W1997952692,0
https://openalex.org/W1997956943,1
https://openalex.org/W1997999450,1
https://openalex.org/W1998049778,0
https://openalex.org/W1998055337,0
https://openalex.org/W1998120897,0
https://openalex.org/W1998183971,0
https://openalex.org/W1998294407,0
https://openalex.org/W1998326200,0
https://openalex.org/W1998485289,0
https://openalex.org/W1998537195,0
https://openalex.org/W1998545577,0
https://openalex.org/W1998725370,0
https://openalex.org/W1998730262,1
https://openalex.org/W1998969654,3
https://openalex.org/W1999022524,0
https://openalex.org/W1999264100,0
https://openalex.org/W1999384424,0
https://openalex.org/W1999532581,0
https://openalex.org/W1999641155,0
https://openalex.org/W1999757391,0
https://openalex.org/W1999807140,0
https://openalex.org/W1999869770,0
https://openalex.org/W2000058611,0
https://openalex.org/W2000119886,0
https://openalex.org/W2000217383,0
https://openalex.org/W2000242707,0
https://openalex.org/W2000387201,9
https://openalex.org/W2000631419,1
https://openalex.org/W2000648192,0
https://openalex.org/W2000737702,0
https://openalex.org/W2000895174,0
https://openalex.org/W2000899929,1
https://openalex.org/W2000904212,4
https://openalex.org/W2001340863,0
https://openalex.org/W2001363998,0
https://openalex.org/W2001486506,10
https://openalex.org/W2001522925,0
https://openalex.org/W2001607956,5
https://openalex.org/W2001680003,0
https://openalex.org/W2001835230,0
https://openalex.org/W2001912957,4
https://openalex.org/W2001974156,2
https://openalex.org/W2002099163,0
https://openalex.org/W2002260156,1
https://openalex.org/W2002272249,0
https://openalex.org/W2002304579,0
https://openalex.org/W2002449908,3
https://openalex.org/W2002465124,11
https://openalex.org/W2002834393,0
https://openalex.org/W2003138836,6
https://openalex.org/W2003337112,0
https://openalex.org/W2003346874,0
https://openalex.org/W2003589940,1
https://openalex.org/W2003599583,0
https://openalex.org/W2003832631,0
https://openalex.org/W2003908660,3
https://openalex.org/W2004410119,0
https://openalex.org/W2004449543,2
https://openalex.org/W2004523724,2
https://openalex.org/W2004579257,3
https://openalex.org/W2004742708,2
https://openalex.org/W2005076426,2
https://openalex.org/W2005132277,0
https://openalex.org/W2005161784,0
https://openalex.org/W2005206755,0
https://openalex.org/W2005283497,1
https://openalex.org/W2005511151,0
https://openalex.org/W2005569508,3
https://openalex.org/W2005671113,0
https://openalex.org/W2005741397,3
https://openalex.org/W2006022501,1
https://openalex.org/W2006435360,10
https://openalex.org/W2006649621,2
https://openalex.org/W2006771150,0
https://openalex.org/W2006902923,0
https://openalex.org/W2006998789,0
https://openalex.org/W2007122423,1
https://openalex.org/W2007227619,7
https://openalex.org/W2007287269,10
https://openalex.org/W2007396991,0
https://openalex.org/W2007599963,0
https://openalex.org/W2007641947,1
https://openalex.org/W2007763625,0
https://openalex.org/W2008063607,0
https://openalex.org/W2008070236,1
https://openalex.org/W2008082990,0
https://openalex.org/W2008088821,11
https://openalex.org/W2008139220,5
https://openalex.org/W2008369289,1
https://openalex.org/W2008495597,0
https://openalex.org/W2008551017,0
https://openalex.org/W2008595716,2
https://openalex.org/W2008626160,0
https://openalex.org/W2008811252,1
https://openalex.org/W2008811987,0
https://openalex.org/W2009034484,2
https://openalex.org/W2009124448,0
https://openalex.org/W2009202850,0
https://openalex.org/W2009437696,0
https://openalex.org/W2009602219,1
https://openalex.org/W2009755588,0
https://openalex.org/W2009769619,0
https://openalex.org/W2009817372,12
https://openalex.org/W2010002595,1
https://openalex.org/W2010483221,0
https://openalex.org/W2010499157,0
https://openalex.org/W2010547734,1
https://openalex.org/W2010629189,3
https://openalex.org/W2010739955,3
https://openalex.org/W2010828919,0
https://openalex.org/W2010949064,0
https://openalex.org/W2010977939,2
https://openalex.org/W2011057205,0
https://openalex.org/W2011166342,0
https://openalex.org/W2011305947,0
https://openalex.org/W2011347987,0
https://openalex.org/W2011367283,0
https://openalex.org/W2011388129,1
https://openalex.org/W2011431818,0
https://openalex.org/W2011549267,1
https://openalex.org/W2011585786,0
https://openalex.org/W2011644029,0
https://openalex.org/W2011737340,2
https://openalex.org/W2011783135,2
https://openalex.org/W2012195272,0
https://openalex.org/W2012323777,0
https://openalex.org/W2012357366,0
https://openalex.org/W2012440890,0
https://openalex.org/W2012494866,0
https://openalex.org/W2012528326,0
https://openalex.org/W2012751882,0
https://openalex.org/W2012882138,0
https://openalex.org/W2012926726,0
https://openalex.org/W2012965999,11
https://openalex.org/W2013046635,0
https://openalex.org/W2013141274,0
https://openalex.org/W2013424190,0
https://openalex.org/W2013439435,1
https://openalex.org/W2013597629,0
https://openalex.org/W2013612260,0
https://openalex.org/W2013616850,1
https://openalex.org/W2013699744,3
https://openalex.org/W2013929945,3
https://openalex.org/W2014046243,0
https://openalex.org/W2014135140,4
https://openalex.org/W2014153355,0
https://openalex.org/W2014251704,1
https://openalex.org/W2014548433,0
https://openalex.org/W2014596548,7
https://openalex.org/W2014622014,1
https://openalex.org/W2014633453,0
https://openalex.org/W2014801357,0
https://openalex.org/W2014973104,0
https://openalex.org/W2015281814,1
https://openalex.org/W2015359397,2
https://openalex.org/W2015443460,0
https://openalex.org/W2015455980,0
https://openalex.org/W2015549928,0
https://openalex.org/W2015704518,6
https://openalex.org/W2015712108,0
https://openalex.org/W2016086195,0
https://openalex.org/W2016091081,0
https://openalex.org/W2016121541,0
https://openalex.org/W2016195946,0
https://openalex.org/W2016218339,1
https://openalex.org/W2016250124,1
https://openalex.org/W2016384282,0
https://openalex.org/W2016788303,0
https://openalex.org/W2017092070,3
https://openalex.org/W2017266462,0
https://openalex.org/W2017308561,0
https://openalex.org/W2017384698,1
https://openalex.org/W2017599421,1
https://openalex.org/W2017752363,0
https://openalex.org/W2017957411,0
https://openalex.org/W2018049226,0
https://openalex.org/W2018395581,0
https://openalex.org/W2018476704,6
https://openalex.org/W2018515188,0
https://openalex.org/W2018585692,0
https://openalex.org/W2018659955,0
https://openalex.org/W2018674789,0
https://openalex.org/W2018720938,2
https://openalex.org/W2018843462,1
https://openalex.org/W2018974113,0
https://openalex.org/W2019070465,0
https://openalex.org/W2019101594,1
https://openalex.org/W2019408632,6
https://openalex.org/W2019418632,0
https://openalex.org/W2019611581,0
https://openalex.org/W2019615569,0
https://openalex.org/W2019641891,0
https://openalex.org/W2019687188,0
https://openalex.org/W2019769637,12
https://openalex.org/W2019820163,0
https://openalex.org/W2019833972,1
https://openalex.org/W2019840491,10
https://openalex.org/W2019910887,0
https://openalex.org/W2019913789,1
https://openalex.org/W2020015154,0
https://openalex.org/W2020310230,2
https://openalex.org/W2020315529,2
https://openalex.org/W2020397594,5
https://openalex.org/W2020541333,0
https://openalex.org/W2020668587,0
https://openalex.org/W2020825625,0
https://openalex.org/W2020828147,10
https://openalex.org/W2021069377,0
https://openalex.org/W2021169879,0
https://openalex.org/W2021262093,7
https://openalex.org/W2021508603,0
https://openalex.org/W2021534230,1
https://openalex.org/W2021550136,0
https://openalex.org/W2021662852,0
https://openalex.org/W2021784348,4
https://openalex.org/W2021798146,8
https://openalex.org/W2021871226,0
https://openalex.org/W2021964906,6
https://openalex.org/W2022018038,0
https://openalex.org/W2022024977,0
https://openalex.org/W2022225014,4
https://openalex.org/W2022275474,2
https://openalex.org/W2022409268,2
https://openalex.org/W2022462182,0
https://openalex.org/W2022589600,2
https://openalex.org/W2022661554,3
https://openalex.org/W2022701585,0
https://openalex.org/W2022822346,0
https://openalex.org/W2022910631,0
https://openalex.org/W2022912578,0
https://openalex.org/W2023088123,1
https://openalex.org/W2023153720,0
https://openalex.org/W2023241667,7
https://openalex.org/W2023263116,0
https://openalex.org/W2023327963,0
https://openalex.org/W202333686,4
https://openalex.org/W2023558575,0
https://openalex.org/W2023658301,6
https://openalex.org/W2023781153,2
https://openalex.org/W2023841218,0
https://openalex.org/W2023845923,0
https://openalex.org/W2024044928,9
https://openalex.org/W2024065932,2
https://openalex.org/W2024189011,0
https://openalex.org/W2024353698,0
https://openalex.org/W2024359745,5
https://openalex.org/W2024583629,0
https://openalex.org/W2024662602,2
https://openalex.org/W2024716010,0
https://openalex.org/W2024879617,9
https://openalex.org/W2024913930,0
https://openalex.org/W2025329928,1
https://openalex.org/W2025471179,0
https://openalex.org/W2025638993,1
https://openalex.org/W2026211352,10
https://openalex.org/W2026306693,0
https://openalex.org/W2026338834,0
https://openalex.org/W2026623434,0
https://openalex.org/W2026763879,0
https://openalex.org/W2026912695,3
https://openalex.org/W2026974405,0
https://openalex.org/W2027144707,0
https://openalex.org/W2027194016,1
https://openalex.org/W2027221870,6
https://openalex.org/W2027223662,0
https://openalex.org/W2027230578,4
https://openalex.org/W2027536824,5
https://openalex.org/W2027691946,0
https://openalex.org/W2027721741,4
https://openalex.org/W2027786460,0
https://openalex.org/W2027791485,0
https://openalex.org/W2027988839,4
https://openalex.org/W2028059554,0
https://openalex.org/W2028132505,1
https://openalex.org/W2028210159,1
https://openalex.org/W2028220468,10
https://openalex.org/W2028411437,1
https://openalex.org/W2028414659,0
https://openalex.org/W2028487147,3
https://openalex.org/W2028524376,2
https://openalex.org/W2028631226,4
https://openalex.org/W2028665507,0
https://openalex.org/W2028712687,0
https://openalex.org/W2028751730,1
https://openalex.org/W2028837638,0
https://openalex.org/W2028928784,0
https://openalex.org/W2028972604,4
https://openalex.org/W2029089017,0
https://openalex.org/W2029146008,0
https://openalex.org/W2029165529,0
https://openalex.org/W2029171935,0
https://openalex.org/W2029190318,4
https://openalex.org/W2029455455,0
https://openalex.org/W2029640531,0
https://openalex.org/W2029801927,0
https://openalex.org/W2029882841,2
https://openalex.org/W2029897168,0
https://openalex.org/W2030097853,0
https://openalex.org/W2030221004,0
https://openalex.org/W2030268579,0
https://openalex.org/W2030385035,0
https://openalex.org/W2030484305,0
https://openalex.org/W2030568909,0
https://openalex.org/W2030646288,0
https://openalex.org/W2031212885,0
https://openalex.org/W2031545789,0
https://openalex.org/W2031617170,4
https://openalex.org/W2031761862,0
https://openalex.org/W2031771579,0
https://openalex.org/W2031821222,0
https://openalex.org/W2031929861,0
https://openalex.org/W2031944408,5
https://openalex.org/W2032016089,0
https://openalex.org/W2032223773,0
https://openalex.org/W2032264996,3
https://openalex.org/W2032339638,0
https://openalex.org/W2032394396,0
https://openalex.org/W2032451854,1
https://openalex.org/W2032504756,1
https://openalex.org/W2032581600,0
https://openalex.org/W2032620300,0
https://openalex.org/W2032716808,0
https://openalex.org/W2033157715,0
https://openalex.org/W2033196725,0
https://openalex.org/W2033427293,5
https://openalex.org/W2033496553,0
https://openalex.org/W2033531032,0
https://openalex.org/W2033693360,0
https://openalex.org/W2033736649,0
https://openalex.org/W2033773300,9
https://openalex.org/W2033781216,0
https://openalex.org/W2033816837,0
https://openalex.org/W2034087197,0
https://openalex.org/W2034161109,0
https://openalex.org/W2034294824,1
https://openalex.org/W2034343796,0
https://openalex.org/W2034411370,0
https://openalex.org/W2034624982,0
https://openalex.org/W2034659648,6
https://openalex.org/W2034821474,0
https://openalex.org/W2034911631,0
https://openalex.org/W2034944923,0
https://openalex.org/W2034946317,0
https://openalex.org/W2035082534,0
https://openalex.org/W2035108032,8
https://openalex.org/W2035164277,8
https://openalex.org/W2035307867,0
https://openalex.org/W2035354474,0
https://openalex.org/W2035365297,0
https://openalex.org/W2035531157,6
https://openalex.org/W2035829696,4
https://openalex.org/W2035984385,4
https://openalex.org/W2035990928,0
https://openalex.org/W2036034735,10
https://openalex.org/W2036183689,0
https://openalex.org/W2036306002,0
https://openalex.org/W2036322563,0
https://openalex.org/W2036377536,0
https://openalex.org/W2036497460,0
https://openalex.org/W2036526688,0
https://openalex.org/W2036686082,9
https://openalex.org/W2036728971,0
https://openalex.org/W2036772657,2
https://openalex.org/W2036788512,0
https://openalex.org/W2036834463,0
https://openalex.org/W2036873495,2
https://openalex.org/W2036886462,0
https://openalex.org/W2036933801,2
https://openalex.org/W2037195191,0
https://openalex.org/W2037303969,0
https://openalex.org/W2037329071,1
https://openalex.org/W2037352210,0
https://openalex.org/W2037379935,0
https://openalex.org/W2037416413,0
https://openalex.org/W2037656190,0
https://openalex.org/W2037690108,0
https://openalex.org/W2037717640,3
https://openalex.org/W2037893564,0
https://openalex.org/W2037935052,0
https://openalex.org/W2038277237,0
https://openalex.org/W2038314536,2
https://openalex.org/W2038461311,0
https://openalex.org/W2038716945,0
https://openalex.org/W2038759370,0
https://openalex.org/W2038891722,1
https://openalex.org/W2039175374,0
https://openalex.org/W2039316214,0
https://openalex.org/W2039353972,0
https://openalex.org/W2039575312,0
https://openalex.org/W2039649319,0
https://openalex.org/W2039656488,0
https://openalex.org/W2039841038,2
https://openalex.org/W2039907456,0
https://openalex.org/W2040015574,0
https://openalex.org/W2040040267,0
https://openalex.org/W2040156385,4
https://openalex.org/W2040282232,0
https://openalex.org/W2040284951,10
https://openalex.org/W2040476252,0
https://openalex.org/W2040503182,0
https://openalex.org/W2041080008,8
https://openalex.org/W2041133414,0
https://openalex.org/W2041249465,0
https://openalex.org/W2041266537,0
https://openalex.org/W2041385466,1
https://openalex.org/W2041399754,3
https://openalex.org/W2041495358,1
https://openalex.org/W2041554205,0
https://openalex.org/W2041759668,1
https://openalex.org/W2041841943,0
https://openalex.org/W2042074088,0
https://openalex.org/W2042092746,11
https://openalex.org/W2042304954,0
https://openalex.org/W2042336495,0
https://openalex.org/W2042371394,0
https://openalex.org/W2042638102,0
https://openalex.org/W2042733986,0
https://openalex.org/W2042760918,0
https://openalex.org/W2042872506,0
https://openalex.org/W2042926942,0
https://openalex.org/W2042948462,1
https://openalex.org/W2043164977,0
https://openalex.org/W2043425450,8
https://openalex.org/W2043455331,1
https://openalex.org/W2043486796,0
https://openalex.org/W2043571969,0
https://openalex.org/W2043583957,0
https://openalex.org/W2043702860,7
https://openalex.org/W2044136538,0
https://openalex.org/W2044289791,0
https://openalex.org/W2044425328,2
https://openalex.org/W2044432867,0
https://openalex.org/W2044554697,0
https://openalex.org/W2044714302,0
https://openalex.org/W2044790349,5
https://openalex.org/W2044833871,0
https://openalex.org/W2045050415,3
https://openalex.org/W2045180015,0
https://openalex.org/W2045180999,0
https://openalex.org/W2045328421,4
https://openalex.org/W2045340658,0
https://openalex.org/W2045485644,0
https://openalex.org/W2045488301,1
https://openalex.org/W2045655204,1
https://openalex.org/W2045750379,0
https://openalex.org/W2045796517,0
https://openalex.org/W2045805484,4
https://openalex.org/W2045869233,0
https://openalex.org/W2046047307,0
https://openalex.org/W2046204237,0
https://openalex.org/W2046306778,6
https://openalex.org/W2046368088,0
https://openalex.org/W2046491093,0
https://openalex.org/W2046497780,0
https://openalex.org/W2046653781,0
https://openalex.org/W2046974738,0
https://openalex.org/W2047149740,0
https://openalex.org/W2047328133,0
https://openalex.org/W2047358266,0
https://openalex.org/W2047366276,2
https://openalex.org/W2047389433,0
https://openalex.org/W2047398321,0
https://openalex.org/W2047599837,0
https://openalex.org/W2047615687,6
https://openalex.org/W2047883309,10
https://openalex.org/W2047925161,0
https://openalex.org/W2047946490,0
https://openalex.org/W2048097889,0
https://openalex.org/W2048287423,0
https://openalex.org/W2048426851,0
https://openalex.org/W2048526010,0
https://openalex.org/W2049052342,0
https://openalex.org/W2049074085,0
https://openalex.org/W2049108828,1
https://openalex.org/W2049175689,1
https://openalex.org/W2049543215,0
https://openalex.org/W2049753902,0
https://openalex.org/W2049792178,0
https://openalex.org/W2049831013,0
https://openalex.org/W2049895694,0
https://openalex.org/W2050008940,1
https://openalex.org/W2050132836,1
https://openalex.org/W2050166780,0
https://openalex.org/W2050172556,0
https://openalex.org/W2050192473,0
https://openalex.org/W2050280492,0
https://openalex.org/W2050342299,0
https://openalex.org/W2050345753,0
https://openalex.org/W2050612014,8
https://openalex.org/W2050682318,0
https://openalex.org/W2050719102,0
https://openalex.org/W2050825157,0
https://openalex.org/W2050915431,0
https://openalex.org/W2050956131,9
https://openalex.org/W2050981169,3
https://openalex.org/W2051025488,0
https://openalex.org/W2051027958,10
https://openalex.org/W2051131476,0
https://openalex.org/W2051175704,1
https://openalex.org/W2051186976,0
https://openalex.org/W2051365428,0
https://openalex.org/W2051654907,10
https://openalex.org/W2051900834,0
https://openalex.org/W2051907145,0
https://openalex.org/W2052058907,0
https://openalex.org/W2052066503,0
https://openalex.org/W2052144207,0
https://openalex.org/W2052209578,0
https://openalex.org/W2052213112,9
https://openalex.org/W2052224719,0
https://openalex.org/W2052458522,5
https://openalex.org/W2052483894,0
https://openalex.org/W2052734957,0
https://openalex.org/W2052766867,0
https://openalex.org/W2052767490,0
https://openalex.org/W2052837763,0
https://openalex.org/W2053006745,0
https://openalex.org/W2053011769,0
https://openalex.org/W2053035282,0
https://openalex.org/W2053108195,11
https://openalex.org/W2053612594,0
https://openalex.org/W2053766291,0
https://openalex.org/W2054064583,0
https://openalex.org/W2054122946,0
https://openalex.org/W2054124520,0
https://openalex.org/W2054224290,0
https://openalex.org/W2054480470,0
https://openalex.org/W2054516340,0
https://openalex.org/W2054715448,0
https://openalex.org/W2055205013,0
https://openalex.org/W2055432175,2
https://openalex.org/W2055456505,2
https://openalex.org/W2055513487,1
https://openalex.org/W2055593895,4
https://openalex.org/W2055702984,0
https://openalex.org/W2055951521,0
https://openalex.org/W2056043441,0
https://openalex.org/W2056046385,0
https://openalex.org/W2056493144,1
https://openalex.org/W2056493872,0
https://openalex.org/W2056672094,0
https://openalex.org/W2056733705,0
https://openalex.org/W2057036851,8
https://openalex.org/W2057053064,0
https://openalex.org/W2057095399,1
https://openalex.org/W2057167117,0
https://openalex.org/W2057191718,3
https://openalex.org/W2057280625,2
https://openalex.org/W2057345464,3
https://openalex.org/W2057349952,0
https://openalex.org/W2057351182,0
https://openalex.org/W2057351803,0
https://openalex.org/W2057655052,0
https://openalex.org/W2057753645,8
https://openalex.org/W2057779294,0
https://openalex.org/W2057843613,9
https://openalex.org/W2058036525,0
https://openalex.org/W2058221139,0
https://openalex.org/W2058254191,0
https://openalex.org/W2058271778,0
https://openalex.org/W2058342674,0
https://openalex.org/W2058406112,0
https://openalex.org/W2058415152,0
https://openalex.org/W2058422507,0
https://openalex.org/W2058766293,1
https://openalex.org/W2058887968,0
https://openalex.org/W2059056081,0
https://openalex.org/W2059091133,0
https://openalex.org/W2059277612,8
https://openalex.org/W2059440885,0
https://openalex.org/W2059465966,0
https://openalex.org/W2059601599,1
https://openalex.org/W2059611977,1
https://openalex.org/W2059706576,6
https://openalex.org/W2060531155,0
https://openalex.org/W2061077988,0
https://openalex.org/W2061079716,3
https://openalex.org/W2061233104,0
https://openalex.org/W2061377800,0
https://openalex.org/W2061524055,0
https://openalex.org/W2061624712,0
https://openalex.org/W2061781883,6
https://openalex.org/W2061787368,0
https://openalex.org/W2061796218,0
https://openalex.org/W2061825374,0
https://openalex.org/W2061832380,3
https://openalex.org/W2061884027,0
https://openalex.org/W2061956344,0
https://openalex.org/W2062065274,3
https://openalex.org/W2062176249,0
https://openalex.org/W2062196284,1
https://openalex.org/W2062268135,3
https://openalex.org/W2062269398,3
https://openalex.org/W2062277106,0
https://openalex.org/W2062403587,0
https://openalex.org/W2062563834,0
https://openalex.org/W2062733189,0
https://openalex.org/W2062775199,0
https://openalex.org/W2062928390,0
https://openalex.org/W2062974187,9
https://openalex.org/W2062991844,0
https://openalex.org/W2062996534,0
https://openalex.org/W2063100425,0
https://openalex.org/W2063108116,0
https://openalex.org/W2063161501,7
https://openalex.org/W2063200338,0
https://openalex.org/W2063232323,1
https://openalex.org/W2063244724,8
https://openalex.org/W2063318439,3
https://openalex.org/W2063393038,1
https://openalex.org/W2063566599,0
https://openalex.org/W2063566827,0
https://openalex.org/W2063584719,6
https://openalex.org/W2063654817,0
https://openalex.org/W2063679870,0
https://openalex.org/W2064091094,6
https://openalex.org/W2064139436,0
https://openalex.org/W2064163144,0
https://openalex.org/W2064729942,0
https://openalex.org/W2064802716,6
https://openalex.org/W2064817194,1
https://openalex.org/W2065006755,0
https://openalex.org/W2065145736,0
https://openalex.org/W2065179775,0
https://openalex.org/W2065360535,2
https://openalex.org/W2065375863,2
https://openalex.org/W2065455571,1
https://openalex.org/W2065674069,1
https://openalex.org/W2065717779,0
https://openalex.org/W2066023154,0
https://openalex.org/W2066103542,0
https://openalex.org/W2066178638,0
https://openalex.org/W2066659825,4
https://openalex.org/W2066879255,0
https://openalex.org/W2067108011,1
https://openalex.org/W2067206337,0
https://openalex.org/W2067275569,0
https://openalex.org/W2067329850,0
https://openalex.org/W2067668080,3
https://openalex.org/W2067767241,6
https://openalex.org/W2067889769,4
https://openalex.org/W2068068438,2
https://openalex.org/W2068159649,5
https://openalex.org/W2068246688,0
https://openalex.org/W2068358256,0
https://openalex.org/W2068420430,0
https://openalex.org/W2068524631,0
https://openalex.org/W2068748518,0
https://openalex.org/W2068780868,0
https://openalex.org/W2068800722,0
https://openalex.org/W2068902651,1
https://openalex.org/W2069054953,0
https://openalex.org/W2069075640,7
https://openalex.org/W2069100305,12
https://openalex.org/W2069139825,5
https://openalex.org/W2069275215,0
https://openalex.org/W2069379173,0
https://openalex.org/W2069511006,0
https://openalex.org/W2069540391,0
https://openalex.org/W2069551920,0
https://openalex.org/W2069631046,2
https://openalex.org/W2069688249,10
https://openalex.org/W2069695899,1
https://openalex.org/W2069706734,3
https://openalex.org/W2069867706,0
https://openalex.org/W2069944242,0
https://openalex.org/W2070040037,0
https://openalex.org/W2070166389,0
https://openalex.org/W2070178456,0
https://openalex.org/W2070318074,1
https://openalex.org/W2070411660,0
https://openalex.org/W2070483498,3
https://openalex.org/W2070511540,0
https://openalex.org/W2070684192,0
https://openalex.org/W2070768982,0
https://openalex.org/W2070830136,0
https://openalex.org/W2070853178,0
https://openalex.org/W2070968380,4
https://openalex.org/W2071010363,0
https://openalex.org/W2071051189,0
https://openalex.org/W2071065085,0
https://openalex.org/W2071226225,0
https://openalex.org/W2071258161,0
https://openalex.org/W2071278734,0
https://openalex.org/W2071326002,6
https://openalex.org/W2071408060,0
https://openalex.org/W2071443899,9
https://openalex.org/W2071693518,4
https://openalex.org/W2071760843,9
https://openalex.org/W2071791926,0
https://openalex.org/W2071973000,1
https://openalex.org/W2072041116,0
https://openalex.org/W2072344347,0
https://openalex.org/W2072398075,11
https://openalex.org/W2072428106,2
https://openalex.org/W207245482,0
https://openalex.org/W2072562607,0
https://openalex.org/W2072600780,1
https://openalex.org/W2072650225,5
https://openalex.org/W2072747741,0
https://openalex.org/W2072835069,0
https://openalex.org/W2072919920,4
https://openalex.org/W2072938795,0
https://openalex.org/W2073048552,0
https://openalex.org/W2073079981,11
https://openalex.org/W2073116698,0
https://openalex.org/W2073480450,10
https://openalex.org/W2073524791,0
https://openalex.org/W2073568220,0
https://openalex.org/W2073956874,2
https://openalex.org/W2074317619,0
https://openalex.org/W2074320593,0
https://openalex.org/W2074441423,8
https://openalex.org/W2074564286,0
https://openalex.org/W2074608801,0
https://openalex.org/W2074836608,0
https://openalex.org/W2074895359,0
https://openalex.org/W2075007523,3
https://openalex.org/W2075111879,0
https://openalex.org/W2075424456,0
https://openalex.org/W2075555902,0
https://openalex.org/W2075557454,0
https://openalex.org/W2075645594,0
https://openalex.org/W2075667278,0
https://openalex.org/W2075689907,0
https://openalex.org/W2075878041,0
https://openalex.org/W2075883386,0
https://openalex.org/W2075908161,0
https://openalex.org/W2075912427,4
https://openalex.org/W2075964688,1
https://openalex.org/W2075987970,0
https://openalex.org/W2076136113,3
https://openalex.org/W2076221593,0
https://openalex.org/W2076352631,0
https://openalex.org/W2076376877,0
https://openalex.org/W2076403930,3
https://openalex.org/W2076415323,2
https://openalex.org/W2076452646,1
https://openalex.org/W2076489685,0
https://openalex.org/W2076675476,0
https://openalex.org/W2076716399,8
https://openalex.org/W2076864102,3
https://openalex.org/W2076905752,0
https://openalex.org/W2077006731,6
https://openalex.org/W2077049604,0
https://openalex.org/W2077062538,0
https://openalex.org/W2077065269,0
https://openalex.org/W2077070139,0
https://openalex.org/W2077113097,0
https://openalex.org/W2077171392,0
https://openalex.org/W2077496952,0
https://openalex.org/W2077553600,7
https://openalex.org/W2077614495,1
https://openalex.org/W2077677227,0
https://openalex.org/W2077679469,5
https://openalex.org/W2077894861,0
https://openalex.org/W2078001694,0
https://openalex.org/W2078083500,0
https://openalex.org/W2078176974,1
https://openalex.org/W2078263230,0
https://openalex.org/W2078293357,1
https://openalex.org/W2078319271,10
https://openalex.org/W2078550053,1
https://openalex.org/W2078861244,8
https://openalex.org/W2078884994,0
https://openalex.org/W2078934558,0
https://openalex.org/W2079097983,0
https://openalex.org/W2079105967,0
https://openalex.org/W2079218308,0
https://openalex.org/W2079323349,10
https://openalex.org/W2079396799,0
https://openalex.org/W2079445333,0
https://openalex.org/W2079549265,0
https://openalex.org/W2079587834,0
https://openalex.org/W2079656493,9
https://openalex.org/W2079684318,0
https://openalex.org/W2079792481,0
https://openalex.org/W2079855650,0
https://openalex.org/W2079935922,0
https://openalex.org/W2080088950,0
https://openalex.org/W2080090456,0
https://openalex.org/W2080093770,0
https://openalex.org/W2080120874,0
https://openalex.org/W2080134701,0
https://openalex.org/W2080140661,0
https://openalex.org/W2080183726,0
https://openalex.org/W2080213831,5
https://openalex.org/W2080275009,0
https://openalex.org/W2080394822,0
https://openalex.org/W2080433840,1
https://openalex.org/W2080573397,0
https://openalex.org/W2080856627,0
https://openalex.org/W2080905095,6
https://openalex.org/W2081059758,4
https://openalex.org/W2081066268,0
https://openalex.org/W2081076708,0
https://openalex.org/W2081214476,0
https://openalex.org/W2081260362,0
https://openalex.org/W2081296302,2
https://openalex.org/W2081297644,5
https://openalex.org/W2081564062,0
https://openalex.org/W2081576750,1
https://openalex.org/W2081651386,0
https://openalex.org/W2081798406,1
https://openalex.org/W2081852743,0
https://openalex.org/W2081875929,2
https://openalex.org/W2081983781,1
https://openalex.org/W2082025758,5
https://openalex.org/W2082040414,0
https://openalex.org/W2082081769,0
https://openalex.org/W2082093068,0
https://openalex.org/W2082139209,0
https://openalex.org/W2082183654,2
https://openalex.org/W2082223296,0
https://openalex.org/W2082301910,0
https://openalex.org/W2082579833,0
https://openalex.org/W2082751499,2
https://openalex.org/W2082783191,6
https://openalex.org/W2082850053,5
https://openalex.org/W2083245898,1
https://openalex.org/W2083649716,0
https://openalex.org/W2083695268,0
https://openalex.org/W2083754224,0
https://openalex.org/W2084166352,0
https://openalex.org/W2084216179,0
https://openalex.org/W2084240991,3
https://openalex.org/W2084346782,7
https://openalex.org/W2084703760,0
https://openalex.org/W2084733308,0
https://openalex.org/W2084768086,2
https://openalex.org/W2084803972,0
https://openalex.org/W2084856515,1
https://openalex.org/W2084924967,5
https://openalex.org/W2085043535,0
https://openalex.org/W2085312714,7
https://openalex.org/W2085332734,0
https://openalex.org/W2085450926,2
https://openalex.org/W2085516454,0
https://openalex.org/W2085702360,0
https://openalex.org/W2085775137,0
https://openalex.org/W2086101105,0
https://openalex.org/W2086504829,0
https://openalex.org/W2086911261,1
https://openalex.org/W2086919084,0
https://openalex.org/W2087217377,0
https://openalex.org/W2087286107,0
https://openalex.org/W2087304150,0
https://openalex.org/W2087436720,0
https://openalex.org/W2087439717,11
https://openalex.org/W2087499742,1
https://openalex.org/W2087647435,0
https://openalex.org/W2087707641,0
https://openalex.org/W2087905139,0
https://openalex.org/W2087920779,0
https://openalex.org/W2088065944,2
https://openalex.org/W2088150361,0
https://openalex.org/W2088234911,0
https://openalex.org/W2088301479,0
https://openalex.org/W2088363755,8
https://openalex.org/W2088661135,0
https://openalex.org/W2088831413,0
https://openalex.org/W2088893711,6
https://openalex.org/W2088894301,0
https://openalex.org/W2088994820,0
https://openalex.org/W2089068121,2
https://openalex.org/W2089212539,4
https://openalex.org/W2089262023,0
https://openalex.org/W2089267577,0
https://openalex.org/W2089403234,0
https://openalex.org/W2089425242,0
https://openalex.org/W2089470889,0
https://openalex.org/W2089594960,0
https://openalex.org/W2089618271,3
https://openalex.org/W2089647894,0
https://openalex.org/W2089660656,1
https://openalex.org/W2089697141,0
https://openalex.org/W2089843487,1
https://openalex.org/W2090007240,0
https://openalex.org/W2090414972,0
https://openalex.org/W2090712730,0
https://openalex.org/W2090751193,0
https://openalex.org/W2090752345,0
https://openalex.org/W2090767044,0
https://openalex.org/W2090852221,0
https://openalex.org/W2090993656,0
https://openalex.org/W2091136761,2
https://openalex.org/W2091141053,0
https://openalex.org/W2091168080,6
https://openalex.org/W2091174314,0
https://openalex.org/W2091209592,8
https://openalex.org/W2091275656,0
https://openalex.org/W2091457174,0
https://openalex.org/W2091526600,12
https://openalex.org/W2091676029,0
https://openalex.org/W2091809857,0
https://openalex.org/W2091841386,0
https://openalex.org/W2092116307,12
https://openalex.org/W2092174991,1
https://openalex.org/W2092186132,12
https://openalex.org/W2092235032,0
https://openalex.org/W2092238643,0
https://openalex.org/W2092312612,0
https://openalex.org/W2092405968,0
https://openalex.org/W2092443239,3
https://openalex.org/W2092825147,0
https://openalex.org/W2092985594,0
https://openalex.org/W2093010646,0
https://openalex.org/W2093292800,4
https://openalex.org/W2093822232,0
https://openalex.org/W2094012071,0
https://openalex.org/W2094015181,0
https://openalex.org/W2094054185,1
https://openalex.org/W2094100331,0
https://openalex.org/W2094161093,7
https://openalex.org/W2094748126,0
https://openalex.org/W2094762672,0
https://openalex.org/W2094980996,8
https://openalex.org/W2095070006,0
https://openalex.org/W2095076133,1
https://openalex.org/W2095131345,1
https://openalex.org/W2095307558,0
https://openalex.org/W2095461030,0
https://openalex.org/W2095472534,0
https://openalex.org/W2095547438,1
https://openalex.org/W2095744250,0
https://openalex.org/W2095744706,0
https://openalex.org/W2095758864,1
https://openalex.org/W2095792714,0
https://openalex.org/W2095861045,1
https://openalex.org/W2095983507,0
https://openalex.org/W2096094315,0
https://openalex.org/W2096097699,0
https://openalex.org/W2096200516,3
https://openalex.org/W2096239454,0
https://openalex.org/W2096718245,0
https://openalex.org/W2096758970,0
https://openalex.org/W2096897763,3
https://openalex.org/W2097155621,0
https://openalex.org/W2097165586,2
https://openalex.org/W2097290812,0
https://openalex.org/W2097649460,6
https://openalex.org/W2097819406,0
https://openalex.org/W2097959590,0
https://openalex.org/W2098177038,5
https://openalex.org/W2098316491,0
https://openalex.org/W2098660565,4
https://openalex.org/W2098821744,0
https://openalex.org/W2099365066,0
https://openalex.org/W2099613881,0
https://openalex.org/W2100573451,1
https://openalex.org/W2100664278,3
https://openalex.org/W2100783576,0
https://openalex.org/W2101735455,1
https://openalex.org/W2101740275,3
https://openalex.org/W2101786234,0
https://openalex.org/W2101791334,3
https://openalex.org/W2102475620,0
https://openalex.org/W2102745666,2
https://openalex.org/W2102752206,1
https://openalex.org/W2102758059,9
https://openalex.org/W2103665592,0
https://openalex.org/W2103712456,0
https://openalex.org/W2103743998,1
https://openalex.org/W2103832033,0
https://openalex.org/W2103870187,3
https://openalex.org/W2104044638,0
https://openalex.org/W2104065472,0
https://openalex.org/W2104098663,1
https://openalex.org/W2104137495,0
https://openalex.org/W2104297431,1
https://openalex.org/W2104431334,0
https://openalex.org/W2104757691,2
https://openalex.org/W2104910153,0
https://openalex.org/W2105034096,3
https://openalex.org/W2105217490,9
https://openalex.org/W2105637838,0
https://openalex.org/W2105706231,0
https://openalex.org/W2106062935,9
https://openalex.org/W2106108313,1
https://openalex.org/W2106248449,3
https://openalex.org/W2106744033,0
https://openalex.org/W2106765110,0
https://openalex.org/W2106950236,0
https://openalex.org/W2107107082,1
https://openalex.org/W2107118980,8
https://openalex.org/W2107483579,0
https://openalex.org/W2107690627,0
https://openalex.org/W2107880387,0
https://openalex.org/W2108692972,0
https://openalex.org/W2108782729,0
https://openalex.org/W2108844438,7
https://openalex.org/W2108873129,0
https://openalex.org/W2109396803,4
https://openalex.org/W2109788558,0
https://openalex.org/W2109893126,3
https://openalex.org/W2110018436,7
https://openalex.org/W2110285583,8
https://openalex.org/W2110486552,0
https://openalex.org/W2110493987,0
https://openalex.org/W2110745310,0
https://openalex.org/W2110803558,0
https://openalex.org/W2111156090,0
https://openalex.org/W2111271924,10
https://openalex.org/W2111329023,0
https://openalex.org/W2111351023,0
https://openalex.org/W2111542036,4
https://openalex.org/W2111567137,0
https://openalex.org/W2111852263,0
https://openalex.org/W2111903321,2
https://openalex.org/W2112003372,0
https://openalex.org/W2112116751,0
https://openalex.org/W2112486777,0
https://openalex.org/W2112864234,0
https://openalex.org/W2113095282,0
https://openalex.org/W2113231897,4
https://openalex.org/W2113626674,2
https://openalex.org/W2113638688,2
https://openalex.org/W2114028937,0
https://openalex.org/W2114033705,0
https://openalex.org/W2114153514,0
https://openalex.org/W2114385776,2
https://openalex.org/W2114395454,0
https://openalex.org/W2114478907,4
https://openalex.org/W2114645742,1
https://openalex.org/W2114689011,0
https://openalex.org/W2114975299,3
https://openalex.org/W2115166144,12
https://openalex.org/W2115202211,0
https://openalex.org/W2115304243,12
https://openalex.org/W2115580267,0
https://openalex.org/W2115771556,0
https://openalex.org/W2115847781,0
https://openalex.org/W2116030510,3
https://openalex.org/W2116237184,0
https://openalex.org/W2116387115,1
https://openalex.org/W2116806956,0
https://openalex.org/W2116849266,1
https://openalex.org/W2117013007,0
https://openalex.org/W2117228974,0
https://openalex.org/W2117564543,2
https://openalex.org/W2117688200,1
https://openalex.org/W2118186909,0
https://openalex.org/W2118475123,3
https://openalex.org/W2118638860,0
https://openalex.org/W2118683229,0
https://openalex.org/W2119353054,2
https://openalex.org/W2119419353,0
https://openalex.org/W2119945560,0
https://openalex.org/W2119981469,11
https://openalex.org/W2120205148,0
https://openalex.org/W2120310725,6
https://openalex.org/W2120634176,4
https://openalex.org/W2120780219,0
https://openalex.org/W2120988599,0
https://openalex.org/W2121001699,0
https://openalex.org/W2121068422,0
https://openalex.org/W2121146081,0
https://openalex.org/W2121343222,0
https://openalex.org/W2121583048,0
https://openalex.org/W2121642713,10
https://openalex.org/W2121691123,1
https://openalex.org/W2121750334,0
https://openalex.org/W2122201615,2
https://openalex.org/W2122585464,0
https://openalex.org/W2122632777,0
https://openalex.org/W2122783654,0
https://openalex.org/W2123219370,0
https://openalex.org/W2123233170,0
https://openalex.org/W2123486216,12
https://openalex.org/W2123502675,0
https://openalex.org/W2123891684,0
https://openalex.org/W2123973720,0
https://openalex.org/W2124244656,0
https://openalex.org/W2124532131,0
https://openalex.org/W2124652172,0
https://openalex.org/W2124826360,0
https://openalex.org/W2125044414,0
https://openalex.org/W2125055451,0
https://openalex.org/W2125120454,6
https://openalex.org/W2125133816,0
https://openalex.org/W2125247608,1
https://openalex.org/W2125507866,0
https://openalex.org/W2125708845,2
https://openalex.org/W2125761333,8
https://openalex.org/W2125893832,0
https://openalex.org/W2125899152,0
https://openalex.org/W2125901756,0
https://openalex.org/W2126159440,0
https://openalex.org/W2127019654,1
https://openalex.org/W2127054880,0
https://openalex.org/W2127451964,2
https://openalex.org/W2127653227,3
https://openalex.org/W2127759254,5
https://openalex.org/W2127831345,1
https://openalex.org/W2127853968,6
https://openalex.org/W2128197834,7
https://openalex.org/W2128238322,0
https://openalex.org/W2128301971,7
https://openalex.org/W2128795557,1
https://openalex.org/W2128863381,0
https://openalex.org/W2129511927,0
https://openalex.org/W2129930794,0
https://openalex.org/W2130098930,10
https://openalex.org/W2130469854,0
https://openalex.org/W2130925823,0
https://openalex.org/W2131021961,0
https://openalex.org/W2132099799,1
https://openalex.org/W2132267434,0
https://openalex.org/W2132616110,1
https://openalex.org/W2132950535,7
https://openalex.org/W2132960397,0
https://openalex.org/W2133245104,7
https://openalex.org/W2133254841,0
https://openalex.org/W2133259689,0
https://openalex.org/W2133397258,0
https://openalex.org/W2133447956,0
https://openalex.org/W2133522855,1
https://openalex.org/W2134830953,3
https://openalex.org/W2135298404,0
https://openalex.org/W2135624424,0
https://openalex.org/W2135678475,9
https://openalex.org/W2135795915,0
https://openalex.org/W2136428959,0
https://openalex.org/W2136722082,2
https://openalex.org/W2136734842,2
https://openalex.org/W2136812419,0
https://openalex.org/W2137213116,0
https://openalex.org/W2137227356,0
https://openalex.org/W2138122541,10
https://openalex.org/W2138172433,0
https://openalex.org/W2138270527,0
https://openalex.org/W2138336715,0
https://openalex.org/W2138383851,0
https://openalex.org/W2138384271,1
https://openalex.org/W2138470414,0
https://openalex.org/W2138709376,0
https://openalex.org/W2138865281,1
https://openalex.org/W2138996428,0
https://openalex.org/W2139055385,0
https://openalex.org/W2139423418,0
https://openalex.org/W2139737871,5
https://openalex.org/W2139969605,1
https://openalex.org/W2140269608,0
https://openalex.org/W2140391260,11
https://openalex.org/W2141106272,6
https://openalex.org/W2141190133,0
https://openalex.org/W2141244999,5
https://openalex.org/W2141307728,0
https://openalex.org/W2141599211,0
https://openalex.org/W2141848402,5
https://openalex.org/W2141849885,0
https://openalex.org/W2142009669,0
https://openalex.org/W2142015838,0
https://openalex.org/W2142016804,0
https://openalex.org/W2142154335,1
https://openalex.org/W2142300264,6
https://openalex.org/W2142481079,1
https://openalex.org/W2142713749,0
https://openalex.org/W2142866859,0
https://openalex.org/W2142908656,0
https://openalex.org/W2142949458,1
https://openalex.org/W2142996576,0
https://openalex.org/W2143207899,1
https://openalex.org/W2143254843,9
https://openalex.org/W2143349636,0
https://openalex.org/W2143944645,1
https://openalex.org/W2144032325,3
https://openalex.org/W2144150527,4
https://openalex.org/W2144328754,0
https://openalex.org/W2144380166,0
https://openalex.org/W2144564499,5
https://openalex.org/W2145021319,2
https://openalex.org/W2145321838,2
https://openalex.org/W2145474900,4
https://openalex.org/W2145551722,6
https://openalex.org/W2145678281,0
https://openalex.org/W2145686722,0
https://openalex.org/W2146036952,6
https://openalex.org/W2146473823,0
https://openalex.org/W2146548516,1
https://openalex.org/W2146695999,1
https://openalex.org/W2147059402,2
https://openalex.org/W2147174122,0
https://openalex.org/W2147205300,0
https://openalex.org/W2147314063,1
https://openalex.org/W2147389687,7
https://openalex.org/W2147764905,11
https://openalex.org/W2147818984,0
https://openalex.org/W2147899005,0
https://openalex.org/W2148129444,0
https://openalex.org/W2148140107,1
https://openalex.org/W2148460438,0
https://openalex.org/W2148513758,0
https://openalex.org/W2148615270,3
https://openalex.org/W2148673076,0
https://openalex.org/W2148793842,0
https://openalex.org/W2148864034,0
https://openalex.org/W2149142441,0
https://openalex.org/W2149534432,2
https://openalex.org/W2150137766,0
https://openalex.org/W2150521608,0
https://openalex.org/W2150811752,0
https://openalex.org/W2150979342,1
https://openalex.org/W2151147856,12
https://openalex.org/W2151304540,0
https://openalex.org/W2151306413,7
https://openalex.org/W2151454265,0
https://openalex.org/W2151672063,1
https://openalex.org/W2151700377,7
https://openalex.org/W2151869210,6
https://openalex.org/W2152054214,0
https://openalex.org/W2152292327,9
https://openalex.org/W2152671917,0
https://openalex.org/W2152992662,0
https://openalex.org/W2153096715,0
https://openalex.org/W2153224800,12
https://openalex.org/W2153263044,0
https://openalex.org/W2153421399,2
https://openalex.org/W2153555446,2
https://openalex.org/W2153878212,0
https://openalex.org/W2154216517,0
https://openalex.org/W2154655649,0
https://openalex.org/W2155557857,1
https://openalex.org/W2155698279,0
https://openalex.org/W2156154042,0
https://openalex.org/W2156232009,5
https://openalex.org/W2156382411,0
https://openalex.org/W2156445140,1
https://openalex.org/W2156671938,7
https://openalex.org/W2156820191,0
https://openalex.org/W2156822152,7
https://openalex.org/W2157046290,0
https://openalex.org/W2157226692,0
https://openalex.org/W2157488561,0
https://openalex.org/W2157563018,2
https://openalex.org/W2157684454,1
https://openalex.org/W2157785021,0
https://openalex.org/W2158000828,0
https://openalex.org/W2158023171,0
https://openalex.org/W2158160664,11
https://openalex.org/W2158224952,9
https://openalex.org/W2158382349,0
https://openalex.org/W2158467407,4
https://openalex.org/W2158927397,3
https://openalex.org/W2158930162,0
https://openalex.org/W2159018343,1
https://openalex.org/W2159165611,0
https://openalex.org/W2159346960,9
https://openalex.org/W2159448391,10
https://openalex.org/W2159507124,1
https://openalex.org/W2159707428,0
https://openalex.org/W2159768762,0
https://openalex.org/W2159844393,7
https://openalex.org/W2160138254,1
https://openalex.org/W2160157980,0
https://openalex.org/W2160164336,7
https://openalex.org/W2160243112,0
https://openalex.org/W2160298398,0
https://openalex.org/W2160447490,0
https://openalex.org/W2160572476,0
https://openalex.org/W2160791177,0
https://openalex.org/W2160810972,0
https://openalex.org/W2161138149,3
https://openalex.org/W2161251700,0
https://openalex.org/W2161345026,0
https://openalex.org/W2161412552,5
https://openalex.org/W2161471882,0
https://openalex.org/W2161887026,0
https://openalex.org/W2161887515,0
https://openalex.org/W2161955891,0
https://openalex.org/W2162028666,3
https://openalex.org/W2162247792,0
https://openalex.org/W2162258520,0
https://openalex.org/W2162522707,0
https://openalex.org/W2162598075,0
https://openalex.org/W2162645613,2
https://openalex.org/W2162686386,0
https://openalex.org/W2162721454,0
https://openalex.org/W2163174228,3
https://openalex.org/W2163234144,10
https://openalex.org/W2163266727,0
https://openalex.org/W2163392396,0
https://openalex.org/W2163629237,1
https://openalex.org/W2163834675,5
https://openalex.org/W2164016869,0
https://openalex.org/W2164633167,0
https://openalex.org/W2164935846,0
https://openalex.org/W2164938374,0
https://openalex.org/W2165000666,3
https://openalex.org/W2165409286,0
https://openalex.org/W2165570190,0
https://openalex.org/W2166095146,1
https://openalex.org/W2166116069,1
https://openalex.org/W2166171755,0
https://openalex.org/W2166374244,0
https://openalex.org/W2166574310,0
https://openalex.org/W2166705228,0
https://openalex.org/W2166775424,4
https://openalex.org/W2167043875,1
https://openalex.org/W2167824164,0
https://openalex.org/W2167878304,0
https://openalex.org/W2168194054,2
https://openalex.org/W2168356231,6
https://openalex.org/W2168413361,8
https://openalex.org/W2168576776,10
https://openalex.org/W2169321242,0
https://openalex.org/W2169341591,3
https://openalex.org/W2169833630,0
https://openalex.org/W2169849920,0
https://openalex.org/W2169893880,0
https://openalex.org/W2169939339,0
https://openalex.org/W2170047729,0
https://openalex.org/W2170536688,0
https://openalex.org/W2170748507,0
https://openalex.org/W2170894436,0
https://openalex.org/W2171042519,7
https://openalex.org/W2171054300,1
https://openalex.org/W2171121560,0
https://openalex.org/W2171218253,0
https://openalex.org/W2171254687,0
https://openalex.org/W2171823925,0
https://openalex.org/W2173243838,0
https://openalex.org/W2178006028,0
https://openalex.org/W2181383840,0
https://openalex.org/W218259764,0
https://openalex.org/W2182750623,0
https://openalex.org/W2183606000,0
https://openalex.org/W2185496632,4
https://openalex.org/W2186168486,1
https://openalex.org/W2186693368,10
https://openalex.org/W2186783827,2
https://openalex.org/W2187011254,0
https://openalex.org/W2187267437,5
https://openalex.org/W2187606176,0
https://openalex.org/W2188487988,0
https://openalex.org/W2189089826,0
https://openalex.org/W2216185860,0
https://openalex.org/W2232752356,3
https://openalex.org/W2233985917,0
https://openalex.org/W2235030978,2
https://openalex.org/W2236347344,0
https://openalex.org/W2245467532,0
https://openalex.org/W2279399022,1
https://openalex.org/W2288602237,0
https://openalex.org/W2314589423,3
https://openalex.org/W2314961792,9
https://openalex.org/W2315926873,2
https://openalex.org/W2317256683,0
https://openalex.org/W2317765138,0
https://openalex.org/W2318722423,0
https://openalex.org/W2319761257,0
https://openalex.org/W2320600175,0
https://openalex.org/W2320939199,8
https://openalex.org/W2321027578,0
https://openalex.org/W2321806535,2
https://openalex.org/W2321916902,0
https://openalex.org/W2326922462,0
https://openalex.org/W2328380421,1
https://openalex.org/W2328782514,0
https://openalex.org/W2328791375,9
https://openalex.org/W2332581776,1
https://openalex.org/W2334038599,0
https://openalex.org/W240059865,0
https://openalex.org/W2415217864,1
https://openalex.org/W2416039488,0
https://openalex.org/W2468406189,9
https://openalex.org/W250232057,0
https://openalex.org/W2514639294,1
https://openalex.org/W2524573364,1
https://openalex.org/W2560626320,0
https://openalex.org/W2580944599,0
https://openalex.org/W2587988749,0
https://openalex.org/W2588997638,0
https://openalex.org/W2592731345,0
https://openalex.org/W25936508,0
https://openalex.org/W2613187142,0
https://openalex.org/W265556720,0
https://openalex.org/W272410784,11
https://openalex.org/W2766881448,0
https://openalex.org/W2767576557,1
https://openalex.org/W279672731,1
https://openalex.org/W2802410694,1
https://openalex.org/W2892155523,0
https://openalex.org/W2915944924,0
https://openalex.org/W2918152315,0
https://openalex.org/W2955741109,3
https://openalex.org/W3020131824,0
https://openalex.org/W3022296297,0
https://openalex.org/W3023653245,0
https://openalex.org/W3096460001,3
https://openalex.org/W3121232493,8
https://openalex.org/W3121494557,1
https://openalex.org/W3121572695,7
https://openalex.org/W3121698665,0
https://openalex.org/W3121775245,0
https://openalex.org/W3121961800,1
https://openalex.org/W3122125135,4
https://openalex.org/W3122239287,0
https://openalex.org/W3122262501,0
https://openalex.org/W3122386974,0
https://openalex.org/W3122500882,0
https://openalex.org/W3122520148,1
https://openalex.org/W3122708725,0
https://openalex.org/W3122808522,5
https://openalex.org/W3122823832,0
https://openalex.org/W3122894683,0
https://openalex.org/W3123018664,2
https://openalex.org/W3123021504,0
https://openalex.org/W3123027312,0
https://openalex.org/W3123082030,0
https://openalex.org/W3123259623,0
https://openalex.org/W3123363322,0
https://openalex.org/W3123428239,0
https://openalex.org/W3123456988,2
https://openalex.org/W3123728398,3
https://openalex.org/W3123739111,1
https://openalex.org/W3123970308,0
https://openalex.org/W3124137655,0
https://openalex.org/W3124160574,0
https://openalex.org/W3124575759,0
https://openalex.org/W3124836727,0
https://openalex.org/W3124887442,0
https://openalex.org/W3125383185,3
https://openalex.org/W3125390506,0
https://openalex.org/W3125460052,0
https://openalex.org/W3125613033,0
https://openalex.org/W3125638770,0
https://openalex.org/W3125841713,0
https://openalex.org/W3125907536,0
https://openalex.org/W3126016191,0
https://openalex.org/W3145748671,0
https://openalex.org/W3168167983,0
https://openalex.org/W3187412403,0
https://openalex.org/W347501854,0
https://openalex.org/W40525639,0
https://openalex.org/W4229809439,0
https://openalex.org/W4231579436,1
https://openalex.org/W4233867040,0
https://openalex.org/W4234530292,9
https://openalex.org/W4236797067,0
https://openalex.org/W4239695544,7
https://openalex.org/W4240044889,8
https://openalex.org/W4241957989,0
https://openalex.org/W4244078212,0
https://openalex.org/W4247493439,12
https://openalex.org/W4249111144,12
https://openalex.org/W4251385712,0
https://openalex.org/W4253352393,0
https://openalex.org/W4255902136,3
https://openalex.org/W47658217,1
https://openalex.org/W51587516,1
https://openalex.org/W51618806,3
https://openalex.org/W70747502,1
https://openalex.org/W73810283,0
